url,url_length,domain_length,has_https,count_dots,count_digits,count_hyphens,count_special_chars,subdomain_count,has_ip,is_shortened,suspicious_keywords,tld_suspicious,has_at_symbol,label
https://www.github.com/about,29,12,1,2,0,2,0,0,0,0,0,0,0,0
http://84.220.88.26/webscr/index.php?session=537448,53,12,0,3,16,0,4,2,1,0,3,0,0,1
https://www.hdfcbank.com/about,31,16,1,4,2,1,0,2,0,0,1,0,0,0
https://mit.edu/products,22,8,1,0,0,0,0,2,0,0,0,0,0,0
http://amaz0n.work/update-confirm.html?id=7435,47,10,0,4,7,1,4,0,0,0,4,1,0,1
https://www.linkedin.com/home,28,14,1,3,0,2,2,0,0,0,1,0,0,0
https://www.bbc.com/docs/api,26,12,1,0,0,2,1,1,0,0,1,0,0,0
https://www.amazon.com/blog/2024/article,42,15,1,0,6,2,2,0,0,0,1,0,0,0
https://docs.linkedin.com/about,30,17,1,3,1,0,0,0,0,0,2,0,0,0
https://stackoverflow.com/contact,35,16,1,2,2,2,2,0,0,0,0,0,0,0
http://paypal-secure-23xvx71o440pgbopi3.ga/secure/23xvx71o440pgbopi3,68,37,0,0,17,0,1,2,0,0,2,1,0,1
https://static-assets.reddit.com/session/d1fpe60qraq?ref=306&track=1,67,25,1,1,6,2,5,2,0,1,1,0,0,0
https://www.geeksforgeeks.org/about,37,22,1,4,2,1,1,1,0,0,0,0,0,0
https://en.nytimes.com/blog/2024/article,38,13,1,4,5,0,2,0,0,0,0,0,0,0
http://paypa1.top/signin-confirm.html?id=99485,44,12,0,0,5,0,0,2,0,0,2,1,0,1
https://cdn.geeksforgeeks.org/session/6yo6z1t2?ref=651&track=1,60,19,1,4,6,0,4,0,0,0,0,0,0,0
https://www.github.com/home,29,12,1,4,0,0,0,2,0,0,0,0,0,0
http://goo.gl/1297xz,18,5,0,0,6,0,2,1,0,1,1,0,0,1
https://en.github.com/user/profile,32,12,1,3,2,0,0,3,0,0,1,0,0,0
https://www.amazon.com/blog/2024/article,38,14,1,3,4,2,1,3,0,0,1,0,0,0
https://www.irctc.co.in/docs/api,34,16,1,4,0,0,0,2,0,0,0,0,0,0
http://166.114.58.76/update/index.php?session=812959,54,15,0,2,17,0,4,1,1,0,0,0,0,1
http://account-verify.icicibank-secure.work/account-verify.php,61,37,0,3,1,4,0,0,0,0,4,1,0,1
https://static-assets.nytimes.com/session/o164fldaa1fwt9ua09w1?ref=345&track=1,79,24,1,3,11,0,5,2,0,0,1,0,0,0
http://146.167.71.176/update/index.php?session=757255,52,12,0,6,18,0,4,1,1,0,1,0,0,1
http://sbi-confirm-password-gm2naia1ctan47a7tb8bioi4netx.ga/confirm-password/gm2naia1ctan47a7tb8bioi4netx,105,51,0,3,15,4,0,0,0,0,3,1,0,1
https://docs.hdfcbank.com/home,28,19,1,1,1,0,0,0,0,0,3,0,0,0
https://netflix-confirm-password.info/confirm-password,52,30,1,3,0,3,1,0,0,0,0,1,0,1
http://bit.ly/9419xz,21,8,0,1,3,0,1,1,0,1,0,0,0,1
http://amazon-webscr-djm39arwd1bqfeto.tk/webscr/djm39arwd1bqfeto,63,33,0,0,8,3,0,0,0,0,0,1,0,1
https://icicibank-login.cf/login,31,18,1,1,0,0,2,0,0,0,4,1,0,1
http://signin.amazon-update.xyz/signin.php,41,23,0,2,0,0,0,2,0,0,2,1,0,1
http://verify.amazon-update.gq/verify.php,40,23,0,1,2,1,2,0,0,0,1,1,0,1
https://www.microsoft.com/user/profile,38,17,1,2,1,0,0,1,0,1,1,0,0,0
https://docs.python.org/course/aiml,35,15,1,2,0,2,0,2,0,0,0,0,0,0
https://www.python.org/products,29,12,1,2,0,0,1,0,0,0,2,0,0,0
http://update.icicibank-support.ml/update.php,46,28,0,3,1,0,2,1,0,0,1,1,0,1
https://user-portal.reddit.com/session/ylpw71v4kfiwke?ref=314&track=1,71,24,1,1,9,1,5,0,0,1,0,0,0,0
http://amaz0n.top/bank-account-confirm.html?id=44191,52,8,0,2,7,3,4,2,0,0,3,1,0,1
https://api-v2.reddit.com/session/wbj9uu2bl7a?ref=869&track=1,63,17,1,4,8,3,5,2,0,1,0,0,0,0
https://cdn.stackoverflow.com/session/7swrqlux?ref=430&track=1,60,23,1,0,7,0,3,0,0,0,0,0,0,0
https://www.bbc.com/products,28,11,1,4,0,2,0,0,0,0,2,0,0,0
https://en.irctc.co.in/products,30,16,1,2,2,0,1,2,0,0,0,0,0,0
http://amaz0n.work/signin-confirm.html?id=82960,46,9,0,3,5,3,0,1,0,0,1,1,0,1
http://ow.ly/6193xz,18,5,0,3,3,2,2,0,0,1,0,0,0,1
http://paypa1.com/login-confirm.html?id=49501,43,12,0,0,6,2,0,1,0,0,3,0,0,1
http://paypal-account-verify-k-4sixh1yfjm5qzp4vm441coqc3e5of5x3.ga/account-verify/k-4sixh1yfjm5qzp4vm441coqc3e5of5x3,117,60,0,2,20,8,0,0,0,0,3,1,0,1
http://paypa1.info/login-confirm.html?id=87772,45,10,0,3,6,1,1,2,0,0,2,1,0,1
https://linkedin.com/contact,28,10,1,2,0,0,0,0,0,0,0,0,0,0
https://hdfcbank.com/products,27,10,1,0,1,0,1,2,0,0,0,0,0,0
https://hdfcbank.com/products,28,13,1,0,2,0,0,0,0,0,1,0,0,1
https://en.github.com/home,24,15,1,0,0,0,1,2,0,0,1,0,0,0
https://www.github.com/course/aiml,35,14,1,0,2,2,0,0,0,0,0,0,0,0
http://149.67.84.96/billing-update/index.php?session=629614,61,14,0,4,16,3,1,3,1,0,4,0,0,1
http://tinyurl.com/3795xz,23,13,0,2,2,1,1,1,0,1,0,0,0,1
http://faceb00k.gq/bank-account-confirm.html?id=67833,54,13,0,3,6,4,4,0,0,0,2,1,0,1
http://32.93.158.42/confirm-password/index.php?session=503593,60,12,0,5,14,0,1,4,1,0,1,0,0,1
http://ow.ly/8914xz,20,4,0,0,5,1,2,2,0,1,2,0,0,1
https://en.reddit.com/course/aiml,31,11,1,1,0,2,0,3,0,1,1,0,0,0
http://22.3.220.168/webscr/index.php?session=229227,51,11,0,6,17,0,1,1,1,0,3,0,0,1
http://netflix-verify-cvufiakrowx5kl2s7l6akg17glabc0l0.top/verify/cvufiakrowx5kl2s7l6akg17glabc0l0,97,49,0,3,18,1,0,1,0,0,0,1,0,1
https://www.google.com/course/aiml,36,12,1,4,1,2,0,1,0,0,0,0,0,0
https://amazon-verify.top/verify,32,17,1,0,0,1,1,0,0,0,0,1,0,1
http://webscr.microsoft-support.tk/webscr.php,45,27,0,1,1,2,0,0,0,0,3,1,0,1
https://www.python.org/user/profile,33,14,1,3,0,0,2,3,0,0,0,0,0,0
http://secure.microsoft-update.club/secure.php,45,30,0,4,0,2,0,2,0,0,4,1,0,1
http://is.gd/6535xz,17,7,0,1,2,0,2,2,0,1,2,0,0,1
http://goo.gl/1001xz,22,8,0,1,2,1,2,2,0,1,0,0,0,1
https://www.github.com,20,15,1,2,0,1,2,2,0,0,1,0,0,0
https://stackoverflow.com/products,35,18,1,0,0,0,0,2,0,0,0,0,0,0
http://amaz0n.xyz/verify-confirm.html?id=34317,45,10,0,4,4,2,3,0,0,0,2,1,0,1
http://bank-account.hdfcbank-update.tk/bank-account.php,53,33,0,4,0,1,0,3,0,0,5,1,0,1
https://static-assets.microsoft.com/session/33qe6jixub4ibhif?ref=612&track=1,75,26,1,3,9,3,2,1,0,1,0,0,0,0
https://www.reddit.com/search?q=machine+learning,49,16,1,2,0,2,4,1,0,1,1,0,0,0
http://amaz0n.club/signin-confirm.html?id=74439,47,11,0,4,8,3,0,0,0,0,3,1,0,1
https://www.wikipedia.org/about,29,17,1,2,0,0,1,3,0,0,1,0,0,0
https://www.stackoverflow.com/search?q=machine+learning,57,20,1,2,2,0,1,2,0,0,0,0,0,0
https://docs.wikipedia.org/about,34,17,1,3,1,0,0,1,0,0,1,0,0,0
https://www.reddit.com/home,27,16,1,3,0,0,2,1,0,1,0,0,0,0
https://www.hdfcbank.com/search?q=machine+learning,51,17,1,0,0,1,2,2,0,0,0,0,0,1
http://184.155.48.68/login/index.php?session=283874,52,13,0,4,14,0,1,4,1,0,2,0,0,1
http://webscr.hdfcbank-secure.club/webscr.php,44,26,0,1,0,1,0,2,0,0,1,1,0,1
http://sbi-login-xy533pacf3f4560tsjoj9uh1pqva.cf/login/xy533pacf3f4560tsjoj9uh1pqva,83,43,0,1,20,3,2,2,0,0,2,1,0,1
https://www.amazon.com/contact,32,16,1,3,0,2,0,3,0,0,0,0,0,0
https://www.mit.edu/docs/api,26,9,1,0,2,0,0,0,0,0,0,0,0,0
http://amazon-verify-3d8gg4050mdakjo6o.ga/verify/3d8gg4050mdakjo6o,67,32,0,0,14,1,1,2,0,0,0,1,0,1
https://www.linkedin.com/blog/2024/article,40,16,1,3,2,0,1,0,0,0,0,0,0,0
http://faceb00k.cf/login-confirm.html?id=89721,44,9,0,0,5,3,1,1,0,0,1,1,0,1
http://63.214.230.163/confirm-password/index.php?session=829748,65,14,0,4,15,3,2,3,1,0,0,0,0,1
https://api-v2.github.com/session/smwpq82k8ryqf8wxk?ref=166&track=1,66,19,1,0,9,0,3,0,0,0,0,0,0,0
https://static-assets.bbc.com/session/1nm3v16xeg?ref=409&track=1,65,19,1,2,7,0,2,1,0,0,0,0,0,0
https://stackoverflow.com/about,30,17,1,0,2,0,0,2,0,0,0,0,0,0
http://amazon-webscr-pkubydhrcljxcms6f49iwa92nwfz.ga/webscr/pkubydhrcljxcms6f49iwa92nwfz,90,46,0,0,12,0,1,2,0,0,2,1,0,1
https://en.python.org/blog/2024/article,37,13,1,1,4,0,1,0,0,0,0,0,0,0
https://www.bbc.com,17,9,1,4,2,0,0,2,0,0,0,0,0,0
http://paypal-confirm-password-4hsqa-v0eoy-92bf9x91vxo.info/confirm-password/4hsqa-v0eoy-92bf9x91vxo,101,50,0,1,14,7,1,2,0,0,1,1,0,1
https://en.reddit.com/docs/api,28,12,1,3,0,1,1,1,0,1,2,0,0,0
https://en.stackoverflow.com/home,31,21,1,3,1,0,0,1,0,0,2,0,0,0
https://www.reddit.com/course/aiml,34,13,1,3,2,2,2,0,0,1,0,0,0,0
https://en.stackoverflow.com/search?q=machine+learning,53,20,1,3,0,0,2,0,0,0,1,0,0,0
https://en.sbi.co.in/about,24,14,1,3,0,1,0,0,0,0,2,0,0,0
https://stackoverflow.com/docs/api,32,18,1,0,1,2,2,1,0,0,0,0,0,0
http://165.101.136.34/signin/index.php?session=541645,54,12,0,2,18,1,4,1,1,0,1,0,0,1
http://is.gd/1375xz,21,7,0,3,2,2,1,1,0,1,0,0,0,1
https://www.flipkart.com/user/profile,39,17,1,4,0,0,2,1,0,1,2,0,0,0
http://bank-account.paypal-secure.cf/bank-account.php,52,30,0,5,2,1,0,3,0,0,4,1,0,1
https://en.flipkart.com/about,28,15,1,1,0,0,0,0,0,1,0,0,0,0
http://confirm-password.paypal-support.cf/confirm-password.php,64,33,0,3,0,3,0,2,0,0,3,1,0,1
https://www.reddit.com/user/profile,34,13,1,2,0,0,2,0,0,1,0,0,0,0
https://flipkart.com/about,28,10,1,2,0,0,2,0,0,1,0,0,0,0
https://api-v2.hdfcbank.com/session/02jyv6yjoaoe?ref=573&track=1,64,19,1,2,9,0,2,3,0,0,2,0,0,0
https://paypal-signin.tk/signin,33,18,1,0,2,2,2,0,0,0,0,1,0,1
https://www.irctc.co.in/blog/2024/article,42,13,1,3,5,0,0,0,0,0,0,0,0,0
http://goo.gl/6162xz,21,7,0,0,3,1,0,0,0,1,0,0,0,1
https://nptel.ac.in/user/profile,30,10,1,3,0,0,0,0,0,0,0,0,0,0
https://en.flipkart.com/products,34,13,1,3,0,0,1,0,0,1,2,0,0,0
https://www.w3schools.com/contact,31,16,1,0,3,0,2,0,0,0,0,0,0,0
https://docs.linkedin.com,26,16,1,1,1,2,0,0,0,0,2,0,0,0
https://www.icicibank.com/docs/api,32,19,1,4,0,0,0,2,0,0,1,0,0,0
https://www.stackoverflow.com/user/profile,41,19,1,0,0,1,0,3,0,0,0,0,0,0
http://158.1.211.237/login/index.php?session=202586,52,13,0,6,14,0,1,1,1,0,3,0,0,1
https://docs.python.org/home,29,17,1,1,2,2,0,0,0,0,0,0,0,0
http://micros0ft.info/account-verify-confirm.html?id=96731,57,15,0,0,4,4,1,0,0,0,2,1,0,1
http://paypal-webscr-oh6bmabvhpqjkv55q.cf/webscr/oh6bmabvhpqjkv55q,64,36,0,3,4,3,0,0,0,0,0,1,0,1
http://confirm-password.hdfcbank-secure.info/confirm-password.php,65,37,0,5,2,4,1,0,0,0,2,1,0,1
https://paypal-account-verify.xyz/account-verify,47,23,1,0,2,1,0,2,0,0,3,1,0,1
http://paypal-billing-update-h-7zcgoip4-lru-.club/billing-update/h-7zcgoip4-lru-,82,41,0,1,5,10,0,1,0,0,4,1,0,1
https://irctc.co.in/products,30,10,1,2,0,1,0,3,0,0,0,0,0,0
http://sbi-verify-9nmdfbiptokdzuaj.work/verify/9nmdfbiptokdzuaj,63,33,0,1,2,0,0,0,0,0,2,1,0,1
https://amazon.com/products,27,10,1,2,0,0,0,2,0,0,2,0,0,0
http://is.gd/3332xz,20,6,0,0,2,0,0,1,0,1,2,0,0,1
http://39.7.198.43/verify/index.php?session=650326,51,13,0,3,14,0,0,0,1,0,1,0,0,1
http://paypa1.com/secure-confirm.html?id=34970,44,11,0,0,7,0,3,2,0,0,1,0,0,1
http://paypa1.top/signin-confirm.html?id=97692,45,11,0,0,7,3,2,0,0,0,4,1,0,1
https://en.microsoft.com,23,15,1,4,0,0,0,0,0,1,1,0,0,0
http://210.255.56.204/webscr/index.php?session=432813,51,16,0,3,15,1,0,1,1,0,0,0,0,1
http://ow.ly/6793xz,21,4,0,0,4,0,0,0,0,1,0,0,0,1
https://www.nytimes.com,25,17,1,0,1,0,0,2,0,0,1,0,0,0
https://www.flipkart.com,24,15,1,2,2,0,0,1,0,1,0,0,0,0
https://www.google.com/blog/2024/article,42,15,1,2,3,0,2,0,0,0,0,0,0,0
https://static-assets.icicibank.com/session/417vf0jqqnvceq?ref=294&track=1,73,26,1,1,8,2,5,2,0,0,3,0,0,0
https://microsoft.com/user/profile,33,12,1,3,0,0,0,0,0,1,2,0,0,1
http://login.amazon-secure.top/login.php,38,22,0,2,0,2,0,2,0,0,1,1,0,1
http://252.107.118.137/account-verify/index.php?session=72148,63,16,0,2,19,0,0,0,1,0,4,0,0,1
https://en.geeksforgeeks.org/about,36,21,1,0,0,0,1,1,0,0,0,0,0,0
https://docs.icicibank.com/blog/2024/article,42,20,1,4,2,0,2,0,0,0,2,0,0,0
https://www.flipkart.com/docs/api,31,15,1,1,1,1,0,0,0,1,2,0,0,0
https://en.flipkart.com/course/aiml,35,15,1,2,1,0,0,0,0,1,0,0,0,0
https://www.icicibank.com/products,34,17,1,3,0,1,0,2,0,0,3,0,0,0
http://amazon-update-6aqcbfluo3ypq6l.ga/update/6aqcbfluo3ypq6l,61,33,0,0,6,2,1,0,0,0,3,1,0,1
https://www.microsoft.com,23,17,1,0,0,0,0,0,0,1,0,0,0,0
https://icicibank-confirm-password.top/confirm-password,55,30,1,3,2,1,2,1,0,0,3,1,0,1
https://www.sbi.co.in/blog/2024/article,38,15,1,5,3,0,2,2,0,0,0,0,0,0
https://github.com/contact,26,9,1,1,0,1,1,0,0,0,0,0,0,0
http://verify.paypal-update.club/verify.php,44,27,0,4,2,1,0,0,0,0,2,1,0,0
https://en.bbc.com/contact,24,11,1,1,2,0,1,0,0,0,0,0,0,0
https://sbi.co.in/docs/api,25,7,1,4,1,0,0,3,0,0,2,0,0,0
http://amazon-login-j32xvhqueu2ory5akl8y0v0zyic.ml/login/j32xvhqueu2ory5akl8y0v0zyic,85,43,0,2,15,4,1,0,0,0,3,1,0,1
https://docs.amazon.com/user/profile,36,13,1,3,1,0,0,1,0,0,0,0,0,0
https://docs.linkedin.com/contact,31,17,1,1,0,1,0,2,0,0,2,0,0,0
http://confirm-password.paypal-support.club/confirm-password.php,62,37,0,2,0,3,0,1,0,0,3,1,0,1
https://docs.mit.edu/search?q=machine+learning,45,12,1,4,0,1,4,1,0,0,1,0,0,0
https://www.sbi.co.in/products,30,12,1,4,2,0,0,0,0,0,1,0,0,0
https://api-v2.nptel.ac.in/session/yiifa2lr9p6h?ref=239&track=1,64,19,1,2,9,1,2,1,0,0,2,0,0,0
https://paypal-webscr.ga/webscr,31,16,1,2,0,2,2,1,0,0,3,1,0,1
http://login.microsoft-support.xyz/login.php,45,28,0,3,1,3,2,0,0,0,1,1,0,1
https://www.irctc.co.in/blog/2024/article,39,17,1,3,3,0,1,2,0,0,0,0,0,0
https://www.sbi.co.in/blog/2024/article,37,15,1,4,2,0,1,0,0,0,0,0,0,0
http://is.gd/3525xz,17,6,0,3,4,2,0,0,0,1,1,0,0,1
http://paypa1.info/secure-confirm.html?id=58373,49,13,0,4,4,3,4,0,0,0,3,1,0,1
https://nytimes.com/blog/2024/article,37,13,1,0,6,1,0,0,0,0,0,0,0,0
https://www.w3schools.com/course/aiml,38,15,1,4,3,2,0,0,0,0,2,0,0,0
https://www.mit.edu/about,24,12,1,0,0,0,0,2,0,0,2,0,0,0
http://amazon-update-i3oyxmt4rag1kyylynpad89.gq/update/i3oyxmt4rag1kyylynpad89,77,40,0,3,11,3,2,2,0,0,1,1,0,1
https://netflix-bank-account.xyz/bank-account,47,22,1,2,1,4,2,0,0,0,0,1,0,1
http://amaz0n.cf/bank-account-confirm.html?id=95197,52,8,0,0,6,3,1,0,0,0,4,1,0,1
http://218.87.58.7/login/index.php?session=504719,48,13,0,5,15,2,3,0,1,0,0,0,0,1
http://57.54.151.86/verify/index.php?session=436500,53,14,0,2,17,0,1,2,1,0,2,0,0,1
https://www.reddit.com/blog/2024/article,39,12,1,1,2,0,2,2,0,1,1,0,0,0
https://netflix-account-verify.xyz/account-verify,48,25,1,1,0,5,0,0,0,0,4,1,0,1
https://www.sbi.co.in/course/aiml,31,14,1,3,0,0,0,2,0,0,0,0,0,0
http://amazon-bank-account-amsjkqvl73z9t26138.work/bank-account/amsjkqvl73z9t26138,84,45,0,3,14,6,0,0,0,0,0,1,0,1
http://sbi-verify-n5mfx77m2gek7aw4iy.ga/verify/n5mfx77m2gek7aw4iy,66,30,0,2,10,3,0,0,0,0,0,1,0,1
http://paypal-bank-account-byuf-afpp8sdxzqtvv.xyz/bank-account/byuf-afpp8sdxzqtvv,82,40,0,3,1,6,0,1,0,0,2,1,0,1
http://micros0ft.com/confirm-password-confirm.html?id=90377,59,14,0,3,8,2,3,1,0,1,0,0,0,1
https://user-portal.google.com/session/x1cq6fwt?ref=876&track=1,65,24,1,2,5,0,6,0,0,0,0,0,0,0
http://ow.ly/1285xz,17,4,0,3,4,0,0,0,0,1,0,0,0,1
https://www.microsoft.com/about,31,17,1,4,0,0,0,2,0,1,0,0,0,0
http://bit.ly/1151xz,20,5,0,2,6,1,0,2,0,1,0,0,0,1
https://www.stackoverflow.com/course/aiml,42,19,1,3,0,0,0,3,0,0,1,0,0,0
https://www.icicibank.com/docs/api,34,17,1,0,0,2,0,1,0,0,2,0,0,0
http://login.amazon-secure.club/login.php,41,25,0,5,1,2,0,0,0,0,4,1,0,1
https://www.stackoverflow.com/contact,39,21,1,4,0,1,0,2,0,0,0,0,0,0
http://faceb00k.top/signin-confirm.html?id=87170,49,12,0,2,9,2,4,0,0,0,3,1,0,1
https://cdn.reddit.com/session/2tc4t3x1hxe5zaql?ref=231&track=1,61,13,1,0,8,2,6,1,0,1,0,0,0,0
https://en.wikipedia.org/home,27,18,1,1,0,0,0,0,0,0,0,0,0,0
https://paypal-signin.com/signin,34,16,1,0,0,0,0,0,0,0,3,0,0,1
http://144.168.186.59/login/index.php?session=25847,51,14,0,5,17,1,3,2,1,0,1,0,0,1
http://75.37.32.245/update/index.php?session=887709,50,12,0,6,17,1,1,0,1,0,0,0,0,1
https://www.google.com/products,31,15,1,3,0,0,0,0,0,0,1,0,0,0
https://user-portal.sbi.co.in/session/0xsm9gm51?ref=779&track=1,65,23,1,3,7,0,5,1,0,0,1,0,0,0
http://secure.microsoft-support.cf/secure.php,44,25,0,5,2,1,0,2,0,0,2,1,0,1
http://42.109.133.11/webscr/index.php?session=571816,50,13,0,5,14,0,0,4,1,0,0,0,0,1
http://3.49.31.222/account-verify/index.php?session=474627,58,9,0,2,13,3,0,1,1,0,3,0,0,1
https://static-assets.mit.edu/session/2xk2pthowq1ga?ref=690&track=1,67,21,1,0,7,2,6,1,0,0,0,0,0,0
http://faceb00k.club/billing-update-confirm.html?id=18920,56,12,0,4,5,0,1,2,0,0,5,1,0,1
http://goo.gl/7894xz,18,4,0,2,2,1,0,0,0,1,0,0,0,1
https://www.github.com/search?q=machine+learning,50,15,1,1,0,2,3,3,0,0,2,0,0,0
http://t.co/5558xz,18,3,0,2,3,0,0,2,0,1,0,0,0,0
https://www.geeksforgeeks.org/docs/api,40,22,1,3,1,0,0,0,0,0,0,0,0,0
http://19.173.247.39/billing-update/index.php?session=206705,61,12,0,5,18,2,3,3,1,0,3,0,0,1
https://www.hdfcbank.com/about,28,16,1,1,0,1,1,0,0,0,2,0,0,0
https://www.linkedin.com/search?q=machine+learning,50,18,1,0,0,2,4,0,0,0,2,0,0,0
https://www.mit.edu/about,23,11,1,1,0,0,0,1,0,0,0,0,0,0
http://57.189.155.58/account-verify/index.php?session=134400,60,15,0,6,14,0,1,3,1,0,0,0,0,1
https://nytimes.com/products,29,9,1,3,1,2,2,1,0,0,0,0,0,0
https://www.irctc.co.in,21,13,1,4,2,2,1,2,0,0,0,0,0,0
http://bit.ly/6722xz,18,6,0,3,3,0,0,2,0,1,2,0,0,1
http://gooogle.ml/account-verify-confirm.html?id=20179,54,12,0,3,6,0,3,0,0,0,5,1,0,1
http://t.co/4897xz,18,6,0,3,2,2,2,2,0,1,0,0,0,1
https://icicibank-webscr.top/webscr,36,18,1,3,1,3,2,0,0,0,4,1,0,1
https://en.sbi.co.in/about,25,10,1,3,0,2,0,2,0,0,0,0,0,0
https://netflix-update.cf/update,30,16,1,1,2,0,1,0,0,0,2,1,0,1
http://micros0ft.cf/secure-confirm.html?id=94065,47,13,0,3,8,3,3,0,0,0,2,1,0,1
https://user-portal.stackoverflow.com/session/kemvg7uel?ref=690&track=1,69,28,1,3,3,3,6,1,0,0,1,0,0,0
https://cdn.linkedin.com/session/1khw8gakh3y?ref=359&track=1,59,16,1,4,5,0,4,3,0,0,2,0,0,1
https://www.nytimes.com/course/aiml,37,14,1,0,0,0,0,1,0,0,0,0,0,0
http://faceb00k.ml/signin-confirm.html?id=18235,49,12,0,0,5,3,1,0,0,0,3,1,0,1
https://github.com/about,22,8,1,0,0,0,2,0,0,0,0,0,0,0
https://wikipedia.org/products,28,15,1,3,2,1,1,2,0,0,0,0,0,0
https://www.wikipedia.org/home,30,18,1,3,0,2,0,2,0,0,0,0,0,0
https://www.w3schools.com/blog/2024/article,42,18,1,4,7,0,0,0,0,0,0,0,0,0
http://login.paypal-secure.work/login.php,42,25,0,3,0,2,0,2,0,0,2,1,0,1
http://paypal-account-verify-2tjl3gx36mg4-gfqokwc5gtj.top/account-verify/2tjl3gx36mg4-gfqokwc5gtj,99,48,0,3,14,8,0,0,0,0,2,1,0,1
https://www.python.org/contact,28,13,1,1,2,0,0,2,0,0,0,0,0,0
http://145.213.23.85/secure/index.php?session=587374,51,13,0,2,14,1,4,3,1,0,2,0,0,1
https://docs.nytimes.com/course/aiml,37,15,1,2,2,0,2,3,0,0,2,0,0,0
http://105.120.193.170/webscr/index.php?session=147417,53,14,0,5,17,2,4,4,1,0,3,0,0,1
http://goo.gl/2076xz,20,4,0,1,5,0,2,1,0,1,1,0,0,1
http://account-verify.microsoft-update.info/account-verify.php,62,37,0,2,0,3,1,0,0,0,4,1,0,1
http://57.13.197.103/billing-update/index.php?session=633983,58,12,0,6,14,2,2,4,1,0,0,0,0,1
https://www.nptel.ac.in/search?q=machine+learning,51,16,1,2,2,1,3,3,0,0,0,0,0,0
https://user-portal.bbc.com/session/brblbz5ntdywm8rab?ref=877&track=1,69,17,1,3,5,0,4,1,0,0,0,0,0,0
https://en.microsoft.com/products,34,17,1,2,2,2,0,2,0,1,0,0,0,0
http://sbi-account-verify-phyg934qyaxucj-tv7d154mp3oq7vmjo.work/account-verify/phyg934qyaxucj-tv7d154mp3oq7vmjo,112,58,0,1,20,5,0,1,0,0,3,1,0,1
http://update.hdfcbank-secure.info/update.php,46,26,0,1,0,2,1,3,0,0,5,1,0,1
https://www.w3schools.com/home,31,17,1,0,1,0,0,3,0,0,0,0,0,0
https://user-portal.google.com/session/ywy5apyx4l4oesrsbzb?ref=645&track=1,73,24,1,0,9,3,2,3,0,0,0,0,0,0
http://faceb00k.top/update-confirm.html?id=42863,49,11,0,1,8,2,3,2,0,0,2,1,0,1
https://docs.reddit.com/contact,32,14,1,0,1,0,2,0,0,1,1,0,0,0
https://cdn.linkedin.com/session/ilcg6farmgjcy4v8uri?ref=146&track=1,67,14,1,4,8,0,5,0,0,0,2,0,0,0
http://gooogle.work/bank-account-confirm.html?id=47355,53,10,0,3,7,3,0,2,0,0,5,1,0,1
https://www.flipkart.com/search?q=machine+learning,49,16,1,0,0,0,3,1,0,1,0,0,0,0
https://www.microsoft.com/products,32,15,1,4,0,0,0,2,0,1,0,0,0,0
https://nytimes.com/docs/api,29,11,1,1,1,2,2,0,0,0,0,0,0,0
http://confirm-password.microsoft-support.work/confirm-password.php,66,38,0,1,0,3,2,0,0,0,0,1,0,1
https://www.hdfcbank.com/search?q=machine+learning,50,18,1,1,2,0,4,0,0,0,0,0,0,0
https://en.nytimes.com/about,27,12,1,1,2,0,0,0,0,0,1,0,0,0
http://billing-update.icicibank-secure.ga/billing-update.php,62,33,0,4,0,3,2,1,0,0,4,1,0,1
https://docs.python.org/course/aiml,36,16,1,2,0,2,1,1,0,0,1,0,0,0
https://mit.edu/home,22,6,1,2,2,1,1,1,0,0,2,0,0,0
https://github.com/products,29,12,1,2,0,0,2,0,0,0,2,0,0,0
https://www.python.org/contact,29,15,1,3,0,1,0,2,0,0,0,0,0,0
https://en.icicibank.com/user/profile,39,17,1,2,0,0,2,3,0,0,0,0,0,0
https://docs.geeksforgeeks.org/products,37,24,1,0,0,2,2,0,0,0,0,0,0,0
https://stackoverflow.com/search?q=machine+learning,50,17,1,3,2,0,4,1,0,0,0,0,0,0
http://paypal-secure-7780uu8f2vp5pig.ga/secure/7780uu8f2vp5pig,61,30,0,1,15,0,0,0,0,0,0,1,0,1
http://215.156.83.27/billing-update/index.php?session=190061,60,11,0,4,14,3,0,1,1,0,4,0,0,1
http://login.icicibank-support.tk/login.php,42,26,0,3,0,0,0,0,0,0,0,1,0,1
https://amazon-signin.ga/signin,29,16,1,0,0,1,0,1,0,0,1,1,0,1
https://www.sbi.co.in/blog/2024/article,41,12,1,5,4,1,0,2,0,0,1,0,0,0
https://static-assets.google.com/session/5cgwfhdv3?ref=341&track=1,65,22,1,2,4,0,5,3,0,0,0,0,0,0
https://icicibank-bank-account.work/bank-account,47,25,1,1,0,2,0,0,0,0,3,1,0,1
http://billing-update.amazon-update.club/billing-update.php,60,32,0,5,1,4,2,3,0,0,3,1,0,1
https://www.nytimes.com/search?q=machine+learning,48,17,1,3,0,0,4,3,0,0,0,0,0,0
https://google.com/blog/2024/article,34,10,1,3,2,1,0,0,0,0,2,0,0,0
http://micros0ft.gq/billing-update-confirm.html?id=32454,57,11,0,2,6,4,4,0,0,0,5,1,0,1
https://en.linkedin.com/products,32,15,1,0,0,0,2,3,0,0,2,0,0,0
https://amazon-bank-account.club/bank-account,43,23,1,0,0,4,0,0,0,0,1,1,0,1
https://docs.microsoft.com/home,32,17,1,0,0,0,0,0,0,1,0,0,0,0
http://secure.paypal-secure.gq/secure.php,43,22,0,4,0,0,2,3,0,0,3,1,0,1
https://docs.mit.edu/user/profile,34,13,1,0,0,0,0,0,0,0,1,0,0,0
https://en.amazon.com/user/profile,33,11,1,2,0,1,0,0,0,0,2,0,0,0
https://www.icicibank.com,27,16,1,4,0,2,0,0,0,0,0,0,0,0
https://static-assets.nytimes.com/session/fu9pxykm8t0jsh?ref=578&track=1,70,26,1,0,7,0,5,3,0,0,0,0,0,0
https://www.reddit.com/course/aiml,35,12,1,4,0,0,0,0,0,1,0,0,0,0
https://stackoverflow.com/home,31,15,1,0,2,1,1,1,0,0,0,0,0,1
http://billing-update.hdfcbank-support.club/billing-update.php,60,35,0,2,0,4,1,2,0,0,3,1,0,1
http://cutt.ly/2113xz,21,6,0,2,4,0,2,0,0,1,0,0,0,1
http://gooogle.tk/account-verify-confirm.html?id=14801,55,12,0,3,6,2,4,0,0,0,4,1,0,1
http://paypal-webscr-52ox1p3oyvg28tg6tgta2tf.work/webscr/52ox1p3oyvg28tg6tgta2tf,78,42,0,2,15,2,2,0,0,0,2,1,0,1
http://goo.gl/8851xz,22,4,0,0,4,0,0,2,0,1,1,0,0,1
https://www.google.com/home,27,16,1,2,0,1,1,2,0,0,1,0,0,0
https://www.amazon.com/blog/2024/article,39,13,1,4,4,0,0,0,0,0,1,0,0,0
http://73.36.17.119/account-verify/index.php?session=636612,59,13,0,4,16,3,3,3,1,0,3,0,0,1
https://amazon-signin.ml/signin,29,16,1,3,0,0,0,0,0,0,3,1,0,1
http://paypal-bank-account-mqmxkoremurxva0n5h02wh.top/bank-account/mqmxkoremurxva0n5h02wh,90,44,0,0,10,3,0,0,0,0,4,1,0,1
https://www.google.com/blog/2024/article,42,12,1,1,3,0,0,1,0,0,0,0,0,0
http://netflix-login-9l04q0exlc5h7uwd20odyrk7d3ja4aok.work/login/9l04q0exlc5h7uwd20odyrk7d3ja4aok,99,51,0,0,23,3,0,2,0,0,0,1,0,1
https://cdn.mit.edu/session/dtoz5sthslmw?ref=128&track=1,54,9,1,3,6,1,6,0,0,0,0,0,0,0
https://stackoverflow.com/products,36,19,1,0,1,2,0,0,0,0,0,0,0,0
https://www.google.com/products,29,16,1,2,1,0,0,0,0,0,1,0,0,0
http://sbi-confirm-password-og0vl-ch9lxu4rirkzhtspf1yx640g1igae.tk/confirm-password/og0vl-ch9lxu4rirkzhtspf1yx640g1igae,117,57,0,1,18,8,0,0,0,0,0,1,0,1
https://en.bbc.com/blog/2024/article,36,9,1,0,3,1,0,1,0,0,0,0,0,0
http://amazon-update-h1snwk2t3ala-b5fhie2gq6-h3e035.top/update/h1snwk2t3ala-b5fhie2gq6-h3e035,95,46,0,2,18,6,0,1,0,0,1,1,0,1
https://api-v2.python.org/session/sutp04sbrspj4kii1?ref=336&track=1,65,18,1,4,9,1,4,0,0,0,1,0,0,0
https://netflix-billing-update.com/billing-update,48,25,1,0,0,1,2,0,0,0,3,0,0,1
https://static-assets.github.com/session/o06fhrxjpt?ref=432&track=1,65,22,1,0,7,3,4,0,0,0,2,0,0,0
https://icicibank-signin.com/signin,34,19,1,1,0,1,2,1,0,0,0,0,0,1
https://geeksforgeeks.org/products,35,18,1,1,0,0,0,0,0,0,0,0,0,0
http://verify.microsoft-update.top/verify.php,47,29,0,2,2,3,0,1,0,0,0,1,0,1
https://www.irctc.co.in/course/aiml,33,16,1,2,0,0,0,1,0,0,1,0,0,0
https://www.linkedin.com/course/aiml,35,15,1,3,1,0,0,3,0,0,2,0,0,0
https://www.sbi.co.in/products,30,14,1,1,2,0,0,0,0,0,0,0,0,0
http://paypa1.top/secure-confirm.html?id=64373,45,9,0,4,6,2,4,1,0,0,4,1,0,1
https://docs.nytimes.com/user/profile,39,18,1,1,0,0,0,0,0,0,0,0,0,0
https://www.google.com/docs/api,29,16,1,2,0,2,1,2,0,0,0,0,0,0
https://www.wikipedia.org/search?q=machine+learning,51,18,1,0,0,0,0,3,0,0,2,0,0,0
https://bbc.com/search?q=machine+learning,39,6,1,2,2,0,1,0,0,0,2,0,0,0
https://www.mit.edu/docs/api,26,11,1,4,0,1,2,2,0,0,0,0,0,0
https://wikipedia.org/course/aiml,32,13,1,3,0,1,2,1,0,0,2,0,0,0
http://is.gd/4263xz,20,3,0,2,2,2,0,0,0,1,0,0,0,1
https://www.stackoverflow.com/home,35,20,1,1,0,2,0,3,0,0,0,0,0,0
http://account-verify.icicibank-support.club/account-verify.php,65,35,0,4,0,3,0,3,0,0,2,1,0,1
http://77.13.168.251/bank-account/index.php?session=691198,56,13,0,4,18,0,0,3,1,0,0,0,0,1
http://tinyurl.com/2359xz,25,9,0,2,3,1,1,0,0,1,0,0,0,1
https://www.nptel.ac.in/docs/api,31,17,1,4,1,0,0,0,0,0,0,0,0,0
https://en.microsoft.com/home,30,16,1,0,2,2,0,0,0,1,0,0,0,0
http://paypal-update-knrpy6o8qlbw77w4js2nkkik.club/update/knrpy6o8qlbw77w4js2nkkik,81,45,0,2,14,4,0,0,0,0,0,1,0,1
http://159.41.96.209/account-verify/index.php?session=391344,59,13,0,2,14,0,3,3,1,0,0,0,0,1
http://login.paypal-secure.xyz/login.php,39,22,0,5,2,3,0,0,0,0,1,1,0,1
https://user-portal.linkedin.com/session/woalf4v1?ref=769&track=1,67,25,1,4,4,0,3,0,0,0,0,0,0,0
https://paypal-billing-update.tk/billing-update,47,25,1,2,0,3,2,2,0,0,1,1,0,1
http://t.co/2502xz,20,4,0,0,3,0,1,0,0,1,2,0,0,1
https://amazon-signin.info/signin,31,18,1,0,0,1,0,2,0,0,0,1,0,1
https://www.geeksforgeeks.org,29,19,1,0,0,0,1,0,0,0,0,0,0,0
https://en.sbi.co.in/products,31,12,1,4,1,0,0,0,0,0,1,0,0,0
https://docs.linkedin.com/user/profile,37,18,1,4,1,1,0,2,0,0,0,0,0,0
http://verify.microsoft-update.ml/verify.php,44,28,0,5,1,3,0,0,0,0,3,1,0,1
http://10.11.106.30/secure/index.php?session=494107,52,11,0,3,14,2,4,0,1,0,1,0,0,1
https://docs.nptel.ac.in/docs/api,32,18,1,2,1,1,1,3,0,0,0,0,0,0
https://docs.irctc.co.in/docs/api,33,18,1,5,0,0,0,3,0,0,1,0,0,0
https://www.w3schools.com/products,34,16,1,3,3,0,0,3,0,0,0,0,0,0
https://nytimes.com,21,11,1,1,2,2,0,2,0,0,0,0,0,0
http://webscr.amazon-secure.gq/webscr.php,39,23,0,2,1,3,2,0,0,0,3,1,0,1
https://www.mit.edu/about,25,10,1,2,2,1,1,3,0,0,0,0,0,0
https://user-portal.linkedin.com/session/1qy7hylgogfxl?ref=769&track=1,68,23,1,4,6,0,6,0,0,0,0,0,0,0
http://faceb00k.work/bank-account-confirm.html?id=23531,55,14,0,1,5,2,4,0,0,0,1,1,0,1
https://user-portal.reddit.com/session/h50opf060?ref=242&track=1,63,21,1,0,8,0,3,2,0,1,1,0,0,0
https://python.org/products,27,9,1,0,0,0,0,0,0,0,1,0,0,0
http://update.hdfcbank-secure.club/update.php,43,29,0,1,0,2,0,1,0,0,2,1,0,1
https://www.nptel.ac.in/search?q=machine+learning,48,13,1,5,1,0,2,1,0,0,0,0,0,0
http://sbi-verify-vrn0q2oqkw0n5h2awnf4kfyzn2x9g4v2j.ml/verify/vrn0q2oqkw0n5h2awnf4kfyzn2x9g4v2j,94,45,0,0,20,3,0,0,0,0,1,1,0,1
http://account-verify.amazon-support.work/account-verify.php,58,36,0,4,0,1,0,2,0,0,2,1,0,1
http://paypal-signin-3w7p55wsyq-t8mks629ia78f8-.gq/signin/3w7p55wsyq-t8mks629ia78f8-,83,45,0,0,23,7,0,0,0,0,0,1,0,1
http://bank-account.microsoft-secure.top/bank-account.php,57,35,0,5,2,2,0,0,0,0,2,1,0,1
http://secure.hdfcbank-support.ml/secure.php,42,28,0,1,0,2,1,0,0,0,1,1,0,1
http://account-verify.hdfcbank-support.xyz/account-verify.php,61,37,0,1,1,4,1,2,0,0,3,1,0,1
https://www.icicibank.com/home,31,18,1,4,0,0,1,0,0,0,0,0,0,0
http://verify.paypal-secure.tk/verify.php,42,22,0,2,1,1,2,0,0,0,3,1,0,1
https://user-portal.irctc.co.in/session/rmtn29tnyfm7vh30qbke?ref=571&track=1,77,22,1,3,11,1,5,2,0,0,2,0,0,1
https://www.icicibank.com,25,18,1,1,2,1,0,1,0,0,2,0,0,0
https://mit.edu/search?q=machine+learning,40,8,1,2,0,0,3,0,0,0,0,0,0,0
https://www.geeksforgeeks.org/user/profile,40,19,1,2,0,0,1,0,0,0,0,0,0,0
https://wikipedia.org/search?q=machine+learning,45,13,1,0,1,1,1,2,0,0,0,0,0,1
https://paypal-update.club/update,35,16,1,3,1,3,1,0,0,0,0,1,0,1
http://234.162.243.133/secure/index.php?session=419836,54,13,0,5,19,1,1,0,1,0,0,0,0,1
https://en.w3schools.com/home,29,17,1,0,1,0,0,2,0,0,0,0,0,0
http://paypal-update-vw-3ejpiw67kayq55.ga/update/vw-3ejpiw67kayq55,67,34,0,0,11,6,0,1,0,0,1,1,0,1
https://www.wikipedia.org/home,30,15,1,4,2,0,0,0,0,0,2,0,0,0
https://cdn.mit.edu/session/ksqnal6o9ep?ref=498&track=1,55,10,1,0,4,0,3,0,0,0,1,0,0,0
http://paypal-signin-9zsr5clcelllmszcmn5f9fwt1.xyz/signin/9zsr5clcelllmszcmn5f9fwt1,83,45,0,0,9,4,0,0,0,0,0,1,0,1
http://215.116.175.36/bank-account/index.php?session=267121,61,13,0,6,17,0,0,2,1,0,0,0,0,1
https://www.microsoft.com/blog/2024/article,44,19,1,3,3,0,1,0,0,1,0,0,0,0
http://72.215.124.175/signin/index.php?session=254723,55,16,0,5,17,2,4,0,1,0,0,0,0,1
http://10.163.54.251/secure/index.php?session=54170,49,15,0,2,17,1,4,1,1,0,0,0,0,1
https://www.irctc.co.in/about,28,14,1,2,0,1,2,2,0,0,2,0,0,0
https://static-assets.hdfcbank.com/session/eubfn9kr2?ref=902&track=1,69,26,1,0,5,3,6,0,0,0,0,0,0,0
http://amaz0n.tk/webscr-confirm.html?id=76981,46,11,0,4,8,2,2,2,0,0,0,1,0,1
http://cutt.ly/1477xz,20,7,0,0,4,0,2,1,0,1,0,0,0,1
http://sbi-login-vwqxfwp-l2voaa2qzsu.gq/login/vwqxfwp-l2voaa2qzsu,66,32,0,1,4,4,1,0,0,0,0,1,0,1
https://user-portal.sbi.co.in/session/j4bwvf8guas?ref=947&track=1,64,19,1,4,4,2,5,2,0,0,0,0,0,0
https://amazon-secure.tk/secure,29,14,1,2,0,0,0,1,0,0,0,1,0,1
http://amazon-webscr-6i47pcgzfhthjj4r3xargtajy-x15q.xyz/webscr/6i47pcgzfhthjj4r3xargtajy-x15q,93,49,0,1,15,2,1,0,0,0,0,1,0,1
https://hdfcbank.com/user/profile,33,11,1,2,0,2,1,0,0,0,2,0,0,0
https://amazon-update.gq/update,30,18,1,0,1,0,2,0,0,0,0,1,0,1
http://217.165.94.31/confirm-password/index.php?session=930507,60,12,0,3,16,3,1,4,1,0,2,0,0,1
https://docs.amazon.com/docs/api,32,17,1,3,1,0,2,1,0,0,1,0,0,0
http://234.29.242.244/account-verify/index.php?session=367064,63,12,0,2,16,1,2,0,1,0,4,0,0,1
http://134.32.186.200/confirm-password/index.php?session=669126,65,16,0,2,16,3,3,3,1,0,3,0,0,1
https://amazon-confirm-password.tk/confirm-password,49,26,1,1,0,4,0,2,0,0,2,1,0,1
https://en.geeksforgeeks.org/home,35,20,1,4,0,0,0,1,0,0,0,0,0,0
https://paypal-secure.cf/secure,31,18,1,2,1,1,1,2,0,0,2,1,0,1
https://www.github.com/course/aiml,36,13,1,4,1,0,0,1,0,0,2,0,0,0
https://icicibank-update.tk/update,33,17,1,0,2,2,0,0,0,0,1,1,0,1
https://github.com/user/profile,33,9,1,2,1,0,0,0,0,0,0,0,0,0
http://148.55.150.205/secure/index.php?session=83668,53,14,0,3,15,0,4,0,1,0,1,0,0,1
https://www.hdfcbank.com/products,31,15,1,2,0,0,0,3,0,0,0,0,0,0
http://bank-account.icicibank-secure.top/bank-account.php,58,31,0,2,1,3,2,0,0,0,5,1,0,1
http://sbi-signin-77zwgimsvywt4oqr0dnik.top/signin/77zwgimsvywt4oqr0dnik,73,38,0,2,8,4,1,0,0,0,0,1,0,1
https://netflix-update.info/update,35,19,1,2,1,2,1,0,0,0,3,1,0,1
https://www.geeksforgeeks.org/products,40,20,1,2,0,2,0,3,0,0,1,0,0,0
https://amazon-secure.xyz/secure,34,18,1,3,0,0,0,2,0,0,0,1,0,1
https://user-portal.geeksforgeeks.org/session/ifwr0ui1jlmfluoay?ref=658&track=1,78,27,1,3,4,1,5,0,0,0,1,0,0,0
https://en.nptel.ac.in/course/aiml,35,13,1,4,0,2,0,4,0,0,0,0,0,0
https://en.amazon.com/products,32,11,1,4,1,2,2,2,0,0,0,0,0,0
http://amaz0n.info/login-confirm.html?id=47166,47,13,0,1,6,1,1,2,0,0,2,1,0,1
https://w3schools.com/home,27,13,1,3,3,0,0,1,0,0,1,0,0,0
http://ow.ly/2905xz,21,4,0,0,3,0,0,0,0,1,2,0,0,1
https://www.geeksforgeeks.org/search?q=machine+learning,55,20,1,3,0,0,3,1,0,0,0,0,0,1
http://faceb00k.cf/confirm-password-confirm.html?id=93248,56,13,0,2,7,0,3,0,0,0,2,1,0,1
https://sbi.co.in/course/aiml,30,7,1,3,2,0,2,0,0,0,0,0,0,0
http://paypal-billing-update-kd3noh807w92-gmtzh-2nmo1ds4hhx21c-.club/billing-update/kd3noh807w92-gmtzh-2nmo1ds4hhx21c-,118,60,0,1,20,12,0,2,0,0,1,1,0,1
http://webscr.amazon-support.work/webscr.php,42,24,0,4,1,2,1,2,0,0,2,1,0,1
https://en.amazon.com/blog/2024/article,37,13,1,4,4,0,0,3,0,0,1,0,0,0
https://user-portal.mit.edu/session/linh8jv7fx?ref=505&track=1,63,19,1,1,5,0,6,1,0,0,0,0,0,0
https://www.google.com/search?q=machine+learning,50,16,1,1,0,2,3,1,0,0,0,0,0,0
http://amaz0n.tk/update-confirm.html?id=26742,45,7,0,4,4,1,1,2,0,0,2,1,0,1
http://paypa1.club/login-confirm.html?id=36047,48,12,0,4,4,1,1,0,0,0,0,1,0,1
http://163.113.59.184/secure/index.php?session=448489,54,12,0,3,15,0,2,4,1,0,3,0,0,1
https://icicibank-verify.ga/verify,33,19,1,1,0,0,0,1,0,0,4,1,0,1
http://amazon-verify-h2-yy7yinx5uf4t.work/verify/h2-yy7yinx5uf4t,66,32,0,2,8,2,0,0,0,0,0,1,0,1
https://www.stackoverflow.com/contact,36,23,1,0,0,0,0,3,0,0,0,0,0,0
https://docs.reddit.com/home,29,15,1,4,0,0,0,1,0,1,0,0,0,0
https://www.stackoverflow.com/contact,37,23,1,2,0,1,0,0,0,0,0,0,0,0
http://account-verify.microsoft-update.tk/account-verify.php,62,35,0,4,0,1,0,0,0,0,4,1,0,1
https://api-v2.sbi.co.in/session/i014o46w4j?ref=761&track=1,60,17,1,3,13,3,3,3,0,0,0,0,0,0
https://docs.icicibank.com/home,29,16,1,3,0,2,1,0,0,0,0,0,0,0
http://faceb00k.cf/signin-confirm.html?id=3239,45,9,0,1,5,2,2,1,0,0,0,1,0,1
http://bit.ly/4579xz,21,7,0,0,5,1,1,1,0,1,0,0,0,1
https://www.sbi.co.in/about,25,12,1,2,0,1,0,4,0,0,0,0,0,0
https://user-portal.wikipedia.org/session/8cynl63gaguvb99?ref=728&track=1,74,27,1,0,10,0,6,1,0,0,1,0,0,0
http://faceb00k.tk/update-confirm.html?id=57235,48,12,0,4,6,1,4,0,0,0,2,1,0,1
https://geeksforgeeks.org/contact,32,19,1,0,0,0,0,0,0,0,0,0,0,0
https://docs.mit.edu/docs/api,29,12,1,1,2,0,2,1,0,0,0,0,0,0
http://134.63.107.68/verify/index.php?session=514317,54,13,0,4,14,0,3,3,1,0,0,0,0,1
https://www.microsoft.com/home,31,17,1,2,2,0,0,3,0,1,0,0,0,0
http://is.gd/6058xz,19,3,0,3,2,2,0,0,0,1,0,0,0,1
https://en.icicibank.com/contact,32,18,1,3,0,0,0,1,0,0,0,0,0,0
http://login.icicibank-secure.club/login.php,43,25,0,2,1,1,0,0,0,0,4,1,0,1
https://docs.w3schools.com/products,36,19,1,3,0,0,2,2,0,0,0,0,0,0
https://en.microsoft.com/docs/api,32,16,1,0,1,1,0,1,0,1,2,0,0,0
https://docs.microsoft.com,25,16,1,3,0,0,2,2,0,1,0,0,0,0
http://gooogle.cf/verify-confirm.html?id=63116,48,12,0,1,5,0,1,0,0,0,0,1,0,1
http://cutt.ly/5661xz,21,8,0,3,5,0,1,1,0,1,0,0,0,1
http://goo.gl/8014xz,18,4,0,0,5,1,0,0,0,1,2,0,0,1
https://www.python.org/blog/2024/article,38,15,1,1,5,0,0,0,0,0,1,0,0,0
https://www.stackoverflow.com/course/aiml,39,19,1,1,1,0,1,1,0,0,2,0,0,0
http://10.28.12.21/account-verify/index.php?session=961978,58,10,0,3,12,0,2,4,1,0,0,0,0,1
https://api-v2.hdfcbank.com/session/j590emc20lsjws1?ref=139&track=1,68,17,1,1,9,3,6,3,0,0,3,0,0,0
http://154.159.16.114/secure/index.php?session=754759,53,16,0,6,16,0,3,4,1,0,1,0,0,1
http://amazon-account-verify-9yuhyycdyg2r3b8xpoo0wrsyf9mt.work/account-verify/9yuhyycdyg2r3b8xpoo0wrsyf9mt,106,57,0,0,12,6,2,0,0,0,2,1,0,1
https://www.geeksforgeeks.org/docs/api,37,22,1,0,2,0,2,0,0,0,1,0,0,0
http://netflix-verify-3wxmd6ufu3toy2se3ys7o29beqerfuowik0.ml/verify/3wxmd6ufu3toy2se3ys7o29beqerfuowik0,101,54,0,3,17,4,0,2,0,0,0,1,0,1
https://google.com/docs/api,28,9,1,0,0,0,2,0,0,0,0,0,0,0
http://65.104.251.77/secure/index.php?session=949006,50,15,0,6,16,0,0,4,1,0,0,0,0,1
https://www.stackoverflow.com/docs/api,36,22,1,3,1,0,2,2,0,0,0,0,0,0
http://100.9.211.61/signin/index.php?session=529905,51,10,0,2,17,0,0,1,1,0,2,0,0,1
https://www.geeksforgeeks.org,28,19,1,2,1,0,0,0,0,0,0,0,0,0
https://docs.stackoverflow.com/docs/api,38,20,1,1,0,0,1,3,0,0,2,0,0,0
https://docs.linkedin.com/products,36,17,1,2,0,2,0,0,0,0,0,0,0,0
https://docs.icicibank.com/user/profile,40,18,1,1,1,0,0,3,0,0,3,0,0,0
http://sbi-login-g5phqo-fdlr90212jd1bje-yoawcvd.ga/login/g5phqo-fdlr90212jd1bje-yoawcvd,89,41,0,0,15,7,0,2,0,0,0,1,0,1
https://www.python.org/blog/2024/article,42,16,1,1,5,0,0,3,0,0,2,0,0,0
http://paypal-bank-account-wi6xl1jd0i2w4b2.tk/bank-account/wi6xl1jd0i2w4b2,73,38,0,0,10,6,0,2,0,0,0,1,0,1
http://secure.microsoft-support.work/secure.php,48,31,0,2,1,2,2,1,0,0,3,1,0,1
https://nytimes.com/about,24,13,1,0,0,0,0,0,0,0,1,0,0,0
https://www.python.org/user/profile,37,14,1,2,1,0,0,2,0,0,0,0,0,0
https://icicibank.com/home,24,14,1,0,2,1,0,0,0,0,3,0,0,0
https://www.google.com/about,30,14,1,4,0,0,2,2,0,0,0,0,0,0
http://sbi-verify-tps01d4npw-xyo-2tfrta90faxuy8kfh.cf/verify/tps01d4npw-xyo-2tfrta90faxuy8kfh,92,48,0,2,16,6,0,0,0,0,0,1,0,1
https://paypal-signin.info/signin,31,17,1,0,0,0,0,2,0,0,2,1,0,1
http://update.icicibank-support.work/update.php,46,29,0,5,0,0,0,0,0,0,3,1,0,1
https://docs.linkedin.com/search?q=machine+learning,49,15,1,3,1,2,1,0,0,0,0,0,0,0
https://www.amazon.com/docs/api,30,14,1,3,1,2,0,0,0,0,2,0,0,0
http://paypa1.gq/account-verify-confirm.html?id=26610,54,8,0,4,5,3,0,0,0,0,1,1,0,1
http://gooogle.ml/update-confirm.html?id=70416,46,12,0,0,5,1,3,2,0,0,4,1,0,1
http://is.gd/2094xz,17,5,0,2,5,2,2,2,0,1,1,0,0,1
https://www.stackoverflow.com/products,39,22,1,1,2,0,0,0,0,0,2,0,0,0
https://user-portal.google.com/session/nyfwdc112h?ref=602&track=1,67,21,1,0,8,2,4,1,0,0,2,0,0,0
https://docs.python.org/user/profile,35,17,1,4,2,2,2,0,0,0,0,0,0,0
http://amaz0n.top/account-verify-confirm.html?id=29223,54,11,0,3,6,2,1,0,0,0,5,1,0,1
http://paypal-update-rh981tb-fzy-w4ztp0acfbyr68ev1kgwxl.ga/update/rh981tb-fzy-w4ztp0acfbyr68ev1kgwxl,102,53,0,0,17,7,1,1,0,0,2,1,0,1
https://amazon-login.com/login,32,16,1,1,1,0,0,2,0,0,0,0,0,1
http://is.gd/7622xz,19,4,0,1,4,2,1,0,0,1,0,0,0,1
http://paypa1.com/update-confirm.html?id=45906,45,9,0,4,6,0,1,0,0,0,2,0,0,1
https://www.stackoverflow.com/docs/api,39,20,1,1,0,0,2,2,0,0,0,0,0,0
https://www.python.org/contact,28,12,1,1,0,0,0,2,0,0,0,0,0,0
https://user-portal.flipkart.com/session/wozq48enwbbadly?ref=331&track=1,70,23,1,1,4,1,2,1,0,1,2,0,0,0
https://bbc.com/blog/2024/article,35,7,1,1,4,0,0,0,0,0,0,0,0,0
http://netflix-update-ctssqty7-7gisk0wr33bj-1zc4kd.gq/update/ctssqty7-7gisk0wr33bj-1zc4kd,91,47,0,0,15,7,2,0,0,0,1,1,0,1
https://www.geeksforgeeks.org/products,38,20,1,0,2,1,0,1,0,0,0,0,0,0
http://192.180.158.141/bank-account/index.php?session=310704,60,16,0,3,18,2,2,0,1,0,4,0,0,1
https://flipkart.com/home,25,10,1,0,0,0,0,0,0,1,0,0,0,1
https://en.linkedin.com/blog/2024/article,43,17,1,4,2,2,1,2,0,0,0,0,0,0
https://docs.microsoft.com/about,30,20,1,1,1,0,0,0,0,1,2,0,0,0
http://faceb00k.ga/verify-confirm.html?id=60864,47,13,0,4,6,0,1,2,0,0,2,1,0,1
https://en.irctc.co.in/about,30,12,1,3,0,0,1,1,0,0,0,0,0,0
https://www.microsoft.com/home,28,16,1,4,0,0,0,0,0,1,0,0,0,0
https://docs.geeksforgeeks.org/course/aiml,41,23,1,2,1,2,1,0,0,0,1,0,0,0
https://www.irctc.co.in/home,29,13,1,5,0,2,1,3,0,0,1,0,0,0
https://amazon-webscr.work/webscr,32,17,1,0,0,2,0,1,0,0,3,1,0,1
http://23.41.159.25/bank-account/index.php?session=810070,56,13,0,2,17,1,4,1,1,0,1,0,0,1
http://goo.gl/1293xz,20,4,0,0,3,0,1,1,0,1,0,0,0,1
https://icicibank-account-verify.club/account-verify,50,29,1,3,1,2,2,0,0,0,3,1,0,1
https://www.wikipedia.org/user/profile,37,16,1,2,2,0,0,1,0,0,2,0,0,0
https://www.flipkart.com/contact,33,14,1,1,0,0,0,2,0,1,1,0,0,0
https://api-v2.microsoft.com/session/ibjzp97b?ref=826&track=1,62,21,1,4,9,2,4,2,0,1,2,0,0,0
https://www.w3schools.com/about,31,16,1,4,1,1,1,2,0,0,0,0,0,0
https://www.nptel.ac.in,21,17,1,5,0,0,2,1,0,0,1,0,0,0
http://paypa1.cf/confirm-password-confirm.html?id=46452,57,8,0,0,8,1,4,0,0,0,3,1,0,0
https://www.microsoft.com/products,33,16,1,2,0,0,1,0,0,1,0,0,0,0
http://confirm-password.icicibank-secure.ml/confirm-password.php,64,34,0,2,0,5,0,3,0,0,2,1,0,1
http://signin.icicibank-support.gq/signin.php,47,25,0,2,0,0,0,2,0,0,2,1,0,1
http://account-verify.amazon-support.cf/account-verify.php,59,30,0,5,0,1,2,2,0,0,2,1,0,1
http://gooogle.club/confirm-password-confirm.html?id=53817,60,13,0,0,5,2,1,0,0,0,0,1,0,1
https://paypal-billing-update.gq/billing-update,49,24,1,1,0,4,2,2,0,0,1,1,0,1
http://goo.gl/1627xz,20,8,0,1,6,0,0,0,0,1,0,0,0,1
http://faceb00k.cf/billing-update-confirm.html?id=31312,57,9,0,2,9,4,0,1,0,0,3,1,0,1
http://billing-update.amazon-update.work/billing-update.php,58,35,0,1,2,3,1,1,0,0,1,1,0,1
http://bit.ly/2743xz,22,6,0,1,3,2,2,1,0,1,0,0,0,1
http://t.co/1227xz,17,4,0,2,2,2,0,0,0,1,1,0,0,1
https://www.reddit.com/user/profile,33,14,1,3,1,1,1,1,0,1,0,0,0,0
https://docs.flipkart.com/search?q=machine+learning,52,18,1,3,0,1,1,0,0,1,1,0,0,0
https://cdn.linkedin.com/session/bnkfvdhlz02z7nuxf?ref=179&track=1,67,14,1,3,6,0,2,3,0,0,1,0,0,0
https://en.hdfcbank.com/course/aiml,37,16,1,3,0,1,2,1,0,0,0,0,0,1
https://www.geeksforgeeks.org/products,37,19,1,4,0,1,0,1,0,0,2,0,0,0
https://www.reddit.com,20,12,1,3,1,1,0,0,0,1,0,0,0,0
http://bit.ly/3832xz,20,6,0,0,4,0,0,0,0,1,1,0,0,1
http://amaz0n.ml/login-confirm.html?id=73119,43,9,0,2,4,0,3,0,0,0,0,1,0,1
https://linkedin.com/user/profile,32,10,1,3,1,2,0,0,0,0,0,0,0,0
https://www.stackoverflow.com/home,36,20,1,4,1,1,0,2,0,0,0,0,0,1
https://en.nptel.ac.in/about,27,16,1,1,0,1,1,1,0,0,2,0,0,0
https://hdfcbank.com/contact,30,10,1,0,0,0,1,2,0,0,3,0,0,0
http://paypa1.com/billing-update-confirm.html?id=29418,53,8,0,1,5,3,3,0,0,0,3,0,0,1
https://www.reddit.com/user/profile,37,13,1,4,0,2,0,1,0,1,0,0,0,0
https://en.github.com/blog/2024/article,39,11,1,0,3,0,1,2,0,0,1,0,0,0
https://www.nytimes.com/user/profile,36,17,1,3,0,0,0,0,0,0,0,0,0,0
https://en.flipkart.com/blog/2024/article,41,17,1,2,3,2,1,1,0,1,0,0,0,0
http://micros0ft.top/confirm-password-confirm.html?id=58264,61,15,0,3,4,1,4,0,0,0,3,1,0,1
http://t.co/5815xz,19,6,0,3,5,2,1,1,0,1,2,0,0,1
https://www.nptel.ac.in/docs/api,30,15,1,5,2,0,1,2,0,0,0,0,0,0
https://api-v2.nytimes.com/session/en3v1wnp?ref=521&track=1,61,20,1,3,7,0,3,0,0,0,0,0,0,0
https://www.geeksforgeeks.org/course/aiml,40,22,1,1,0,1,0,2,0,0,0,0,0,0
http://verify.hdfcbank-support.top/verify.php,43,29,0,1,0,0,0,3,0,0,3,1,0,1
http://amaz0n.com/bank-account-confirm.html?id=92591,54,8,0,0,4,3,1,0,0,0,3,0,0,1
http://41.48.249.228/account-verify/index.php?session=135094,59,14,0,3,18,2,1,3,1,0,3,0,0,1
https://user-portal.github.com/session/28192v4dusgehn0?ref=880&track=1,72,21,1,1,9,2,5,1,0,0,0,0,0,0
https://sbi.co.in,15,8,1,1,0,0,0,2,0,0,0,0,0,0
https://www.geeksforgeeks.org/contact,36,19,1,4,1,0,0,3,0,0,2,0,0,0
http://micros0ft.xyz/signin-confirm.html?id=34798,48,13,0,2,4,3,3,0,0,0,4,1,0,1
https://docs.bbc.com/contact,26,10,1,2,2,1,1,1,0,0,0,0,0,0
http://amazon-login-3j9dz0v81430vjcjvhd2p7.work/login/3j9dz0v81430vjcjvhd2p7,76,41,0,2,19,1,1,0,0,0,2,1,0,1
http://webscr.microsoft-update.info/webscr.php,45,27,0,3,0,2,0,0,0,0,0,1,0,1
http://paypal-signin-6b3nixi9e66436c.ga/signin/6b3nixi9e66436c,64,31,0,1,16,2,1,0,0,0,0,1,0,1
http://bank-account.icicibank-support.cf/bank-account.php,57,33,0,1,1,2,0,0,0,0,2,1,0,1
https://en.github.com/contact,27,12,1,1,0,0,2,2,0,0,2,0,0,0
http://73.16.70.62/login/index.php?session=67977,47,13,0,4,11,0,3,1,1,0,0,0,0,1
https://www.geeksforgeeks.org/products,37,19,1,2,2,0,0,2,0,0,0,0,0,0
http://paypal-billing-update-2cuae4hk3mqeyssr-8npwr7yk9mmv-am.xyz/billing-update/2cuae4hk3mqeyssr-8npwr7yk9mmv-am,115,58,0,0,10,6,0,0,0,0,2,1,0,1
https://icicibank-verify.xyz/verify,34,21,1,0,2,1,1,1,0,0,0,1,0,1
http://gooogle.tk/account-verify-confirm.html?id=19649,55,9,0,1,3,0,1,0,0,0,3,1,0,1
https://www.amazon.com/search?q=machine+learning,47,13,1,4,0,0,0,1,0,0,1,0,0,0
https://netflix-signin.cf/signin,33,15,1,1,1,3,0,0,0,0,0,1,0,1
https://amazon-verify.gq/verify,29,14,1,0,0,1,0,0,0,0,3,1,0,1
https://api-v2.stackoverflow.com/session/n2q3fkeoubxxq6?ref=242&track=1,71,23,1,2,7,1,3,2,0,0,2,0,0,0
https://netflix-confirm-password.work/confirm-password,52,27,1,0,1,2,0,0,0,0,4,1,0,1
http://138.222.57.148/account-verify/index.php?session=144606,63,16,0,2,19,1,1,0,1,0,1,0,0,1
http://paypal-bank-account-ahsx8bo0uahz9ol.club/bank-account/ahsx8bo0uahz9ol,75,40,0,1,6,4,2,0,0,0,0,1,0,1
https://www.irctc.co.in/about,31,15,1,3,1,0,0,1,0,0,0,0,0,0
http://webscr.amazon-secure.top/webscr.php,42,26,0,1,2,3,0,1,0,0,4,1,0,1
https://www.flipkart.com/search?q=machine+learning,51,18,1,4,0,0,4,3,0,1,2,0,0,0
http://netflix-login-bcpla9jz-ds3umk3.cf/login/bcpla9jz-ds3umk3,62,32,0,0,7,6,0,0,0,0,0,1,0,1
https://paypal-webscr.info/webscr,31,16,1,1,2,0,0,1,0,0,0,1,0,1
https://www.hdfcbank.com/blog/2024/article,42,17,1,2,5,0,2,2,0,0,2,0,0,0
https://www.nptel.ac.in,25,16,1,5,0,0,1,0,0,0,0,0,0,0
https://docs.wikipedia.org/blog/2024/article,43,18,1,0,3,0,0,0,0,0,2,0,0,0
https://www.geeksforgeeks.org/blog/2024/article,47,19,1,4,2,0,2,0,0,0,0,0,0,0
http://paypal-login-eon54u7uu909s3x82tjohqjf-9--ff.tk/login/eon54u7uu909s3x82tjohqjf-9--ff,88,48,0,1,21,8,0,0,0,0,0,1,0,1
http://goo.gl/2227xz,20,5,0,2,6,0,0,1,0,1,2,0,0,1
http://netflix-login-a0d95wg27286ibjvbi7mhhagnb373m-e.tk/login/a0d95wg27286ibjvbi7mhhagnb373m-e,96,49,0,1,24,3,0,0,0,0,3,1,0,1
http://t.co/6025xz,16,3,0,0,3,0,2,2,0,1,2,0,0,1
http://amazon-secure-pcyxbymh0it5bv5i.ga/secure/pcyxbymh0it5bv5i,62,32,0,2,6,3,1,0,0,0,2,1,0,1
https://static-assets.microsoft.com/session/07ol93aczsx0?ref=280&track=1,72,29,1,3,8,3,3,0,0,1,0,0,0,0
https://www.mit.edu/home,26,9,1,3,0,0,0,3,0,0,0,0,0,0
https://amazon-secure.top/secure,33,17,1,1,0,0,0,1,0,0,3,1,0,1
https://www.python.org/course/aiml,34,15,1,4,2,0,0,1,0,0,1,0,0,0
https://en.amazon.com/products,28,15,1,3,0,0,0,0,0,0,0,0,0,0
https://en.irctc.co.in/docs/api,31,15,1,1,2,0,0,2,0,0,0,0,0,0
http://t.co/8332xz,17,5,0,3,2,0,0,0,0,1,0,0,0,1
https://docs.bbc.com,22,12,1,1,0,1,1,1,0,0,0,0,0,0
http://netflix-webscr-atmzy4okip6b7ijjps.info/webscr/atmzy4okip6b7ijjps,70,37,0,0,7,4,0,0,0,0,0,1,0,1
http://update.icicibank-support.info/update.php,47,28,0,4,0,3,0,0,0,0,3,1,0,1
http://faceb00k.cf/account-verify-confirm.html?id=57108,56,13,0,2,5,3,4,0,0,0,2,1,0,1
https://static-assets.linkedin.com/session/cihdiy4nrmqy?ref=583&track=1,72,28,1,3,5,1,5,1,0,0,0,0,0,0
https://paypal-confirm-password.tk/confirm-password,49,25,1,1,0,1,1,0,0,0,2,1,0,1
https://icicibank-account-verify.tk/account-verify,52,25,1,1,0,3,0,1,0,0,1,1,0,0
http://40.78.20.181/billing-update/index.php?session=266108,61,13,0,2,13,3,2,4,1,0,2,0,0,1
https://amazon.com/course/aiml,30,11,1,0,2,1,0,1,0,0,1,0,0,0
http://paypal-update-t90gehuiqti3fexub8f6hg680uhfbeggac.ml/update/t90gehuiqti3fexub8f6hg680uhfbeggac,101,49,0,0,18,1,2,1,0,0,2,1,0,1
https://docs.sbi.co.in/home,27,16,1,4,1,0,0,4,0,0,0,0,0,0
https://cdn.wikipedia.org/session/1y5ayyov84f?ref=571&track=1,62,15,1,0,10,1,6,2,0,0,0,0,0,0
https://netflix-account-verify.ga/account-verify,48,27,1,0,2,5,1,1,0,0,1,1,0,1
https://www.sbi.co.in,21,15,1,3,1,0,2,0,0,0,1,0,0,0
https://docs.wikipedia.org,28,17,1,1,0,0,0,1,0,0,0,0,0,0
http://240.139.141.95/update/index.php?session=51392,53,14,0,3,15,2,0,1,1,0,1,0,0,1
http://faceb00k.cf/bank-account-confirm.html?id=40117,52,11,0,0,8,1,2,0,0,0,1,1,0,1
http://237.213.162.250/bank-account/index.php?session=62496,60,17,0,4,18,0,2,0,1,0,2,0,0,1
http://goo.gl/3480xz,20,4,0,3,4,2,2,0,0,1,0,0,0,1
http://199.191.207.168/confirm-password/index.php?session=950391,63,15,0,3,16,2,4,0,1,0,2,0,0,1
https://www.geeksforgeeks.org/home,34,22,1,4,0,0,2,2,0,0,0,0,0,0
http://faceb00k.gq/bank-account-confirm.html?id=11878,55,9,0,0,9,4,1,1,0,0,3,1,0,1
http://ow.ly/7993xz,17,3,0,3,4,0,0,0,0,1,1,0,0,1
https://en.geeksforgeeks.org/search?q=machine+learning,56,21,1,0,0,0,3,2,0,0,1,0,0,0
https://www.flipkart.com/search?q=machine+learning,52,18,1,3,0,2,2,0,0,1,0,0,0,0
http://is.gd/3167xz,17,7,0,3,4,0,1,0,0,1,0,0,0,1
http://sbi-login-pmfhrtvcf4tksp7dkflab1qm7vt7fjzhjmy.club/login/pmfhrtvcf4tksp7dkflab1qm7vt7fjzhjmy,100,49,0,0,12,2,2,0,0,0,2,1,0,1
https://www.icicibank.com/user/profile,38,18,1,4,0,2,2,3,0,0,0,0,0,0
https://linkedin.com/products,28,12,1,3,1,2,2,0,0,0,0,0,0,0
https://www.nytimes.com,25,16,1,2,2,0,0,0,0,0,0,0,0,0
http://42.205.103.62/signin/index.php?session=196528,52,15,0,5,17,1,3,4,1,0,0,0,0,1
https://www.nptel.ac.in/home,26,16,1,5,2,0,0,1,0,0,1,0,0,0
http://faceb00k.ga/account-verify-confirm.html?id=92193,53,9,0,2,8,0,3,0,0,0,4,1,0,1
https://www.icicibank.com/user/profile,40,17,1,4,2,0,0,1,0,0,3,0,0,0
http://verify.icicibank-update.xyz/verify.php,47,26,0,3,2,3,0,0,0,0,5,1,0,1
http://faceb00k.cf/account-verify-confirm.html?id=46408,55,9,0,1,6,4,4,0,0,0,3,1,0,1
https://www.stackoverflow.com/search?q=machine+learning,56,22,1,2,0,0,4,0,0,0,0,0,0,0
https://docs.stackoverflow.com,31,21,1,2,0,0,0,1,0,0,1,0,0,0
https://en.amazon.com/search?q=machine+learning,46,14,1,1,0,0,2,0,0,0,0,0,0,0
http://47.2.144.146/signin/index.php?session=587607,50,10,0,2,16,0,4,4,1,0,3,0,0,1
https://www.sbi.co.in/home,28,12,1,2,0,1,0,4,0,0,2,0,0,1
https://www.geeksforgeeks.org/products,36,21,1,2,2,0,0,0,0,0,0,0,0,0
http://signin.hdfcbank-update.gq/signin.php,41,25,0,3,0,0,0,1,0,0,3,1,0,1
https://en.google.com,20,13,1,2,2,1,0,0,0,0,1,0,0,0
https://www.nytimes.com,24,14,1,4,0,1,2,2,0,0,0,0,0,0
https://www.stackoverflow.com,30,22,1,1,0,0,0,0,0,0,1,0,0,0
https://netflix-confirm-password.xyz/confirm-password,54,28,1,2,0,4,0,0,0,0,4,1,0,1
http://paypal-account-verify-t8jysigg59gumt7qa56iw8v.gq/account-verify/t8jysigg59gumt7qa56iw8v,96,49,0,2,16,4,1,0,0,0,4,1,0,1
http://amazon-bank-account-ymfh6e8f0q2w1-zw4dq22ikx.xyz/bank-account/ymfh6e8f0q2w1-zw4dq22ikx,91,50,0,0,14,5,2,0,0,0,2,1,0,1
https://www.wikipedia.org/search?q=machine+learning,53,16,1,3,1,0,4,0,0,0,0,0,0,0
https://en.amazon.com/contact,30,12,1,3,1,2,0,1,0,0,0,0,0,0
https://reddit.com/course/aiml,30,8,1,0,1,0,1,0,0,1,1,0,0,0
http://sbi-bank-account-q2ek2hw78y-pppcgr7pe2f.gq/bank-account/q2ek2hw78y-pppcgr7pe2f,83,40,0,2,13,7,0,0,0,0,4,1,0,1
https://docs.w3schools.com/user/profile,38,16,1,2,1,1,0,3,0,0,2,0,0,0
http://signin.amazon-support.info/signin.php,42,27,0,5,0,2,0,2,0,0,3,1,0,1
http://faceb00k.ga/account-verify-confirm.html?id=45113,57,13,0,0,5,0,3,0,0,0,5,1,0,1
https://www.sbi.co.in/docs/api,32,11,1,5,0,1,0,1,0,0,2,0,0,0
http://amaz0n.top/login-confirm.html?id=61556,47,9,0,3,4,0,0,1,0,0,0,1,0,1
https://docs.sbi.co.in/course/aiml,32,15,1,5,0,1,2,0,0,0,2,0,0,0
http://webscr.amazon-support.cf/webscr.php,44,25,0,1,0,2,1,0,0,0,1,1,0,1
https://en.linkedin.com,24,14,1,0,1,0,0,2,0,0,2,0,0,0
http://secure.hdfcbank-support.xyz/secure.php,47,28,0,5,0,0,1,0,0,0,3,1,0,1
https://www.icicibank.com/docs/api,32,17,1,2,0,1,0,1,0,0,0,0,0,0
https://icicibank-account-verify.xyz/account-verify,50,29,1,0,0,4,0,0,0,0,3,1,0,1
https://docs.nytimes.com/search?q=machine+learning,52,18,1,4,0,0,3,0,0,0,0,0,0,0
http://is.gd/8711xz,18,3,0,3,5,1,0,2,0,1,1,0,0,1
https://amazon.com/contact,25,11,1,2,0,0,0,0,0,0,0,0,0,0
http://netflix-login-ea97578ubvl929dt5qzhgi3g3.club/login/ea97578ubvl929dt5qzhgi3g3,81,44,0,2,21,0,2,1,0,0,1,1,0,1
http://amaz0n.club/webscr-confirm.html?id=68548,47,12,0,2,6,1,3,0,0,0,3,1,0,1
https://www.microsoft.com/course/aiml,39,19,1,1,0,2,0,0,0,1,0,0,0,0
http://50.33.173.102/signin/index.php?session=21945,49,13,0,2,17,0,4,0,1,0,2,0,0,1
http://amazon-verify-w1vq6wt6fxl2jpkpr3a2i20plap8wr2s.top/verify/w1vq6wt6fxl2jpkpr3a2i20plap8wr2s,96,52,0,1,19,0,0,0,0,0,0,1,0,1
http://amazon-signin-2raih0nog0epo-tz.work/signin/2raih0nog0epo-tz,65,35,0,3,6,6,0,0,0,0,2,1,0,1
https://reddit.com,17,8,1,3,1,0,0,0,0,1,0,0,0,0
http://bank-account.icicibank-support.ga/bank-account.php,58,31,0,4,0,3,0,0,0,0,3,1,0,1
https://docs.flipkart.com,23,18,1,4,0,2,0,0,0,1,0,0,0,1
http://micros0ft.com/billing-update-confirm.html?id=65247,57,11,0,4,4,1,4,1,0,1,2,0,0,1
https://docs.stackoverflow.com/products,38,24,1,1,2,0,0,3,0,0,2,0,0,0
http://83.162.12.84/login/index.php?session=849940,50,13,0,4,17,0,4,4,1,0,2,0,0,1
https://python.org/search?q=machine+learning,46,10,1,0,2,0,0,1,0,0,0,0,0,0
https://www.linkedin.com/contact,31,17,1,4,0,0,1,2,0,0,0,0,0,0
https://docs.geeksforgeeks.org/blog/2024/article,50,24,1,4,5,0,1,0,0,0,0,0,0,0
https://sbi.co.in/course/aiml,27,10,1,3,0,2,2,0,0,0,0,0,0,0
https://docs.nptel.ac.in,24,14,1,5,0,2,0,1,0,0,0,0,0,0
http://cutt.ly/6838xz,22,9,0,3,5,0,0,0,0,1,1,0,0,1
https://docs.amazon.com/about,29,16,1,2,1,0,1,3,0,0,0,0,0,0
https://w3schools.com/about,28,11,1,0,0,1,0,1,0,0,2,0,0,0
http://249.24.91.234/update/index.php?session=557213,53,14,0,2,17,1,2,2,1,0,2,0,0,1
https://www.nytimes.com/about,28,15,1,1,0,0,0,0,0,0,2,0,0,0
http://tinyurl.com/2267xz,27,12,0,0,4,1,1,2,0,1,1,0,0,1
https://static-assets.w3schools.com/session/fy1h0s2utbt?ref=810&track=1,71,28,1,4,9,0,2,0,0,0,0,0,0,0
https://en.mit.edu/about,26,9,1,3,2,2,1,3,0,0,0,0,0,0
https://wikipedia.org/home,24,13,1,0,2,0,1,0,0,0,1,0,0,0
http://cutt.ly/2371xz,23,7,0,0,3,2,1,0,0,1,0,0,0,1
https://github.com/about,26,9,1,3,2,0,0,0,0,0,2,0,0,0
https://hdfcbank.com/course/aiml,30,13,1,2,2,0,0,2,0,0,0,0,0,0
https://api-v2.nptel.ac.in/session/grmqdzpjl9r9?ref=865&track=1,62,20,1,1,9,0,2,2,0,0,2,0,0,0
https://en.w3schools.com,23,16,1,1,2,0,0,1,0,0,0,0,0,0
https://user-portal.irctc.co.in/session/rde51k8lxeqlezz1?ref=960&track=1,71,23,1,4,8,2,5,0,0,0,2,0,0,0
https://docs.python.org/products,30,15,1,4,0,2,0,3,0,0,1,0,0,0
https://www.sbi.co.in/about,29,11,1,1,2,1,1,1,0,0,0,0,0,0
http://ow.ly/2642xz,18,5,0,2,6,0,2,0,0,1,0,0,0,1
http://micros0ft.com/billing-update-confirm.html?id=51212,57,14,0,2,7,1,1,1,0,1,2,0,0,1
https://www.microsoft.com/docs/api,35,16,1,1,0,0,0,3,0,1,0,0,0,0
http://8.46.78.11/signin/index.php?session=421719,51,9,0,2,12,1,2,0,1,0,0,0,0,1
https://www.github.com/docs/api,29,13,1,3,0,1,1,0,0,0,2,0,0,0
https://www.reddit.com/docs/api,30,14,1,1,1,0,0,0,0,1,0,0,0,0
https://en.bbc.com/contact,28,11,1,2,0,1,0,2,0,0,2,0,0,0
http://29.162.193.53/login/index.php?session=449504,52,15,0,4,16,0,2,2,1,0,1,0,0,1
http://confirm-password.amazon-secure.gq/confirm-password.php,63,31,0,5,0,2,1,1,0,0,1,1,0,1
http://goo.gl/9032xz,21,5,0,2,4,2,2,2,0,1,0,0,0,1
https://nptel.ac.in/home,23,10,1,4,2,1,0,0,0,0,0,0,0,0
https://www.flipkart.com/home,27,15,1,3,2,1,0,1,0,1,2,0,0,0
https://paypal-secure.cf/secure,30,16,1,3,0,2,1,0,0,0,0,1,0,1
https://www.microsoft.com/products,34,15,1,1,1,0,1,3,0,1,0,0,0,0
https://linkedin.com,22,10,1,3,1,0,1,0,0,0,0,0,0,0
https://www.amazon.com/search?q=machine+learning,47,14,1,0,0,1,0,0,0,0,1,0,0,0
https://www.mit.edu,19,11,1,4,0,2,2,0,0,0,1,0,0,0
http://billing-update.hdfcbank-support.info/billing-update.php,61,37,0,4,2,3,0,1,0,0,5,1,0,1
https://en.linkedin.com/contact,32,14,1,4,0,1,1,0,0,0,0,0,0,0
https://icicibank-login.tk/login,32,17,1,0,0,2,2,2,0,0,1,1,0,1
https://en.microsoft.com/course/aiml,36,18,1,3,0,0,0,3,0,1,0,0,0,0
http://bank-account.paypal-support.ga/bank-account.php,53,28,0,5,0,4,0,0,0,0,3,1,0,1
https://www.icicibank.com/home,28,19,1,1,1,1,0,0,0,0,0,0,0,0
https://stackoverflow.com/course/aiml,35,17,1,1,1,1,0,0,0,0,2,0,0,0
https://w3schools.com/blog/2024/article,37,11,1,2,6,0,1,0,0,0,0,0,0,0
https://www.github.com/user/profile,37,14,1,3,0,0,0,0,0,0,0,0,0,0
https://en.bbc.com/home,23,9,1,4,0,0,0,0,0,0,1,0,0,0
http://billing-update.icicibank-support.xyz/billing-update.php,64,37,0,3,0,2,0,1,0,0,5,1,0,1
http://faceb00k.com/secure-confirm.html?id=6728,47,13,0,0,4,0,4,0,0,0,3,0,0,1
https://docs.sbi.co.in/blog/2024/article,40,15,1,5,6,2,0,3,0,0,2,0,0,0
http://confirm-password.paypal-support.ml/confirm-password.php,62,33,0,3,1,3,0,0,0,0,3,1,0,1
https://www.bbc.com/docs/api,27,13,1,0,0,1,2,0,0,0,2,0,0,0
http://bit.ly/2310xz,21,7,0,0,5,0,0,0,0,1,0,0,0,1
https://en.irctc.co.in/search?q=machine+learning,46,16,1,1,1,0,3,4,0,0,1,0,0,0
https://www.amazon.com,23,12,1,3,0,0,0,2,0,0,0,0,0,0
http://cutt.ly/3870xz,21,6,0,0,3,0,0,0,0,1,0,0,0,1
https://www.google.com/blog/2024/article,41,14,1,4,3,0,0,0,0,0,0,0,0,0
https://docs.google.com/search?q=machine+learning,49,16,1,3,0,0,0,1,0,0,1,0,0,0
http://paypa1.club/secure-confirm.html?id=13429,46,12,0,2,6,3,2,0,0,0,1,1,0,1
https://python.org/course/aiml,30,12,1,0,0,1,0,0,0,0,0,0,0,0
https://www.linkedin.com/products,35,18,1,0,0,2,0,0,0,0,2,0,0,0
http://sbi-billing-update-xqozb09gjcr7d97u9892ytrtr8th3c3.work/billing-update/xqozb09gjcr7d97u9892ytrtr8th3c3,110,56,0,2,24,6,0,0,0,0,0,1,0,1
http://77.12.13.104/confirm-password/index.php?session=600031,60,14,0,3,14,2,2,0,1,0,1,0,0,1
http://amazon-signin-7hgr7trp7b5hjkxbkp.gq/signin/7hgr7trp7b5hjkxbkp,70,37,0,1,7,2,0,2,0,0,0,1,0,1
http://amazon-confirm-password-jp3cnxleotp8a3uh14ce34.xyz/confirm-password/jp3cnxleotp8a3uh14ce34,95,51,0,2,12,6,1,0,0,0,0,1,0,1
http://tinyurl.com/1020xz,26,11,0,3,5,0,0,0,0,1,0,0,0,1
http://paypa1.tk/account-verify-confirm.html?id=99257,55,8,0,0,7,1,0,2,0,0,4,1,0,0
http://faceb00k.xyz/webscr-confirm.html?id=28104,47,11,0,3,7,0,3,0,0,0,3,1,0,1
http://netflix-account-verify-vo5g5iq-fn0-jo8k-9yvj784ll.xyz/account-verify/vo5g5iq-fn0-jo8k-9yvj784ll,101,54,0,1,17,9,0,0,0,0,0,1,0,1
https://user-portal.python.org/session/4ufans5s?ref=733&track=1,65,20,1,0,6,0,6,0,0,0,0,0,0,0
https://www.icicibank.com/user/profile,38,18,1,0,1,0,2,0,0,0,2,0,0,0
https://www.flipkart.com/home,29,15,1,0,0,0,2,0,0,1,0,0,0,0
http://gooogle.com/login-confirm.html?id=8721,44,9,0,2,4,2,0,0,0,0,2,0,0,1
https://www.google.com/course/aiml,36,15,1,4,0,2,0,2,0,0,0,0,0,0
https://www.bbc.com/user/profile,33,11,1,0,0,2,0,2,0,0,2,0,0,0
http://is.gd/5217xz,17,7,0,0,6,2,0,0,0,1,2,0,0,1
https://en.flipkart.com/contact,30,14,1,2,0,0,0,3,0,1,1,0,0,0
http://paypal-confirm-password-7650xfj3etpsezxs.tk/confirm-password/7650xfj3etpsezxs,86,41,0,0,10,6,2,0,0,0,0,1,0,1
http://32.158.35.185/verify/index.php?session=629210,54,11,0,6,18,0,0,3,1,0,1,0,0,1
http://paypa1.com/billing-update-confirm.html?id=42990,53,11,0,3,7,1,3,2,0,0,2,0,0,1
https://amazon-secure.work/secure,31,20,1,1,1,1,2,1,0,0,0,1,0,1
https://w3schools.com/contact,27,15,1,3,2,0,0,1,0,0,2,0,0,0
https://en.mit.edu/docs/api,28,9,1,3,0,2,0,3,0,0,0,0,0,0
https://sbi.co.in,17,7,1,0,0,2,0,0,0,0,0,0,0,0
http://faceb00k.com/confirm-password-confirm.html?id=45891,58,12,0,3,7,4,1,2,0,0,1,0,0,1
http://bank-account.hdfcbank-secure.info/bank-account.php,57,34,0,5,0,3,0,0,0,0,4,1,0,1
https://en.sbi.co.in/products,30,13,1,3,0,2,1,4,0,0,1,0,0,0
http://236.29.206.223/verify/index.php?session=534001,52,15,0,6,19,0,1,1,1,0,0,0,0,1
https://api-v2.reddit.com/session/xsnhft4i2?ref=439&track=1,61,15,1,4,8,0,4,0,0,1,0,0,0,0
https://www.geeksforgeeks.org/contact,37,20,1,0,0,0,0,2,0,0,0,0,0,0
https://docs.wikipedia.org/docs/api,34,18,1,2,0,1,0,0,0,0,0,0,0,0
https://docs.amazon.com/blog/2024/article,43,14,1,4,4,0,0,2,0,0,0,0,0,0
https://en.flipkart.com/user/profile,36,13,1,3,2,0,1,0,0,1,0,0,0,0
http://netflix-account-verify-oc1tsdxan0us--ybece.cf/account-verify/oc1tsdxan0us--ybece,85,46,0,0,5,6,2,2,0,0,1,1,0,1
https://docs.linkedin.com/course/aiml,36,17,1,2,0,1,1,0,0,0,2,0,0,0
https://www.nytimes.com/course/aiml,37,13,1,3,1,0,0,0,0,0,0,0,0,0
https://www.github.com/products,31,15,1,3,0,2,1,1,0,0,1,0,0,0
http://221.245.63.148/update/index.php?session=537506,55,15,0,5,15,0,2,0,1,0,3,0,0,1
http://paypa1.tk/login-confirm.html?id=47527,42,11,0,0,7,1,3,0,0,0,1,1,0,1
https://en.wikipedia.org/search?q=machine+learning,48,17,1,3,0,1,4,1,0,0,2,0,0,0
https://icicibank-billing-update.club/billing-update,52,29,1,2,0,4,0,2,0,0,4,1,0,0
https://hdfcbank.com/course/aiml,30,10,1,0,0,1,0,0,0,0,3,0,0,0
https://icicibank-secure.work/secure,34,19,1,3,0,0,1,2,0,0,3,1,0,1
https://en.w3schools.com/blog/2024/article,41,16,1,4,4,0,0,3,0,0,0,0,0,0
http://faceb00k.ga/account-verify-confirm.html?id=16178,54,10,0,0,7,3,2,1,0,0,4,1,0,1
https://www.flipkart.com/blog/2024/article,41,15,1,2,3,0,0,2,0,1,2,0,0,0
http://confirm-password.paypal-update.club/confirm-password.php,61,34,0,4,2,5,0,3,0,0,4,1,0,1
https://amazon-secure.club/secure,31,18,1,0,0,3,2,2,0,0,3,1,0,1
https://www.linkedin.com/contact,31,16,1,3,0,0,0,0,0,0,0,0,0,0
https://docs.mit.edu/products,30,12,1,1,0,1,2,2,0,0,0,0,0,0
https://www.wikipedia.org/contact,32,18,1,4,1,0,2,3,0,0,0,0,0,0
https://hdfcbank.com/products,30,14,1,2,0,0,1,0,0,0,2,0,0,0
http://amaz0n.club/confirm-password-confirm.html?id=5221,57,13,0,4,5,3,0,1,0,0,0,1,0,1
https://en.reddit.com/about,26,11,1,4,1,0,0,3,0,1,0,0,0,0
http://cutt.ly/3314xz,21,5,0,2,4,1,1,0,0,1,2,0,0,1
https://api-v2.google.com/session/x6lgoi7ofvw?ref=532&track=1,60,19,1,0,7,1,6,2,0,0,0,0,0,0
http://paypal-webscr-5agp71r2oa0fuv0xp5p5xl.xyz/webscr/5agp71r2oa0fuv0xp5p5xl,76,42,0,3,17,4,0,1,0,0,1,1,0,1
http://micros0ft.com/billing-update-confirm.html?id=99973,58,15,0,4,5,4,1,1,0,1,4,0,0,0
http://account-verify.amazon-support.ga/account-verify.php,57,33,0,3,1,4,0,2,0,0,4,1,0,1
http://40.108.180.83/billing-update/index.php?session=927489,60,13,0,4,15,0,4,0,1,0,2,0,0,1
https://www.icicibank.com,23,19,1,4,2,0,0,2,0,0,0,0,0,0
https://icicibank-update.ml/update,35,18,1,0,0,1,0,1,0,0,2,1,0,1
https://en.flipkart.com/user/profile,37,15,1,4,0,1,1,3,0,1,2,0,0,0
https://www.amazon.com/docs/api,29,12,1,4,0,0,0,3,0,0,0,0,0,0
https://paypal-webscr.top/webscr,32,19,1,2,0,2,1,2,0,0,3,1,0,1
https://www.bbc.com/user/profile,31,9,1,3,0,0,2,0,0,0,1,0,0,0
https://cdn.geeksforgeeks.org/session/iy4kl9arye?ref=256&track=1,65,20,1,1,8,0,6,0,0,0,2,0,0,0
https://www.bbc.com,18,13,1,3,0,1,2,0,0,0,2,0,0,0
http://amazon-signin-9y3xgebec52rn-u.cf/signin/9y3xgebec52rn-u,63,30,0,2,10,4,0,0,0,0,2,1,0,0
https://en.icicibank.com/blog/2024/article,42,15,1,4,6,0,0,2,0,0,0,0,0,0
https://www.reddit.com/about,28,16,1,1,0,1,0,1,0,1,0,0,0,0
https://www.reddit.com/search?q=machine+learning,46,15,1,2,0,0,2,0,0,1,0,0,0,0
http://152.75.158.215/bank-account/index.php?session=552642,60,14,0,6,19,2,3,1,1,0,2,0,0,1
https://www.w3schools.com/search?q=machine+learning,50,17,1,2,1,0,4,3,0,0,0,0,0,0
https://www.flipkart.com/search?q=machine+learning,52,18,1,1,0,0,2,0,0,1,0,0,0,0
https://en.nytimes.com,22,16,1,3,0,0,1,3,0,0,0,0,0,1
https://www.sbi.co.in,19,15,1,1,0,0,0,4,0,0,0,0,0,0
https://www.sbi.co.in,23,13,1,4,0,0,2,4,0,0,2,0,0,0
http://gooogle.ml/billing-update-confirm.html?id=68369,53,10,0,1,5,1,4,0,0,0,1,1,0,1
https://www.reddit.com,21,12,1,4,0,0,0,0,0,1,1,0,0,0
https://amazon-secure.club/secure,34,19,1,3,0,3,0,0,0,0,0,1,0,1
http://micros0ft.xyz/bank-account-confirm.html?id=55729,56,13,0,3,4,3,1,1,0,0,3,1,0,1
http://webscr.hdfcbank-secure.gq/webscr.php,44,26,0,4,2,3,0,3,0,0,5,1,0,1
http://amaz0n.club/update-confirm.html?id=42168,48,12,0,1,7,3,0,0,0,0,4,1,0,1
https://paypal-signin.xyz/signin,30,19,1,2,0,0,0,0,0,0,0,1,0,1
https://en.github.com,22,13,1,2,1,0,0,3,0,0,2,0,0,0
https://www.stackoverflow.com/search?q=machine+learning,54,21,1,4,1,1,0,0,0,0,2,0,0,0
http://48.110.21.192/signin/index.php?session=923864,51,15,0,2,18,0,3,3,1,0,2,0,0,1
http://micros0ft.top/confirm-password-confirm.html?id=10965,60,14,0,4,8,2,1,0,0,0,2,1,0,1
https://paypal-account-verify.info/account-verify,47,28,1,2,0,5,1,1,0,0,4,1,0,0
https://www.reddit.com/user/profile,34,15,1,1,2,2,0,0,0,1,1,0,0,0
https://www.wikipedia.org/blog/2024/article,42,18,1,3,5,1,0,1,0,0,2,0,0,0
https://static-assets.bbc.com/session/3uy5evszz?ref=675&track=1,64,23,1,2,7,0,5,1,0,0,0,0,0,0
https://docs.nptel.ac.in/docs/api,31,18,1,1,0,1,0,3,0,0,0,0,0,0
http://paypa1.ml/login-confirm.html?id=95951,42,10,0,1,6,1,4,0,0,0,2,1,0,1
https://www.python.org/user/profile,35,14,1,3,1,1,0,0,0,0,1,0,0,0
https://amazon-bank-account.tk/bank-account,43,21,1,1,0,1,0,0,0,0,0,1,0,1
http://faceb00k.work/verify-confirm.html?id=29492,51,11,0,1,9,1,3,0,0,0,1,1,0,1
http://197.221.114.227/account-verify/index.php?session=463115,64,14,0,4,17,0,1,0,1,0,1,0,0,1
http://goo.gl/5049xz,21,5,0,0,2,2,1,0,0,1,0,0,0,1
http://gooogle.gq/update-confirm.html?id=571,42,8,0,1,1,2,0,1,0,0,4,1,0,1
https://en.amazon.com/search?q=machine+learning,47,12,1,3,0,0,1,2,0,0,0,0,0,0
https://www.wikipedia.org/products,32,19,1,3,0,2,0,2,0,0,1,0,0,0
https://api-v2.python.org/session/6kyj91kubj?ref=775&track=1,58,17,1,1,6,2,5,0,0,0,0,0,0,0
http://billing-update.hdfcbank-support.info/billing-update.php,61,34,0,2,0,1,0,0,0,0,1,1,0,1
https://www.flipkart.com/blog/2024/article,41,16,1,1,5,0,0,0,0,1,0,0,0,0
https://www.microsoft.com/products,32,18,1,4,0,1,2,0,0,1,0,0,0,0
https://www.irctc.co.in/home,30,14,1,2,0,1,0,1,0,0,2,0,0,0
https://docs.python.org/home,29,15,1,3,0,2,0,3,0,0,1,0,0,0
http://micros0ft.work/verify-confirm.html?id=91628,51,15,0,3,8,2,1,0,0,0,4,1,0,1
https://amazon.com/home,23,9,1,2,2,1,0,0,0,0,0,0,0,0
http://is.gd/9698xz,19,3,0,2,2,0,2,0,0,1,2,0,0,1
http://231.130.166.78/account-verify/index.php?session=736933,62,13,0,3,16,1,4,3,1,0,4,0,0,1
http://amazon-update-ks08h1umt59jx6yoqdz.top/update/ks08h1umt59jx6yoqdz,73,38,0,0,10,4,1,2,0,0,2,1,0,1
https://www.python.org,21,16,1,4,0,0,0,0,0,0,1,0,0,0
https://www.reddit.com/user/profile,33,13,1,3,0,0,0,3,0,1,0,0,0,0
http://124.163.199.229/webscr/index.php?session=198323,52,15,0,3,18,0,0,1,1,0,2,0,0,1
https://www.nytimes.com/products,32,15,1,0,0,1,0,0,0,0,1,0,0,0
https://www.w3schools.com/blog/2024/article,41,17,1,3,6,0,1,0,0,0,0,0,0,0
http://netflix-billing-update-f5n40a1co87p9qhf5rggum03adt84gz0i.tk/billing-update/f5n40a1co87p9qhf5rggum03adt84gz0i,115,60,0,1,26,4,2,0,0,0,1,1,0,1
https://en.w3schools.com/about,29,17,1,4,0,0,0,3,0,0,0,0,0,0
https://www.nytimes.com/about,30,15,1,2,1,0,0,3,0,0,0,0,0,0
http://4.144.124.208/update/index.php?session=447644,51,12,0,5,18,0,4,1,1,0,0,0,0,1
https://linkedin.com/home,25,13,1,0,0,2,0,1,0,0,2,0,0,0
http://secure.paypal-secure.club/secure.php,44,24,0,4,1,0,0,3,0,0,0,1,0,1
http://ow.ly/9615xz,21,4,0,0,4,1,0,0,0,1,0,0,0,1
https://microsoft.com/about,28,13,1,1,2,1,0,2,0,1,2,0,0,0
https://www.mit.edu,17,9,1,2,0,1,0,0,0,0,2,0,0,0
https://www.irctc.co.in/home,29,14,1,5,0,0,0,0,0,0,2,0,0,0
http://goo.gl/4697xz,21,5,0,0,4,0,0,0,0,1,2,0,0,1
https://www.microsoft.com/course/aiml,37,15,1,3,2,1,1,3,0,1,1,0,0,0
http://t.co/6578xz,20,3,0,0,2,2,0,0,0,1,2,0,0,1
https://cdn.geeksforgeeks.org/session/bt6sapbs22ruw0u92t24?ref=687&track=1,75,20,1,3,11,0,3,1,0,0,2,0,0,0
https://www.microsoft.com/docs/api,36,16,1,1,0,2,0,0,0,1,0,0,0,0
https://api-v2.microsoft.com/session/c9lgytlcqfmuiw7?ref=391&track=1,70,19,1,0,9,2,3,2,0,1,1,0,0,0
http://amaz0n.gq/billing-update-confirm.html?id=43317,55,10,0,1,6,4,2,0,0,0,2,1,0,1
http://goo.gl/8418xz,21,4,0,1,6,2,0,1,0,1,1,0,0,1
http://ow.ly/4315xz,18,3,0,0,5,0,0,1,0,1,1,0,0,1
https://microsoft.com/home,25,11,1,0,0,0,0,2,0,1,2,0,0,0
https://www.flipkart.com/home,29,16,1,4,1,1,1,0,0,1,1,0,0,0
http://signin.microsoft-update.club/signin.php,46,26,0,5,0,3,2,3,0,0,4,1,0,1
http://verify.paypal-support.info/verify.php,43,24,0,5,0,1,0,2,0,0,1,1,0,1
http://bit.ly/4943xz,19,7,0,1,4,2,0,0,0,1,2,0,0,1
https://github.com/search?q=machine+learning,45,10,1,0,0,0,4,0,0,0,0,0,0,0
https://www.irctc.co.in/home,26,16,1,3,0,0,0,1,0,0,2,0,0,0
https://icicibank-account-verify.gq/account-verify,51,25,1,0,2,2,1,0,0,0,4,1,0,1
https://paypal-verify.club/verify,34,17,1,2,0,3,0,2,0,0,0,1,0,1
http://netflix-billing-update-p-uot-ilb5zcqy35ro6z5laxs.club/billing-update/p-uot-ilb5zcqy35ro6z5laxs,99,55,0,3,9,7,2,0,0,0,4,1,0,1
https://netflix-signin.top/signin,33,18,1,0,0,1,1,0,0,0,2,1,0,1
http://sbi-billing-update-h1jhk1i8nupfpsqollf54rtaswj2y2w.xyz/billing-update/h1jhk1i8nupfpsqollf54rtaswj2y2w,106,56,0,2,12,5,1,0,0,0,1,1,0,1
https://docs.github.com,24,17,1,4,0,1,0,0,0,0,0,0,0,0
http://104.208.125.110/verify/index.php?session=503201,56,15,0,2,16,2,1,4,1,0,0,0,0,1
http://ow.ly/1889xz,18,4,0,0,5,0,0,0,0,1,0,0,0,1
https://paypal-account-verify.top/account-verify,47,25,1,0,1,5,0,0,0,0,4,1,0,1
https://python.org/products,29,11,1,2,2,1,1,1,0,0,0,0,0,0
http://gooogle.ml/secure-confirm.html?id=51032,46,12,0,1,7,1,2,0,0,0,4,1,0,1
http://netflix-login-z16z6fnx85ssd2jivoi07aaivw-58yk.cf/login/z16z6fnx85ssd2jivoi07aaivw-58yk,93,48,0,0,20,2,1,1,0,0,3,1,0,1
http://33.227.38.131/billing-update/index.php?session=245500,61,13,0,5,15,0,0,1,1,0,2,0,0,1
http://sbi-billing-update-47i7qgcnrslam94qef20lksnice1srp0zgx.ml/billing-update/47i7qgcnrslam94qef20lksnice1srp0zgx,116,58,0,0,20,5,0,0,0,0,3,1,0,1
http://faceb00k.info/secure-confirm.html?id=53245,50,14,0,2,6,3,3,0,0,0,2,1,0,1
http://paypa1.ga/confirm-password-confirm.html?id=19870,57,9,0,0,4,3,3,2,0,0,1,1,0,1
https://netflix-verify.ga/verify,34,17,1,3,0,3,0,2,0,0,1,1,0,1
http://micros0ft.tk/webscr-confirm.html?id=37487,47,10,0,0,5,1,0,2,0,0,3,1,0,1
http://sbi-webscr-zdsue25dkrf5fyf.cf/webscr/zdsue25dkrf5fyf,59,29,0,3,5,0,0,0,0,0,2,1,0,1
http://cutt.ly/7130xz,20,8,0,0,5,2,2,0,0,1,2,0,0,1
https://hdfcbank.com/docs/api,27,12,1,0,0,1,0,0,0,0,1,0,0,0
http://account-verify.paypal-update.tk/account-verify.php,56,31,0,1,1,2,0,0,0,0,2,1,0,1
http://paypa1.com/verify-confirm.html?id=75785,47,8,0,1,5,0,0,0,0,0,4,0,0,1
https://www.bbc.com/course/aiml,30,13,1,4,0,0,0,2,0,0,0,0,0,0
https://amazon-login.top/login,32,18,1,1,2,0,0,1,0,0,2,1,0,1
https://flipkart.com/blog/2024/article,37,12,1,2,5,1,0,0,0,1,0,0,0,0
https://www.python.org/course/aiml,33,16,1,2,2,0,2,1,0,0,2,0,0,0
http://netflix-login-ykuq6gtv673f09d398zf1a8-om.work/login/ykuq6gtv673f09d398zf1a8-om,87,46,0,0,20,3,1,2,0,0,3,1,0,1
http://bit.ly/7290xz,21,7,0,2,5,0,0,2,0,1,1,0,0,1
https://static-assets.mit.edu/session/5l3xfulhzq?ref=107&track=1,63,19,1,0,6,0,5,1,0,0,0,0,0,0
http://netflix-webscr-nzuevgb67eho50v1rktygbsdrj3txguu1s.xyz/webscr/nzuevgb67eho50v1rktygbsdrj3txguu1s,104,53,0,1,13,4,2,2,0,0,1,1,0,1
https://www.amazon.com/user/profile,37,16,1,4,2,0,2,3,0,0,1,0,0,0
https://en.bbc.com/contact,25,8,1,0,1,2,1,1,0,0,0,0,0,0
http://secure.icicibank-support.cf/secure.php,47,26,0,2,2,3,0,0,0,0,3,1,0,1
http://micros0ft.tk/bank-account-confirm.html?id=38545,56,11,0,4,4,1,3,0,0,0,4,1,0,1
http://amaz0n.ml/confirm-password-confirm.html?id=37780,56,8,0,4,6,4,4,0,0,0,2,1,0,1
https://www.reddit.com/products,29,15,1,1,2,0,0,0,0,1,0,0,0,0
http://amaz0n.tk/update-confirm.html?id=68509,47,7,0,0,6,1,2,0,0,0,4,1,0,1
https://www.nytimes.com/blog/2024/article,40,15,1,1,2,1,2,2,0,0,1,0,0,0
https://netflix-secure.info/secure,34,18,1,0,2,0,1,2,0,0,0,1,0,1
https://linkedin.com,20,11,1,3,0,0,1,0,0,0,0,0,0,0
https://paypal-login.tk/login,28,15,1,2,0,3,0,0,0,0,1,1,0,1
http://tinyurl.com/9763xz,27,9,0,3,3,0,2,2,0,1,2,0,0,1
https://docs.wikipedia.org/search?q=machine+learning,50,19,1,4,0,0,3,0,0,0,2,0,0,0
http://verify.paypal-support.club/verify.php,46,25,0,2,0,1,0,0,0,0,2,1,0,1
https://en.microsoft.com/search?q=machine+learning,48,16,1,2,1,1,4,0,0,1,2,0,0,0
https://icicibank-verify.tk/verify,35,20,1,3,0,0,0,2,0,0,2,1,0,1
http://45.161.172.27/bank-account/index.php?session=393789,58,14,0,2,17,0,1,1,1,0,3,0,0,1
https://docs.microsoft.com/home,32,20,1,3,2,1,1,0,0,1,0,0,0,0
https://www.reddit.com/search?q=machine+learning,47,16,1,1,0,0,3,1,0,1,0,0,0,0
https://www.hdfcbank.com/contact,32,16,1,3,2,1,2,2,0,0,3,0,0,0
https://www.reddit.com/products,32,12,1,4,0,0,1,2,0,1,0,0,0,0
https://docs.w3schools.com/home,31,19,1,3,0,0,1,3,0,0,0,0,0,0
https://www.flipkart.com/search?q=machine+learning,50,16,1,4,0,2,2,0,0,1,1,0,0,0
http://amazon-secure-nr3x-zm6z32l99np2sbo73nl8imco.info/secure/nr3x-zm6z32l99np2sbo73nl8imco,90,46,0,0,22,5,2,0,0,0,2,1,0,1
https://google.com/course/aiml,32,10,1,0,0,0,0,0,0,0,0,0,0,0
https://sbi.co.in/search?q=machine+learning,42,9,1,3,2,0,0,0,0,0,0,0,0,0
https://icicibank-webscr.com/webscr,36,20,1,3,0,0,0,0,0,0,2,0,0,1
https://en.flipkart.com/about,28,14,1,1,1,1,1,3,0,1,0,0,0,0
https://netflix-billing-update.club/billing-update,48,27,1,0,0,3,1,1,0,0,0,1,0,1
http://sbi-confirm-password-mwow4ozj0-jzcs1.tk/confirm-password/mwow4ozj0-jzcs1,78,40,0,2,6,8,1,0,0,0,0,1,0,1
http://ow.ly/2481xz,21,4,0,0,2,0,0,0,0,1,0,0,0,1
http://faceb00k.xyz/verify-confirm.html?id=21068,50,11,0,1,8,3,1,0,0,0,4,1,0,1
https://static-assets.google.com/session/lzn9uhjpkh?ref=544&track=1,68,25,1,3,6,3,3,0,0,0,0,0,0,1
http://paypa1.info/secure-confirm.html?id=47118,45,12,0,2,5,3,4,2,0,0,1,1,0,1
https://en.bbc.com/search?q=machine+learning,46,12,1,4,0,1,0,2,0,0,0,0,0,0
http://gooogle.info/verify-confirm.html?id=31231,50,11,0,3,6,1,2,1,0,0,3,1,0,1
https://www.github.com/about,28,15,1,1,0,0,0,0,0,0,0,0,0,0
http://bit.ly/5938xz,18,4,0,1,6,0,0,0,0,1,2,0,0,1
http://netflix-bank-account-0xx2vn2kuww1z-q6ktno9jmdaslw-hghg2.top/bank-account/0xx2vn2kuww1z-q6ktno9jmdaslw-hghg2,113,61,0,1,14,10,0,0,0,0,2,1,0,1
https://wikipedia.org/products,28,11,1,2,0,1,2,2,0,0,1,0,0,0
https://user-portal.stackoverflow.com/session/7pwdbolwimr?ref=759&track=1,72,27,1,4,4,1,5,1,0,0,2,0,0,0
https://www.wikipedia.org/contact,32,19,1,0,0,1,0,1,0,0,0,0,0,0
http://t.co/8264xz,16,3,0,2,6,0,0,2,0,1,0,0,0,1
http://82.208.6.86/billing-update/index.php?session=61005,56,9,0,6,14,0,1,3,1,0,1,0,0,1
https://www.w3schools.com/user/profile,39,16,1,3,2,1,2,3,0,0,0,0,0,0
https://en.geeksforgeeks.org/user/profile,40,19,1,2,1,0,0,0,0,0,1,0,0,0
http://255.51.246.137/login/index.php?session=69189,49,14,0,2,17,0,3,2,1,0,0,0,0,1
https://www.github.com/about,30,13,1,2,1,1,0,2,0,0,0,0,0,0
https://www.flipkart.com/contact,33,14,1,2,1,2,0,0,0,1,1,0,0,0
http://netflix-login-bv9tsmz-bn2hcd5gfkb0z108qsb7.ml/login/bv9tsmz-bn2hcd5gfkb0z108qsb7,88,43,0,0,16,6,2,2,0,0,0,1,0,1
https://api-v2.sbi.co.in/session/9yl16zv8?ref=844&track=1,57,18,1,1,7,0,3,0,0,0,0,0,0,0
http://paypa1.com/signin-confirm.html?id=79594,45,9,0,4,7,0,2,1,0,0,2,0,0,1
https://static-assets.linkedin.com/session/ba117nidp9mgyh5?ref=841&track=1,75,24,1,3,10,2,4,0,0,0,0,0,0,0
https://www.icicibank.com/blog/2024/article,42,19,1,2,4,0,1,1,0,0,1,0,0,0
http://t.co/7746xz,16,3,0,0,3,2,0,0,0,1,0,0,0,1
http://ow.ly/4551xz,21,5,0,3,5,0,0,2,0,1,0,0,0,1
http://micros0ft.top/verify-confirm.html?id=43373,48,12,0,3,8,3,0,1,0,0,2,1,0,1
https://cdn.geeksforgeeks.org/session/oiks62c1jlopo6j0m?ref=415&track=1,69,23,1,0,11,0,2,3,0,0,0,0,0,0
http://paypa1.info/confirm-password-confirm.html?id=27327,59,11,0,3,6,1,2,2,0,0,2,1,0,1
http://157.156.129.10/bank-account/index.php?session=848073,61,13,0,6,16,3,2,1,1,0,4,0,0,1
http://faceb00k.club/update-confirm.html?id=84257,49,12,0,2,8,3,3,0,0,0,3,1,0,1
http://paypal-webscr-gsv0v6e4vnk1pmfd1z5znqrgaap8.tk/webscr/gsv0v6e4vnk1pmfd1z5znqrgaap8,86,45,0,2,12,1,0,1,0,0,1,1,0,1
http://sbi-secure-jhxpuuedo4k04h9v27shryns1hkra.ml/secure/jhxpuuedo4k04h9v27shryns1hkra,89,43,0,3,16,2,2,0,0,0,0,1,0,1
http://gooogle.info/account-verify-confirm.html?id=53721,57,12,0,0,5,0,1,0,0,0,2,1,0,1
https://paypal-secure.ml/secure,31,15,1,2,1,0,1,0,0,0,0,1,0,1
https://www.bbc.com/search?q=machine+learning,46,13,1,0,0,0,3,2,0,0,0,0,0,0
http://confirm-password.microsoft-update.ga/confirm-password.php,64,37,0,3,2,5,1,0,0,0,2,1,0,1
https://en.bbc.com/search?q=machine+learning,43,12,1,4,1,0,0,3,0,0,0,0,0,0
https://www.amazon.com/blog/2024/article,39,13,1,0,4,0,0,3,0,0,2,0,0,0
https://www.nytimes.com/docs/api,32,15,1,0,1,2,0,2,0,0,0,0,0,0
http://update.icicibank-support.info/update.php,47,28,0,5,2,0,0,3,0,0,0,1,0,1
http://secure.microsoft-support.xyz/secure.php,45,26,0,5,2,0,0,1,0,0,2,1,0,1
http://gooogle.top/login-confirm.html?id=74967,46,9,0,4,6,2,3,0,0,0,0,1,0,1
http://199.116.111.115/secure/index.php?session=277307,53,13,0,2,17,0,3,1,1,0,0,0,0,1
http://verify.microsoft-update.ga/verify.php,45,28,0,4,0,0,0,0,0,0,4,1,0,1
http://tinyurl.com/6527xz,26,10,0,1,3,0,0,0,0,1,1,0,0,1
http://sbi-login-korjge1vuy8s18wpqm97cyou.cf/login/korjge1vuy8s18wpqm97cyou,76,39,0,1,11,4,0,0,0,0,0,1,0,1
http://amazon-billing-update-8xkkjjar5g0tp0nn.ga/billing-update/8xkkjjar5g0tp0nn,80,42,0,0,8,4,0,2,0,0,1,1,0,1
https://www.wikipedia.org/blog/2024/article,42,19,1,4,3,0,0,0,0,0,2,0,0,0
https://docs.wikipedia.org/docs/api,33,18,1,1,0,1,0,0,0,0,2,0,0,0
https://www.bbc.com/blog/2024/article,36,10,1,4,3,0,1,2,0,0,1,0,0,0
https://www.linkedin.com/blog/2024/article,41,15,1,0,6,0,0,0,0,0,0,0,0,0
https://www.microsoft.com/contact,31,17,1,1,2,2,0,1,0,1,2,0,0,0
http://verify.paypal-support.tk/verify.php,43,26,0,5,1,0,0,1,0,0,0,1,0,1
http://amazon-account-verify-65tpvdeeh3cxg63desx.ml/account-verify/65tpvdeeh3cxg63desx,87,43,0,0,12,2,0,0,0,0,3,1,0,1
https://en.bbc.com/contact,27,8,1,2,2,2,0,2,0,0,0,0,0,0
http://gooogle.ml/verify-confirm.html?id=32027,47,8,0,2,7,2,3,1,0,0,2,1,0,1
https://www.microsoft.com/blog/2024/article,42,18,1,4,5,0,2,0,0,1,2,0,0,0
http://amazon-billing-update-oroqzcwev-8z88dceplfcra.club/billing-update/oroqzcwev-8z88dceplfcra,97,48,0,0,5,5,1,1,0,0,2,1,0,1
http://t.co/5232xz,17,3,0,2,6,0,0,0,0,1,0,0,0,1
https://www.nytimes.com/products,33,17,1,2,0,1,0,0,0,0,2,0,0,0
http://verify.amazon-support.cf/verify.php,42,22,0,5,1,1,0,0,0,0,0,1,0,1
http://cutt.ly/8263xz,22,7,0,3,2,0,0,0,0,1,0,0,0,1
http://is.gd/1122xz,19,5,0,3,5,0,0,1,0,1,2,0,0,1
http://121.212.74.15/login/index.php?session=299824,50,11,0,4,18,1,3,2,1,0,1,0,0,1
http://232.92.122.64/signin/index.php?session=117810,54,15,0,3,16,0,3,4,1,0,2,0,0,1
http://sbi-webscr-nqbh4rn31r-1r0is.ga/webscr/nqbh4rn31r-1r0is,63,32,0,0,8,4,0,1,0,0,0,1,0,1
https://www.w3schools.com,26,15,1,4,3,2,0,0,0,0,2,0,0,0
https://en.stackoverflow.com,30,21,1,2,2,0,1,1,0,0,0,0,0,0
http://update.paypal-update.work/update.php,44,26,0,1,0,1,0,0,0,0,2,1,0,1
http://154.208.208.20/confirm-password/index.php?session=854590,64,16,0,5,17,2,0,2,1,0,2,0,0,1
https://cdn.icicibank.com/session/o3aamtfpw6m?ref=303&track=1,60,15,1,3,4,0,4,0,0,0,0,0,0,0
http://sbi-webscr-t9g8qocw0yrwsu5vqs54e.club/webscr/t9g8qocw0yrwsu5vqs54e,71,37,0,0,10,1,2,0,0,0,1,1,0,1
http://cutt.ly/3301xz,19,6,0,0,4,1,0,0,0,1,2,0,0,1
https://api-v2.python.org/session/e7icdo5digxl9ysu?ref=878&track=1,68,17,1,0,9,2,2,1,0,0,0,0,0,0
https://www.amazon.com/blog/2024/article,40,16,1,0,5,0,1,3,0,0,2,0,0,0
http://micros0ft.xyz/signin-confirm.html?id=86094,50,15,0,1,4,2,3,0,0,0,3,1,0,1
http://confirm-password.icicibank-support.tk/confirm-password.php,67,36,0,3,0,4,0,1,0,0,5,1,0,1
http://sbi-update-nic4etzooveje2ypoaq2ds4e.ml/update/nic4etzooveje2ypoaq2ds4e,75,39,0,0,8,2,0,2,0,0,1,1,0,1
https://docs.flipkart.com/blog/2024/article,45,18,1,1,4,0,1,2,0,1,0,0,0,0
https://cdn.amazon.com/session/2vfhzpqvjldnhm63q?ref=623&track=1,66,15,1,4,5,0,4,1,0,0,2,0,0,0
https://python.org/docs/api,27,8,1,1,0,1,0,2,0,0,1,0,0,0
http://amaz0n.tk/login-confirm.html?id=26836,43,11,0,2,8,0,2,0,0,0,1,1,0,1
https://www.nptel.ac.in,22,16,1,5,1,1,2,0,0,0,2,0,0,0
https://paypal-billing-update.com/billing-update,46,24,1,0,0,2,2,0,0,0,3,0,0,1
https://amazon-confirm-password.top/confirm-password,54,28,1,0,0,4,0,0,0,0,4,1,0,1
https://docs.icicibank.com/course/aiml,40,18,1,4,0,2,2,1,0,0,3,0,0,0
https://stackoverflow.com/home,30,17,1,0,1,0,0,0,0,0,0,0,0,0
http://faceb00k.ml/billing-update-confirm.html?id=75911,54,12,0,4,5,2,1,1,0,0,1,1,0,1
https://netflix-login.ga/login,28,14,1,0,0,3,1,0,0,0,3,1,0,0
https://en.amazon.com/course/aiml,34,15,1,1,2,2,1,0,0,0,0,0,0,0
https://www.wikipedia.org/home,31,19,1,3,0,0,2,3,0,0,2,0,0,0
https://netflix-secure.xyz/secure,32,16,1,1,0,3,0,0,0,0,3,1,0,1
https://docs.python.org/home,26,15,1,3,0,1,0,3,0,0,2,0,0,0
https://www.linkedin.com/home,28,15,1,4,0,1,0,3,0,0,1,0,0,0
http://gooogle.top/account-verify-confirm.html?id=16996,55,11,0,4,4,2,2,0,0,0,1,1,0,1
https://www.bbc.com/course/aiml,31,10,1,2,1,0,1,2,0,0,0,0,0,0
https://en.reddit.com/course/aiml,32,11,1,1,0,0,2,0,0,1,0,0,0,0
https://en.flipkart.com/home,29,13,1,3,0,1,2,0,0,1,0,0,0,0
http://163.67.207.218/update/index.php?session=698020,53,13,0,5,18,2,2,2,1,0,0,0,0,1
https://static-assets.w3schools.com/session/t3ta195eq4pb?ref=670&track=1,73,25,1,1,11,2,2,0,0,0,0,0,0,0
https://www.icicibank.com/home,32,18,1,1,1,0,0,2,0,0,0,0,0,1
https://docs.bbc.com,20,10,1,2,0,0,2,1,0,0,0,0,0,0
http://t.co/1082xz,18,6,0,3,5,0,2,0,0,1,0,0,0,1
http://amaz0n.info/verify-confirm.html?id=76191,49,12,0,1,6,1,0,0,0,0,0,1,0,1
https://www.irctc.co.in/course/aiml,34,17,1,2,2,0,1,0,0,0,0,0,0,0
https://python.org/search?q=machine+learning,43,11,1,0,0,2,3,2,0,0,0,0,0,0
https://www.sbi.co.in/course/aiml,35,15,1,3,2,0,0,1,0,0,0,0,0,0
https://amazon.com,16,9,1,0,2,2,1,1,0,0,0,0,0,0
https://www.sbi.co.in/about,29,14,1,4,0,0,0,4,0,0,0,0,0,0
http://135.122.144.16/account-verify/index.php?session=635463,61,15,0,5,15,3,1,3,1,0,3,0,0,1
https://cdn.w3schools.com/session/kte02bip18a?ref=376&track=1,59,16,1,4,8,0,6,1,0,0,1,0,0,0
http://t.co/7217xz,19,3,0,2,6,0,0,0,0,1,0,0,0,1
http://update.paypal-secure.ml/update.php,40,23,0,5,0,0,0,0,0,0,1,1,0,1
http://gooogle.ga/confirm-password-confirm.html?id=64793,54,8,0,3,4,1,1,2,0,0,1,1,0,1
https://api-v2.nptel.ac.in/session/a6srg1yd5my3gdi?ref=613&track=1,65,20,1,3,9,1,2,3,0,0,2,0,0,0
http://update.microsoft-secure.ml/update.php,46,28,0,4,0,2,1,0,0,0,2,1,0,1
https://static-assets.irctc.co.in/session/08lcwl6qmgk?ref=255&track=1,71,26,1,4,5,3,5,1,0,0,2,0,0,0
http://confirm-password.paypal-update.club/confirm-password.php,61,35,0,4,0,5,0,3,0,0,2,1,0,1
https://www.reddit.com/search?q=machine+learning,47,12,1,4,0,2,3,1,0,1,0,0,0,0
http://faceb00k.info/webscr-confirm.html?id=41653,47,11,0,4,5,0,0,0,0,0,2,1,0,1
https://microsoft.com/course/aiml,32,11,1,0,0,0,0,0,0,1,2,0,0,0
http://amaz0n.info/account-verify-confirm.html?id=51673,53,13,0,2,5,0,1,2,0,0,1,1,0,1
https://en.sbi.co.in/search?q=machine+learning,47,14,1,3,2,1,4,4,0,0,2,0,0,0
https://www.mit.edu/search?q=machine+learning,46,12,1,2,0,0,4,1,0,0,0,0,0,0
http://login.microsoft-update.gq/login.php,40,25,0,1,2,1,0,0,0,0,2,1,0,1
https://www.icicibank.com/home,28,15,1,4,0,0,2,2,0,0,1,0,0,0
https://www.flipkart.com/contact,30,14,1,3,0,1,1,0,0,1,0,0,0,0
http://gooogle.work/billing-update-confirm.html?id=75775,55,13,0,2,4,1,4,0,0,0,2,1,0,1
https://www.linkedin.com/user/profile,38,14,1,4,1,0,1,2,0,0,1,0,0,0
https://www.geeksforgeeks.org/about,35,23,1,4,0,1,1,0,0,0,0,0,0,0
https://docs.geeksforgeeks.org/search?q=machine+learning,58,21,1,1,0,2,4,2,0,0,0,0,0,0
https://en.sbi.co.in/home,26,11,1,1,0,0,1,3,0,0,2,0,0,1
http://paypal-bank-account-ol6yhcmecv8afosjovbb6.xyz/bank-account/ol6yhcmecv8afosjovbb6,88,45,0,3,7,2,0,0,0,0,3,1,0,1
http://paypa1.cf/webscr-confirm.html?id=13700,47,11,0,3,4,2,0,0,0,0,4,1,0,1
http://sbi-secure-q0l-1k4rf87pk-1jfz4vjgkqmrg.tk/secure/q0l-1k4rf87pk-1jfz4vjgkqmrg,84,39,0,3,15,8,0,2,0,0,1,1,0,1
https://www.hdfcbank.com,26,14,1,2,1,0,0,0,0,0,0,0,0,0
http://sbi-confirm-password-jf9rrcwmlc12yhx.gq/confirm-password/jf9rrcwmlc12yhx,78,37,0,0,6,6,2,0,0,0,2,1,0,1
http://verify.hdfcbank-update.xyz/verify.php,44,25,0,1,0,0,0,0,0,0,4,1,0,1
https://www.icicibank.com,25,19,1,1,0,0,1,0,0,0,1,0,0,0
https://www.python.org/contact,29,12,1,4,0,0,0,2,0,0,0,0,0,0
https://www.nptel.ac.in/contact,30,16,1,2,2,1,0,3,0,0,1,0,0,0
https://en.reddit.com/blog/2024/article,37,14,1,4,3,0,0,0,0,1,0,0,0,0
http://gooogle.ga/account-verify-confirm.html?id=39321,52,12,0,3,5,2,3,0,0,0,3,1,0,1
https://www.irctc.co.in/course/aiml,35,14,1,3,0,2,0,1,0,0,0,0,0,0
https://docs.stackoverflow.com/products,37,22,1,2,1,0,0,1,0,0,0,0,0,0
http://amazon-account-verify--pksghs5y62mo6jmq1ojv.cf/account-verify/-pksghs5y62mo6jmq1ojv,89,44,0,3,11,4,0,0,0,0,0,1,0,1
http://gooogle.ga/login-confirm.html?id=27455,46,10,0,0,6,0,4,0,0,0,2,1,0,1
https://en.microsoft.com/blog/2024/article,44,18,1,1,5,2,0,0,0,1,0,0,0,0
http://micros0ft.club/confirm-password-confirm.html?id=40668,61,15,0,4,5,0,1,0,0,0,2,1,0,1
https://www.reddit.com,23,15,1,2,0,0,0,1,0,1,0,0,0,0
https://paypal-signin.ml/signin,33,16,1,1,0,2,0,0,0,0,1,1,0,1
https://netflix-account-verify.ga/account-verify,49,25,1,3,0,2,0,0,0,0,4,1,0,1
https://flipkart.com/about,24,14,1,3,0,2,1,1,0,1,2,0,0,1
https://www.google.com/contact,28,15,1,3,2,2,0,0,0,0,1,0,0,0
http://paypa1.com/billing-update-confirm.html?id=54984,54,8,0,0,6,4,1,2,0,0,3,0,0,1
http://146.110.207.232/update/index.php?session=635440,56,17,0,6,20,2,3,0,1,0,0,0,0,0
http://faceb00k.xyz/billing-update-confirm.html?id=74148,57,14,0,4,8,4,1,0,0,0,4,1,0,1
http://192.172.100.198/billing-update/index.php?session=169511,60,16,0,4,19,0,4,3,1,0,3,0,0,1
https://irctc.co.in/blog/2024/article,36,10,1,1,4,0,1,0,0,0,1,0,0,0
http://151.236.141.216/account-verify/index.php?session=219922,62,14,0,2,17,0,0,2,1,0,3,0,0,0
http://tinyurl.com/2250xz,27,10,0,1,3,0,0,0,0,1,0,0,0,1
https://sbi.co.in/user/profile,31,11,1,0,0,1,1,0,0,0,1,0,0,0
http://97.160.89.90/update/index.php?session=744636,50,14,0,3,13,0,1,1,1,0,0,0,0,1
http://login.icicibank-support.info/login.php,45,30,0,3,1,0,1,0,0,0,2,1,0,1
https://www.nptel.ac.in/blog/2024/article,41,13,1,4,5,0,0,1,0,0,0,0,0,0
http://webscr.paypal-update.xyz/webscr.php,44,26,0,1,2,0,0,0,0,0,3,1,0,1
https://geeksforgeeks.org/search?q=machine+learning,51,19,1,2,0,0,0,0,0,0,0,0,0,0
https://www.sbi.co.in/products,32,11,1,3,0,0,0,4,0,0,0,0,0,0
https://en.reddit.com,19,11,1,1,0,0,1,0,0,1,2,0,0,0
http://103.21.39.61/webscr/index.php?session=623516,52,10,0,4,14,2,1,0,1,0,0,0,0,1
http://231.72.212.79/signin/index.php?session=631142,50,15,0,5,14,0,3,1,1,0,0,0,0,1
https://www.microsoft.com/contact,31,15,1,3,1,0,1,2,0,1,0,0,0,0
http://amazon-signin-x48gjoxi6q3rfs8glb.top/signin/x48gjoxi6q3rfs8glb,70,34,0,1,8,2,1,2,0,0,2,1,0,1
http://confirm-password.paypal-support.work/confirm-password.php,65,34,0,5,0,3,2,1,0,0,2,1,0,1
https://www.irctc.co.in/blog/2024/article,40,16,1,2,3,0,0,3,0,0,0,0,0,0
https://paypal-webscr.cf/webscr,30,17,1,3,0,3,0,1,0,0,0,1,0,1
https://www.github.com,22,16,1,4,0,2,2,0,0,0,0,0,0,0
http://netflix-webscr-oxu3fes5cs-uj15nijcp.ml/webscr/oxu3fes5cs-uj15nijcp,74,36,0,0,9,5,1,0,0,0,0,1,0,1
https://www.icicibank.com/home,30,17,1,3,0,1,2,0,0,0,3,0,0,0
http://paypa1.gq/account-verify-confirm.html?id=63161,55,8,0,3,6,0,4,0,0,0,2,1,0,1
https://www.github.com/home,26,14,1,3,0,0,1,0,0,0,0,0,0,0
https://en.geeksforgeeks.org/course/aiml,42,20,1,1,0,2,2,1,0,0,0,0,0,0
https://www.github.com/course/aiml,35,14,1,4,0,0,0,3,0,0,0,0,0,0
http://goo.gl/1162xz,21,4,0,0,4,1,1,0,0,1,0,0,0,1
https://netflix-bank-account.top/bank-account,47,26,1,0,0,2,1,0,0,0,0,1,0,1
http://63.248.128.103/secure/index.php?session=208710,54,15,0,4,19,2,1,3,1,0,3,0,0,1
https://static-assets.nytimes.com/session/rvfffia3o?ref=581&track=1,66,27,1,0,4,3,3,1,0,0,1,0,0,0
https://amazon-login.xyz/login,30,16,1,0,0,0,2,0,0,0,0,1,0,1
http://cutt.ly/2647xz,19,7,0,0,4,2,2,1,0,1,0,0,0,1
https://en.reddit.com/blog/2024/article,40,15,1,0,6,1,2,0,0,1,0,0,0,0
https://static-assets.bbc.com/session/9lhalckz3vwlo7ammpq0?ref=645&track=1,74,21,1,0,6,2,2,0,0,0,0,0,0,0
http://paypal-login-je7kn1q59gcnubj85g5.ga/login/je7kn1q59gcnubj85g5,68,36,0,0,12,1,0,0,0,0,1,1,0,1
https://www.flipkart.com/about,31,18,1,3,0,0,1,0,0,1,1,0,0,0
https://icicibank-webscr.work/webscr,38,19,1,3,2,2,0,0,0,0,4,1,0,1
https://www.github.com/products,33,16,1,2,0,2,2,0,0,0,1,0,0,0
http://7.185.39.254/account-verify/index.php?session=371500,60,12,0,4,17,0,1,3,1,0,3,0,0,1
http://bit.ly/7158xz,20,4,0,0,3,2,2,2,0,1,0,0,0,1
https://microsoft.com/about,25,13,1,0,1,0,1,0,0,1,0,0,0,1
http://sbi-verify-nvvtjzms1a01znz4t2.work/verify/nvvtjzms1a01znz4t2,66,34,0,0,10,0,2,1,0,0,3,1,0,1
https://en.geeksforgeeks.org/contact,38,19,1,1,0,1,0,3,0,0,0,0,0,0
https://docs.geeksforgeeks.org/contact,40,22,1,2,0,2,0,0,0,0,1,0,0,0
https://docs.sbi.co.in/contact,30,15,1,5,1,1,1,0,0,0,0,0,0,0
http://signin.amazon-secure.club/signin.php,44,27,0,2,1,1,1,1,0,0,1,1,0,1
https://www.amazon.com/contact,30,12,1,2,0,2,0,0,0,0,0,0,0,0
https://docs.icicibank.com/course/aiml,40,16,1,3,0,0,0,0,0,0,2,0,0,0
https://www.flipkart.com,24,14,1,1,0,1,1,2,0,1,0,0,0,0
https://www.wikipedia.org/contact,31,15,1,2,0,2,1,0,0,0,2,0,0,0
http://netflix-billing-update-h44diarkj7zb-pdgkrjxth4fimlcb.xyz/billing-update/h44diarkj7zb-pdgkrjxth4fimlcb,108,54,0,1,6,7,2,0,0,0,3,1,0,1
https://en.reddit.com/products,30,12,1,1,0,0,0,2,0,1,0,0,0,0
https://www.stackoverflow.com/search?q=machine+learning,54,21,1,0,0,1,3,0,0,0,0,0,0,0
http://bank-account.paypal-update.top/bank-account.php,53,30,0,2,2,5,2,2,0,0,1,1,0,1
https://www.microsoft.com/search?q=machine+learning,53,16,1,0,0,2,4,1,0,1,2,0,0,0
https://www.irctc.co.in/search?q=machine+learning,47,17,1,5,0,0,1,0,0,0,1,0,0,0
https://flipkart.com,21,12,1,0,1,2,2,0,0,1,0,0,0,0
http://sbi-webscr-n2aejgt6jwjmw1-wfeaa.info/webscr/n2aejgt6jwjmw1-wfeaa,72,38,0,0,8,5,0,0,0,0,2,1,0,1
http://netflix-confirm-password-adghyuur9yvebhl1on.ga/confirm-password/adghyuur9yvebhl1on,91,45,0,0,2,5,2,2,0,0,2,1,0,1
http://signin.icicibank-secure.top/signin.php,44,29,0,1,0,2,0,2,0,0,1,1,0,1
http://webscr.hdfcbank-update.ga/webscr.php,44,24,0,4,0,0,0,0,0,0,2,1,0,1
https://www.nytimes.com/docs/api,34,14,1,1,0,0,1,0,0,0,2,0,0,0
https://www.hdfcbank.com/course/aiml,34,15,1,3,0,0,0,3,0,0,0,0,0,0
http://121.227.20.168/billing-update/index.php?session=409784,61,13,0,2,19,3,2,3,1,0,3,0,0,1
http://is.gd/4962xz,21,3,0,0,6,0,0,1,0,1,0,0,0,1
https://www.reddit.com/user/profile,36,13,1,4,0,2,1,3,0,1,0,0,0,0
https://stackoverflow.com/search?q=machine+learning,51,17,1,0,0,0,3,2,0,0,1,0,0,0
https://www.linkedin.com,25,14,1,2,2,0,0,2,0,0,2,0,0,0
http://micros0ft.xyz/update-confirm.html?id=86348,47,14,0,0,4,2,2,0,0,0,4,1,0,1
https://www.nytimes.com/contact,30,15,1,1,0,0,0,2,0,0,0,0,0,0
http://login.hdfcbank-update.cf/login.php,39,24,0,1,2,2,0,2,0,0,4,1,0,1
https://icicibank-account-verify.top/account-verify,53,30,1,3,0,3,0,0,0,0,4,1,0,1
http://bank-account.paypal-support.ga/bank-account.php,55,29,0,5,0,5,2,3,0,0,1,1,0,1
http://goo.gl/7798xz,18,5,0,3,5,0,0,0,0,1,1,0,0,1
https://www.mit.edu/home,24,9,1,2,0,0,0,1,0,0,1,0,0,0
https://github.com/user/profile,32,9,1,2,0,0,0,0,0,0,0,0,0,0
http://tinyurl.com/8253xz,23,10,0,0,4,0,0,1,0,1,0,0,0,1
https://icicibank-update.club/update,34,19,1,0,1,1,0,2,0,0,3,1,0,1
http://bit.ly/4747xz,22,8,0,0,4,2,0,0,0,1,2,0,0,1
http://confirm-password.microsoft-update.top/confirm-password.php,63,35,0,5,2,3,2,3,0,0,4,1,0,1
http://gooogle.info/signin-confirm.html?id=85103,49,11,0,3,7,3,3,0,0,0,4,1,0,1
http://168.201.201.224/account-verify/index.php?session=909913,64,16,0,3,19,2,4,0,1,0,3,0,0,1
http://paypa1.cf/webscr-confirm.html?id=80001,47,10,0,4,6,0,1,0,0,0,1,1,0,1
http://goo.gl/6452xz,20,6,0,1,2,0,0,0,0,1,0,0,0,1
https://netflix-secure.ml/secure,32,19,1,0,2,1,0,1,0,0,0,1,0,1
http://amaz0n.top/confirm-password-confirm.html?id=13585,54,8,0,0,4,4,0,2,0,0,3,1,0,1
https://www.bbc.com/about,27,12,1,4,1,0,0,2,0,0,2,0,0,0
https://www.google.com/user/profile,35,16,1,4,0,0,0,3,0,0,1,0,0,1
https://www.hdfcbank.com/products,34,18,1,3,0,1,0,1,0,0,0,0,0,0
https://www.amazon.com,21,15,1,4,0,0,0,2,0,0,0,0,0,0
https://docs.amazon.com/docs/api,30,15,1,1,1,0,0,0,0,0,0,0,0,0
http://233.15.15.185/verify/index.php?session=40548,50,12,0,3,13,0,4,2,1,0,3,0,0,1
http://160.24.16.97/bank-account/index.php?session=775159,55,11,0,3,16,2,0,1,1,0,3,0,0,1
https://amazon-account-verify.ga/account-verify,47,26,1,2,0,5,0,0,0,0,3,1,0,1
http://bank-account.paypal-support.cf/bank-account.php,56,29,0,1,1,3,0,0,0,0,2,1,0,1
https://paypal-verify.club/verify,35,19,1,1,2,2,2,2,0,0,2,1,0,1
http://242.25.16.183/update/index.php?session=997933,50,12,0,2,14,2,0,0,1,0,0,0,0,1
https://paypal-signin.xyz/signin,32,19,1,2,1,0,0,0,0,0,1,1,0,1
http://gooogle.ml/account-verify-confirm.html?id=49856,53,12,0,3,5,0,4,0,0,0,5,1,0,1
http://sbi-account-verify-48f4mzi4ndffz26qken9sgnxz22yc7vj8.cf/account-verify/48f4mzi4ndffz26qken9sgnxz22yc7vj8,112,53,0,0,20,5,2,2,0,0,4,1,0,1
https://en.irctc.co.in/about,30,13,1,4,0,0,1,4,0,0,0,0,0,0
https://docs.geeksforgeeks.org/about,34,23,1,0,1,0,0,3,0,0,1,0,0,0
https://api-v2.hdfcbank.com/session/0n17uxhvdhguesxnu?ref=926&track=1,69,21,1,3,6,2,4,2,0,0,2,0,0,0
https://icicibank-bank-account.info/bank-account,48,28,1,0,1,5,1,0,0,0,1,1,0,1
https://en.google.com/user/profile,32,11,1,1,2,0,1,3,0,0,0,0,0,0
http://tinyurl.com/3787xz,24,11,0,3,6,0,2,1,0,1,0,0,0,1
https://amazon-bank-account.xyz/bank-account,42,22,1,0,2,3,0,0,0,0,4,1,0,1
https://www.w3schools.com/user/profile,38,19,1,4,1,2,1,2,0,0,0,0,0,0
https://www.bbc.com/home,24,9,1,0,2,0,0,3,0,0,0,0,0,0
https://user-portal.sbi.co.in/session/pmozknhpv?ref=750&track=1,62,20,1,3,3,2,3,4,0,0,0,0,0,0
https://en.w3schools.com/blog/2024/article,42,16,1,1,3,0,2,0,0,0,1,0,0,0
https://netflix-signin.ml/signin,33,15,1,0,1,0,0,0,0,0,3,1,0,1
http://micros0ft.top/verify-confirm.html?id=58732,50,14,0,0,8,2,2,0,0,0,2,1,0,1
https://en.w3schools.com/blog/2024/article,42,15,1,2,5,2,0,0,0,0,2,0,0,0
https://paypal-confirm-password.gq/confirm-password,52,27,1,2,0,1,0,0,0,0,1,1,0,1
https://www.microsoft.com/about,33,19,1,4,1,2,2,2,0,1,0,0,0,0
https://www.irctc.co.in,25,13,1,4,0,0,2,0,0,0,0,0,0,0
https://en.geeksforgeeks.org,29,18,1,0,0,1,0,0,0,0,1,0,0,0
https://paypal-confirm-password.info/confirm-password,51,30,1,3,1,3,0,0,0,0,1,1,0,1
https://static-assets.wikipedia.org/session/av2osg6q0iqzh?ref=400&track=1,71,26,1,4,8,2,5,0,0,0,0,0,0,0
https://www.reddit.com,22,14,1,3,2,1,0,3,0,1,0,0,0,0
http://252.221.103.109/verify/index.php?session=937206,52,17,0,3,18,1,0,4,1,0,0,0,0,1
http://webscr.hdfcbank-support.ml/webscr.php,46,27,0,1,1,2,0,0,0,0,4,1,0,1
https://netflix-webscr.ga/webscr,30,15,1,3,0,0,1,0,0,0,1,1,0,1
https://static-assets.hdfcbank.com/session/mxpkn3b8p?ref=507&track=1,69,25,1,2,8,2,3,0,0,0,3,0,0,0
https://icicibank-login.club/login,34,20,1,0,2,2,2,0,0,0,4,1,0,1
https://www.python.org/home,29,12,1,4,2,0,0,3,0,0,0,0,0,0
http://billing-update.hdfcbank-support.work/billing-update.php,61,35,0,5,0,3,0,2,0,0,3,1,0,1
http://paypal-secure-xj7qwoc8602pefa31sxrob.xyz/secure/xj7qwoc8602pefa31sxrob,76,40,0,2,16,2,0,1,0,0,0,1,0,1
https://en.nytimes.com/products,33,16,1,1,0,0,0,0,0,0,1,0,0,0
http://paypa1.info/signin-confirm.html?id=49816,49,10,0,2,6,2,4,2,0,0,3,1,0,1
https://www.amazon.com/docs/api,32,13,1,3,2,0,0,0,0,0,2,0,0,0
https://docs.microsoft.com/products,37,18,1,0,0,2,0,1,0,1,0,0,0,0
https://docs.nytimes.com/search?q=machine+learning,48,18,1,2,2,0,3,2,0,0,0,0,0,0
http://ow.ly/7262xz,18,3,0,3,6,2,0,1,0,1,0,0,0,1
http://50.206.156.206/billing-update/index.php?session=529553,63,15,0,2,19,1,3,2,1,0,0,0,0,1
https://netflix-confirm-password.top/confirm-password,55,27,1,2,1,3,1,1,0,0,4,1,0,0
https://en.irctc.co.in,20,16,1,5,0,0,2,0,0,0,1,0,0,0
https://api-v2.irctc.co.in/session/a8v4x7y2itl8?ref=931&track=1,61,18,1,2,11,0,4,1,0,0,0,0,0,0
http://tinyurl.com/1046xz,24,13,0,0,4,0,0,2,0,1,0,0,0,1
https://static-assets.w3schools.com/session/pqfhpvku8?ref=378&track=1,67,27,1,1,4,1,3,3,0,0,0,0,0,0
http://tinyurl.com/8141xz,23,11,0,1,3,0,0,2,0,1,2,0,0,1
http://goo.gl/1102xz,19,8,0,0,4,1,1,0,0,1,0,0,0,1
http://bit.ly/7185xz,20,4,0,2,4,1,0,2,0,1,2,0,0,1
https://user-portal.hdfcbank.com/session/cd1406xlyjmazr?ref=326&track=1,73,25,1,3,10,3,3,0,0,0,0,0,0,0
https://flipkart.com/course/aiml,30,11,1,0,2,1,0,1,0,1,1,0,0,0
http://200.186.176.103/billing-update/index.php?session=510501,60,15,0,2,18,3,2,2,1,0,1,0,0,1
https://docs.nptel.ac.in/home,30,16,1,3,0,0,1,0,0,0,0,0,0,0
https://www.linkedin.com/blog/2024/article,40,18,1,1,4,2,0,1,0,0,2,0,0,0
https://www.amazon.com/products,32,15,1,1,2,0,2,2,0,0,0,0,0,0
http://137.213.160.14/verify/index.php?session=38167,51,12,0,4,15,1,2,1,1,0,3,0,0,1
http://tinyurl.com/5610xz,25,13,0,2,2,0,0,2,0,1,1,0,0,1
https://www.flipkart.com/user/profile,38,14,1,0,0,0,2,1,0,1,0,0,0,0
http://143.5.162.144/verify/index.php?session=127642,52,12,0,3,15,1,3,4,1,0,0,0,0,1
http://amazon-bank-account-9776zowm6cw36xveki.info/bank-account/9776zowm6cw36xveki,81,43,0,1,14,4,0,1,0,0,0,1,0,1
http://faceb00k.info/webscr-confirm.html?id=76136,50,15,0,4,9,0,1,0,0,0,0,1,0,1
https://www.irctc.co.in/home,28,16,1,1,0,1,0,1,0,0,0,0,0,0
https://en.hdfcbank.com/home,29,14,1,3,0,2,0,3,0,0,2,0,0,0
https://www.geeksforgeeks.org/search?q=machine+learning,55,19,1,3,1,0,1,2,0,0,2,0,0,0
https://amazon-confirm-password.work/confirm-password,53,29,1,0,0,1,2,2,0,0,1,1,0,1
https://docs.amazon.com/home,26,17,1,2,0,0,2,1,0,0,0,0,0,0
https://www.amazon.com,22,13,1,0,2,0,0,0,0,0,0,0,0,0
http://amazon-update-k4uzdccqwb-7do-v0y.work/update/k4uzdccqwb-7do-v0y,72,39,0,0,4,7,0,0,0,0,2,1,0,1
https://docs.microsoft.com/user/profile,37,17,1,2,0,0,0,1,0,1,1,0,0,0
https://docs.wikipedia.org/docs/api,36,17,1,0,2,1,2,0,0,0,0,0,0,0
https://sbi.co.in/blog/2024/article,35,11,1,3,6,0,0,0,0,0,1,0,0,0
https://www.amazon.com/contact,30,13,1,4,0,0,2,1,0,0,0,0,0,0
http://secure.icicibank-support.work/secure.php,46,27,0,3,0,0,0,1,0,0,3,1,0,1
https://www.microsoft.com/about,32,17,1,2,0,0,0,0,0,1,0,0,0,0
http://signin.icicibank-support.cf/signin.php,46,28,0,2,1,0,2,3,0,0,2,1,0,1
https://www.reddit.com/contact,32,16,1,3,2,0,0,2,0,1,1,0,0,0
http://netflix-billing-update-ba3rorg4adtpru0uf.club/billing-update/ba3rorg4adtpru0uf,83,47,0,0,6,2,0,0,0,0,4,1,0,1
https://user-portal.reddit.com/session/xc066o1en1s2?ref=561&track=1,66,22,1,1,11,2,3,0,0,1,0,0,0,0
https://www.google.com/home,27,13,1,4,0,0,0,0,0,0,0,0,0,0
https://docs.nptel.ac.in,26,16,1,2,0,0,2,0,0,0,2,0,0,0
http://faceb00k.work/confirm-password-confirm.html?id=67535,57,15,0,2,6,1,1,0,0,0,1,1,0,1
http://1.50.112.133/billing-update/index.php?session=624076,58,12,0,6,16,0,4,2,1,0,1,0,0,1
http://234.89.249.127/bank-account/index.php?session=759161,57,13,0,2,18,1,1,3,1,0,0,0,0,1
http://sbi-login-wxtkcnl495yg19gtg9ueoo99vpgmw.top/login/wxtkcnl495yg19gtg9ueoo99vpgmw,85,45,0,3,14,1,0,0,0,0,3,1,0,1
http://is.gd/1159xz,19,5,0,0,6,2,0,0,0,1,2,0,0,1
http://account-verify.hdfcbank-support.club/account-verify.php,62,35,0,4,0,2,0,0,0,0,1,1,0,1
https://www.nptel.ac.in/search?q=machine+learning,48,14,1,1,2,0,4,0,0,0,1,0,0,0
https://amazon-billing-update.ga/billing-update,47,24,1,0,2,2,0,0,0,0,0,1,0,1
http://tinyurl.com/2711xz,27,11,0,2,3,2,0,0,0,1,1,0,0,1
https://sbi.co.in/search?q=machine+learning,44,7,1,2,2,0,4,0,0,0,0,0,0,0
https://user-portal.microsoft.com/session/ccfs7i19mo1rtsx?ref=811&track=1,72,26,1,3,8,2,2,0,0,1,0,0,0,0
https://www.google.com/contact,31,12,1,3,2,0,2,2,0,0,2,0,0,0
https://amazon-bank-account.ml/bank-account,41,23,1,2,1,5,0,0,0,0,1,1,0,1
http://netflix-bank-account-n3vqfjn-d5xnzwf6.ga/bank-account/n3vqfjn-d5xnzwf6,76,41,0,3,4,5,1,0,0,0,4,1,0,1
http://faceb00k.gq/confirm-password-confirm.html?id=35405,59,12,0,4,6,4,4,0,0,0,2,1,0,1
https://github.com/products,26,10,1,3,0,1,2,0,0,0,0,0,0,0
https://paypal-login.com/login,28,16,1,3,1,0,1,1,0,0,0,0,0,1
https://cdn.geeksforgeeks.org/session/nk8pqeq7?ref=555&track=1,63,23,1,4,4,0,3,3,0,0,0,0,0,0
http://171.54.14.210/billing-update/index.php?session=692095,62,15,0,3,18,0,1,1,1,0,4,0,0,1
https://icicibank-verify.tk/verify,34,17,1,0,0,2,0,2,0,0,4,1,0,1
http://micros0ft.com/account-verify-confirm.html?id=34395,57,15,0,3,5,2,2,0,0,1,3,0,0,1
https://static-assets.sbi.co.in/session/0ei05nms6xvqp?ref=650&track=1,70,21,1,3,7,0,6,4,0,0,0,0,0,0
http://ow.ly/1279xz,17,4,0,0,5,0,0,0,0,1,1,0,0,1
https://netflix-confirm-password.club/confirm-password,55,29,1,0,0,1,2,0,0,0,2,1,0,1
https://www.python.org/course/aiml,34,14,1,0,0,1,0,3,0,0,0,0,0,0
https://www.sbi.co.in/blog/2024/article,40,14,1,4,3,0,0,2,0,0,1,0,0,0
http://is.gd/8479xz,19,6,0,0,2,1,2,0,0,1,1,0,0,1
http://119.152.113.176/update/index.php?session=127120,53,16,0,3,18,2,3,0,1,0,0,0,0,1
https://amazon-confirm-password.ml/confirm-password,51,25,1,2,1,3,0,0,0,0,1,1,0,1
http://6.198.21.218/verify/index.php?session=802245,49,11,0,6,14,1,4,4,1,0,0,0,0,1
https://docs.linkedin.com/search?q=machine+learning,53,16,1,4,0,0,0,3,0,0,0,0,0,0
http://149.76.49.38/webscr/index.php?session=903494,49,13,0,5,14,0,4,1,1,0,0,0,0,1
http://gooogle.gq/update-confirm.html?id=92673,47,11,0,1,4,0,1,0,0,0,3,1,0,1
http://paypa1.club/account-verify-confirm.html?id=78627,56,13,0,1,4,0,0,0,0,0,1,1,0,1
http://14.117.105.199/signin/index.php?session=186796,53,13,0,3,17,0,2,1,1,0,0,0,0,1
https://docs.mit.edu/user/profile,32,12,1,4,1,0,0,0,0,0,0,0,0,0
https://cdn.linkedin.com/session/4j1o5hd4hsbr?ref=334&track=1,62,15,1,4,6,2,2,2,0,0,0,0,0,0
https://www.w3schools.com/user/profile,40,17,1,1,3,2,0,1,0,0,2,0,0,0
https://en.bbc.com/docs/api,27,9,1,3,2,0,2,0,0,0,0,0,0,0
https://www.wikipedia.org/search?q=machine+learning,50,16,1,4,0,0,0,3,0,0,2,0,0,0
https://en.stackoverflow.com/about,35,21,1,1,0,0,0,2,0,0,1,0,0,0
http://sbi-verify-wi7sd5h50x6bt9zeh4spsgzg.info/verify/wi7sd5h50x6bt9zeh4spsgzg,81,38,0,0,13,0,0,0,0,0,0,1,0,1
http://tinyurl.com/5836xz,24,12,0,1,5,0,1,0,0,1,0,0,0,1
http://3.252.101.74/login/index.php?session=711450,52,13,0,2,16,0,4,1,1,0,3,0,0,1
http://gooogle.info/login-confirm.html?id=38377,46,12,0,0,3,0,4,0,0,0,1,1,0,1
https://docs.hdfcbank.com/contact,31,19,1,3,0,0,1,3,0,0,1,0,0,0
https://www.stackoverflow.com/user/profile,43,22,1,4,0,2,0,0,0,0,2,0,0,0
https://user-portal.sbi.co.in/session/8dh9ptfnm88ua3a6s5?ref=764&track=1,73,23,1,4,11,2,6,3,0,0,1,0,0,0
http://update.paypal-support.ml/update.php,43,26,0,2,0,0,0,0,0,0,2,1,0,1
https://www.amazon.com/search?q=machine+learning,50,14,1,4,0,0,2,2,0,0,0,0,0,0
https://paypal-secure.top/secure,33,17,1,1,2,3,0,0,0,0,1,1,0,1
https://www.amazon.com/docs/api,33,15,1,3,0,1,0,3,0,0,0,0,0,0
https://docs.mit.edu/search?q=machine+learning,45,12,1,2,2,2,3,1,0,0,1,0,0,0
https://www.microsoft.com,27,16,1,0,2,0,0,2,0,1,1,0,0,1
http://amaz0n.gq/login-confirm.html?id=83731,42,7,0,4,7,0,0,1,0,0,0,1,0,1
https://user-portal.wikipedia.org/session/o1r9z27ujdl?ref=794&track=1,70,26,1,2,8,3,2,0,0,0,0,0,0,0
http://goo.gl/6103xz,22,4,0,1,5,0,0,0,0,1,0,0,0,1
https://www.stackoverflow.com/home,36,20,1,1,0,0,0,3,0,0,2,0,0,0
http://tinyurl.com/4932xz,26,9,0,0,2,0,0,0,0,1,0,0,0,1
https://user-portal.linkedin.com/session/526rqgkcumczq991?ref=765&track=1,71,23,1,3,8,3,5,0,0,0,1,0,0,0
http://netflix-billing-update-l5tov-ss5-iqxq9xfant1gnh.ml/billing-update/l5tov-ss5-iqxq9xfant1gnh,96,51,0,0,10,9,2,0,0,0,2,1,0,1
https://www.mit.edu/course/aiml,33,12,1,4,0,1,2,2,0,0,2,0,0,0
https://nptel.ac.in/docs/api,29,9,1,2,1,1,0,0,0,0,0,0,0,0
https://www.linkedin.com/about,29,14,1,4,0,0,1,0,0,0,0,0,0,0
http://127.93.134.143/webscr/index.php?session=366697,54,14,0,6,16,2,3,4,1,0,3,0,0,1
https://cdn.python.org/session/1t2ep768sy?ref=553&track=1,58,14,1,4,8,0,2,2,0,0,2,0,0,0
https://flipkart.com/contact,30,12,1,1,0,2,2,0,0,1,0,0,0,0
https://en.nptel.ac.in/search?q=machine+learning,48,12,1,4,2,2,2,4,0,0,0,0,0,0
http://gooogle.info/webscr-confirm.html?id=30203,50,14,0,4,3,1,0,1,0,0,3,1,0,1
http://t.co/7987xz,17,5,0,1,4,2,0,0,0,1,0,0,0,1
http://login.paypal-secure.ml/login.php,37,24,0,2,0,0,0,0,0,0,2,1,0,1
https://www.amazon.com/blog/2024/article,42,14,1,2,5,0,2,1,0,0,2,0,0,0
http://goo.gl/5287xz,19,8,0,1,6,0,2,1,0,1,2,0,0,1
https://cdn.github.com/session/k686qe7ajul7w8?ref=873&track=1,63,16,1,3,9,0,5,3,0,0,0,0,0,0
http://sbi-secure-aoc79gp-ebico-nclygep4cde15026ww.gq/secure/aoc79gp-ebico-nclygep4cde15026ww,91,47,0,2,17,4,0,1,0,0,0,1,0,1
https://www.github.com/blog/2024/article,41,14,1,3,4,0,0,1,0,0,0,0,0,0
http://webscr.amazon-support.info/webscr.php,42,24,0,3,0,0,0,3,0,0,0,1,0,1
http://ow.ly/1598xz,18,7,0,0,3,0,1,0,0,1,0,0,0,1
http://faceb00k.xyz/update-confirm.html?id=90334,50,10,0,2,9,3,2,0,0,0,2,1,0,1
https://netflix-signin.top/signin,34,18,1,0,0,2,0,1,0,0,0,1,0,1
http://186.138.29.107/webscr/index.php?session=495378,54,15,0,4,18,2,0,3,1,0,3,0,0,1
http://billing-update.paypal-support.tk/billing-update.php,57,34,0,3,2,3,1,2,0,0,2,1,0,1
https://paypal-login.com/login,30,15,1,0,0,0,0,1,0,0,3,0,0,1
http://amaz0n.info/secure-confirm.html?id=40225,48,9,0,2,5,0,2,1,0,0,1,1,0,1
https://www.wikipedia.org/about,32,15,1,4,0,2,0,0,0,0,0,0,0,0
https://www.sbi.co.in,23,15,1,1,1,2,0,0,0,0,0,0,0,0
https://en.sbi.co.in/course/aiml,33,10,1,3,0,0,2,3,0,0,2,0,0,0
http://bank-account.icicibank-update.ga/bank-account.php,58,32,0,4,0,5,1,1,0,0,2,1,0,1
https://www.bbc.com/products,28,12,1,1,0,0,0,3,0,0,0,0,0,0
http://goo.gl/5454xz,22,7,0,1,5,0,0,0,0,1,1,0,0,1
http://amaz0n.tk/secure-confirm.html?id=24813,46,11,0,3,5,1,1,2,0,0,3,1,0,1
https://cdn.linkedin.com/session/fplo1urttqufcjvny1k?ref=128&track=1,66,14,1,0,4,1,5,2,0,0,2,0,0,0
http://amaz0n.ml/verify-confirm.html?id=86889,45,8,0,3,8,1,3,2,0,0,0,1,0,1
http://162.69.240.70/bank-account/index.php?session=918243,60,11,0,6,17,3,0,1,1,0,1,0,0,1
http://125.76.99.155/secure/index.php?session=194858,53,11,0,3,15,0,0,1,1,0,0,0,0,1
http://amazon-confirm-password-qsb3ja3lpn1m7v2lli23be5n3625gpzcom.work/confirm-password/qsb3ja3lpn1m7v2lli23be5n3625gpzcom,121,63,0,0,23,3,0,2,0,0,4,1,0,1
http://159.178.205.150/bank-account/index.php?session=612956,62,13,0,2,18,1,1,0,1,0,2,0,0,1
https://www.bbc.com/user/profile,30,12,1,1,0,0,0,3,0,0,0,0,0,0
https://www.wikipedia.org/docs/api,33,18,1,2,0,0,2,3,0,0,0,0,0,0
http://cutt.ly/1617xz,22,9,0,2,6,0,2,0,0,1,2,0,0,1
http://155.117.158.234/update/index.php?session=637683,56,15,0,2,19,1,4,4,1,0,0,0,0,1
https://en.sbi.co.in/home,25,10,1,2,2,0,0,2,0,0,2,0,0,0
http://109.140.7.223/login/index.php?session=75923,52,14,0,3,13,1,2,2,1,0,3,0,0,1
https://en.amazon.com/search?q=machine+learning,47,11,1,4,2,0,2,0,0,0,1,0,0,1
https://docs.google.com/user/profile,35,17,1,1,2,0,0,3,0,0,2,0,0,0
https://www.geeksforgeeks.org/home,34,21,1,3,0,1,0,0,0,0,0,0,0,0
http://micros0ft.tk/verify-confirm.html?id=73012,48,10,0,0,6,1,1,0,0,0,4,1,0,1
http://amazon-secure-swplj2nj5zf6298o0ymuzzp26v61fh71o8f.cf/secure/swplj2nj5zf6298o0ymuzzp26v61fh71o8f,103,50,0,1,28,1,0,0,0,0,1,1,0,1
http://ow.ly/6122xz,20,6,0,2,5,0,1,1,0,1,0,0,0,1
https://www.icicibank.com/home,32,16,1,0,0,0,1,1,0,0,0,0,0,1
https://docs.mit.edu/course/aiml,31,14,1,4,2,1,1,1,0,0,0,0,0,0
https://docs.linkedin.com/home,29,18,1,3,2,2,0,0,0,0,0,0,0,0
http://billing-update.hdfcbank-support.ga/billing-update.php,61,34,0,2,0,4,0,1,0,0,2,1,0,1
http://6.37.97.65/webscr/index.php?session=19207,46,10,0,3,13,2,0,1,1,0,3,0,0,1
http://faceb00k.xyz/confirm-password-confirm.html?id=291,57,12,0,3,6,1,2,0,0,0,2,1,0,0
http://cutt.ly/8307xz,20,6,0,3,2,1,0,1,0,1,0,0,0,1
http://netflix-account-verify-a3mf4g1puxjcn1cl6nldi.tk/account-verify/a3mf4g1puxjcn1cl6nldi,91,48,0,2,12,2,0,0,0,0,1,1,0,1
http://amazon-update-4wg90kg2zjj6pobd9w1dbosg4o1ttr-9.top/update/4wg90kg2zjj6pobd9w1dbosg4o1ttr-9,97,52,0,3,22,5,0,2,0,0,2,1,0,1
http://amazon-account-verify-hk-iucw0l98fk9b1ufoj8pgn-53ga4zyg.ml/account-verify/hk-iucw0l98fk9b1ufoj8pgn-53ga4zyg,115,56,0,0,18,10,0,2,0,0,4,1,0,1
http://goo.gl/5608xz,18,8,0,0,2,0,1,0,0,1,0,0,0,1
https://api-v2.linkedin.com/session/ypofkjw6nyqaelyyzz0?ref=174&track=1,69,18,1,0,6,2,2,2,0,0,1,0,0,0
http://153.168.104.9/verify/index.php?session=310611,52,13,0,4,15,2,1,0,1,0,3,0,0,1
https://www.nptel.ac.in/products,30,15,1,1,0,0,0,3,0,0,2,0,0,0
https://docs.github.com,22,13,1,1,0,0,2,2,0,0,0,0,0,0
http://faceb00k.work/webscr-confirm.html?id=23048,50,14,0,2,5,1,2,0,0,0,3,1,0,1
http://is.gd/1795xz,20,7,0,0,4,1,2,0,0,1,2,0,0,1
http://gooogle.cf/secure-confirm.html?id=82006,44,10,0,0,5,2,4,0,0,0,1,1,0,1
http://update.hdfcbank-secure.tk/update.php,41,25,0,5,2,0,0,1,0,0,4,1,0,1
https://www.reddit.com,24,15,1,3,0,0,0,3,0,1,2,0,0,0
https://static-assets.github.com/session/zjcubzqvqg0xtdnwzzg?ref=184&track=1,78,22,1,0,7,2,6,2,0,0,0,0,0,0
https://sbi.co.in/docs/api,24,11,1,1,0,1,1,0,0,0,0,0,0,0
http://signin.hdfcbank-support.ml/signin.php,45,24,0,3,0,2,0,2,0,0,1,1,0,1
https://netflix-secure.cf/secure,32,15,1,3,0,2,0,0,0,0,1,1,0,1
https://www.nptel.ac.in/docs/api,34,15,1,3,1,0,1,2,0,0,2,0,0,0
https://www.reddit.com,23,14,1,3,2,0,0,0,0,1,0,0,0,0
https://en.sbi.co.in/course/aiml,34,11,1,1,1,1,1,0,0,0,1,0,0,0
http://sbi-login-t04tjv7vqwl8eseupmptdwy-6ach3.xyz/login/t04tjv7vqwl8eseupmptdwy-6ach3,87,45,0,1,11,6,1,2,0,0,0,1,0,1
https://www.nytimes.com/products,34,13,1,2,0,1,0,1,0,0,0,0,0,0
https://www.icicibank.com/search?q=machine+learning,52,18,1,1,0,0,4,3,0,0,0,0,0,0
http://paypal-billing-update-oqj27-sze6ih5lz-5aoq25mafmas-leo.ml/billing-update/oqj27-sze6ih5lz-5aoq25mafmas-leo,113,56,0,0,16,10,1,2,0,0,4,1,0,1
https://en.geeksforgeeks.org/about,36,18,1,2,0,0,0,2,0,0,1,0,0,0
https://static-assets.mit.edu/session/u91c329hha1pj?ref=185&track=1,66,22,1,4,12,0,5,0,0,0,0,0,0,0
http://170.251.161.166/bank-account/index.php?session=344573,61,17,0,2,16,0,1,2,1,0,2,0,0,0
https://docs.nytimes.com/products,31,17,1,3,0,1,0,2,0,0,0,0,0,0
https://www.google.com/user/profile,35,14,1,0,0,2,0,0,0,0,0,0,0,0
http://181.107.77.141/update/index.php?session=999071,51,13,0,5,15,1,3,3,1,0,0,0,0,1
https://www.google.com/about,26,16,1,2,1,0,0,1,0,0,0,0,0,0
https://docs.flipkart.com/blog/2024/article,41,17,1,3,4,0,0,0,0,1,1,0,0,0
https://en.nptel.ac.in/about,30,14,1,2,2,0,0,0,0,0,2,0,0,0
http://177.97.86.121/update/index.php?session=668768,54,14,0,4,18,0,2,4,1,0,2,0,0,1
https://en.microsoft.com/about,28,15,1,2,2,2,0,0,0,1,0,0,0,0
https://amazon-secure.gq/secure,29,17,1,2,0,1,0,2,0,0,1,1,0,1
https://github.com/blog/2024/article,36,12,1,3,2,0,1,0,0,0,1,0,0,0
https://paypal-secure.info/secure,31,19,1,0,0,3,0,0,0,0,3,1,0,1
https://www.amazon.com/user/profile,34,15,1,2,0,0,0,2,0,0,1,0,0,0
http://201.229.138.166/webscr/index.php?session=390587,56,13,0,5,17,0,3,0,1,0,0,0,0,1
https://www.geeksforgeeks.org/search?q=machine+learning,55,22,1,3,0,0,2,0,0,0,0,0,0,0
https://bbc.com/contact,23,7,1,0,0,2,2,2,0,0,1,0,0,0
https://amazon-account-verify.work/account-verify,49,24,1,3,0,1,0,0,0,0,3,1,0,1
https://www.flipkart.com/docs/api,32,16,1,3,1,0,0,2,0,1,1,0,0,0
https://cdn.sbi.co.in/session/qafs4h6ssgfxuq4f2x7?ref=959&track=1,63,15,1,1,11,2,6,2,0,0,1,0,0,0
https://sbi.co.in/contact,23,11,1,4,0,1,0,1,0,0,1,0,0,0
https://www.flipkart.com/docs/api,31,17,1,0,2,1,1,2,0,1,0,0,0,0
http://ow.ly/5024xz,18,6,0,1,4,1,0,1,0,1,0,0,0,1
https://en.geeksforgeeks.org/home,32,20,1,1,0,0,0,0,0,0,1,0,0,0
https://www.google.com/about,29,13,1,0,0,0,2,0,0,0,1,0,0,1
http://verify.icicibank-support.cf/verify.php,43,29,0,5,1,0,0,1,0,0,1,1,0,1
http://225.70.148.204/billing-update/index.php?session=766304,60,16,0,4,17,2,3,0,1,0,0,0,0,1
https://docs.w3schools.com,25,19,1,2,2,1,0,0,0,0,0,0,0,0
http://amazon-signin-8g5zgf87ttqb84wo8w2gsfztk6mbciy.ml/signin/8g5zgf87ttqb84wo8w2gsfztk6mbciy,95,49,0,0,19,1,2,1,0,0,0,1,0,1
https://netflix-account-verify.com/account-verify,47,25,1,0,1,3,0,0,0,0,1,0,0,1
https://en.wikipedia.org/course/aiml,36,18,1,4,0,1,0,0,0,0,0,0,0,0
https://www.linkedin.com/search?q=machine+learning,49,17,1,4,1,0,0,1,0,0,2,0,0,0
https://static-assets.python.org/session/4x6g1ebzgfli?ref=379&track=1,69,22,1,4,6,1,4,1,0,0,1,0,0,0
https://en.linkedin.com/user/profile,36,16,1,3,0,2,2,0,0,0,1,0,0,0
http://netflix-secure-k2qbcd6fxnor37ltml9so6zz8wyvrds.info/secure/k2qbcd6fxnor37ltml9so6zz8wyvrds,96,50,0,2,13,4,0,2,0,0,2,1,0,1
http://is.gd/8588xz,19,6,0,1,6,0,2,0,0,1,0,0,0,1
https://www.flipkart.com/course/aiml,36,16,1,2,0,0,0,0,0,1,0,0,0,0
http://paypa1.top/login-confirm.html?id=39256,43,9,0,4,8,1,1,0,0,0,4,1,0,1
https://static-assets.nytimes.com/session/xdj1dek8g9x?ref=407&track=1,67,23,1,2,8,0,4,1,0,0,2,0,0,0
http://webscr.hdfcbank-update.club/webscr.php,46,26,0,5,2,2,2,0,0,0,5,1,0,1
https://user-portal.w3schools.com/session/0dxme4po1i3msdn?ref=469&track=1,72,26,1,2,10,1,5,2,0,0,1,0,0,0
http://22.210.76.49/billing-update/index.php?session=391774,58,11,0,6,15,0,3,1,1,0,4,0,0,1
http://18.106.104.111/signin/index.php?session=46554,52,14,0,4,16,2,2,1,1,0,2,0,0,1
http://amazon-secure-mgm6q4-vhg-q010vlgu.club/secure/mgm6q4-vhg-q010vlgu,72,38,0,0,8,7,2,1,0,0,2,1,0,1
https://nytimes.com/contact,26,9,1,3,0,0,0,0,0,0,0,0,0,0
http://sbi-update-rfrika8lyx18dw6.club/update/rfrika8lyx18dw6,62,30,0,0,6,4,0,0,0,0,1,1,0,0
https://www.nptel.ac.in/products,34,13,1,4,2,0,0,0,0,0,0,0,0,0
http://paypa1.ml/signin-confirm.html?id=48166,43,7,0,4,6,3,3,0,0,0,2,1,0,1
https://stackoverflow.com/docs/api,34,15,1,2,0,0,1,1,0,0,2,0,0,0
https://cdn.geeksforgeeks.org/session/3vwmjdimbm271w?ref=740&track=1,67,22,1,2,9,0,6,2,0,0,0,0,0,0
https://icicibank.com/course/aiml,31,11,1,0,0,2,0,0,0,0,2,0,0,0
https://docs.sbi.co.in/contact,32,16,1,1,0,1,0,3,0,0,0,0,0,0
https://en.wikipedia.org/user/profile,35,16,1,0,1,0,0,2,0,0,0,0,0,0
https://en.flipkart.com/contact,32,17,1,4,1,0,0,0,0,1,0,0,0,0
https://sbi.co.in,18,9,1,2,0,2,0,0,0,0,1,0,0,0
https://www.irctc.co.in/contact,30,17,1,4,0,1,0,4,0,0,0,0,0,0
https://www.icicibank.com,25,15,1,2,0,0,1,0,0,0,1,0,0,0
https://www.w3schools.com/search?q=machine+learning,51,15,1,2,2,0,2,1,0,0,0,0,0,0
https://docs.geeksforgeeks.org/about,34,21,1,1,0,0,0,0,0,0,0,0,0,0
https://docs.microsoft.com/contact,36,20,1,4,2,2,0,1,0,1,0,0,0,0
https://www.bbc.com/home,24,13,1,3,0,1,0,2,0,0,0,0,0,1
http://146.251.229.218/billing-update/index.php?session=374969,63,14,0,6,18,0,3,2,1,0,4,0,0,1
http://amazon-account-verify-rt762-ezinzdoavdwzu.ml/account-verify/rt762-ezinzdoavdwzu,87,44,0,0,8,8,0,0,0,0,1,1,0,1
http://signin.amazon-update.ml/signin.php,40,24,0,2,0,3,0,1,0,0,4,1,0,1
https://www.w3schools.com/home,32,19,1,1,2,0,0,0,0,0,2,0,0,0
https://api-v2.sbi.co.in/session/h5t2d8vet8an2l?ref=885&track=1,62,15,1,4,8,0,2,2,0,0,2,0,0,0
https://api-v2.flipkart.com/session/it1ekkh0uhk7x3bqwr?ref=106&track=1,69,21,1,2,10,0,6,0,0,1,1,0,0,0
http://faceb00k.top/account-verify-confirm.html?id=46537,57,10,0,1,8,4,1,0,0,0,3,1,0,1
http://240.10.179.191/bank-account/index.php?session=899920,57,13,0,5,18,3,3,2,1,0,3,0,0,1
https://en.hdfcbank.com/blog/2024/article,39,16,1,2,4,0,2,0,0,0,2,0,0,0
https://www.stackoverflow.com/blog/2024/article,45,20,1,0,3,1,0,1,0,0,0,0,0,0
https://cdn.github.com/session/dn7zi6gaxlkk?ref=541&track=1,61,16,1,4,5,1,2,0,0,0,0,0,0,0
https://user-portal.nptel.ac.in/session/u7gkl53ygfp?ref=760&track=1,68,22,1,5,6,1,6,1,0,0,2,0,0,0
https://en.python.org/search?q=machine+learning,45,13,1,4,0,0,4,1,0,0,0,0,0,0
http://59.9.38.70/billing-update/index.php?session=186217,56,8,0,6,12,2,2,0,1,0,0,0,0,1
https://docs.mit.edu,20,13,1,0,0,1,1,0,0,0,0,0,0,0
https://linkedin.com/search?q=machine+learning,44,10,1,3,0,2,3,1,0,0,0,0,0,0
http://tinyurl.com/5272xz,23,12,0,3,5,1,0,0,0,1,0,0,0,1
https://mit.edu/home,21,5,1,3,2,2,0,0,0,0,0,0,0,0
https://mit.edu/course/aiml,25,8,1,0,0,0,0,0,0,0,0,0,0,0
https://en.irctc.co.in/products,31,12,1,5,0,0,0,4,0,0,0,0,0,0
http://bit.ly/4936xz,20,7,0,0,2,0,2,1,0,1,0,0,0,1
https://docs.microsoft.com/products,36,20,1,3,0,1,2,2,0,1,2,0,0,0
https://static-assets.mit.edu/session/fv0ehruwa03?ref=859&track=1,64,21,1,2,8,0,4,2,0,0,2,0,0,0
https://www.google.com/contact,31,15,1,3,1,0,2,0,0,0,0,0,0,0
http://48.82.119.170/bank-account/index.php?session=888810,56,11,0,6,15,1,0,4,1,0,0,0,0,1
http://tinyurl.com/4103xz,23,11,0,3,3,1,0,0,0,1,2,0,0,1
https://paypal-webscr.top/webscr,31,17,1,0,1,2,0,2,0,0,3,1,0,1
http://amaz0n.ml/secure-confirm.html?id=15699,43,11,0,1,8,0,3,0,0,0,2,1,0,1
https://static-assets.bbc.com/session/6haih7wfrac8e3pqk1?ref=673&track=1,73,20,1,2,11,3,5,2,0,0,1,0,0,0
http://confirm-password.amazon-update.ml/confirm-password.php,63,31,0,5,0,4,0,1,0,0,3,1,0,1
http://gooogle.tk/confirm-password-confirm.html?id=99779,58,11,0,3,7,1,0,0,0,0,0,1,0,1
https://www.sbi.co.in/about,27,12,1,2,0,2,0,0,0,0,0,0,0,0
https://www.sbi.co.in/blog/2024/article,37,14,1,5,2,0,0,3,0,0,1,0,0,0
https://www.hdfcbank.com/docs/api,31,18,1,1,0,0,0,3,0,0,3,0,0,0
http://secure.amazon-update.info/secure.php,42,23,0,4,2,3,0,1,0,0,0,1,0,1
https://static-assets.github.com/session/2o31i0mhb792zi5s?ref=552&track=1,75,24,1,0,12,0,3,2,0,0,2,0,0,0
http://22.227.38.236/account-verify/index.php?session=921839,59,15,0,3,17,3,4,4,1,0,1,0,0,1
http://verify.paypal-update.xyz/verify.php,44,22,0,3,1,0,1,0,0,0,3,1,0,1
http://webscr.amazon-support.ml/webscr.php,44,26,0,2,2,3,2,1,0,0,0,1,0,1
https://api-v2.geeksforgeeks.org/session/v0lg92mjeqa2o4m84p4?ref=334&track=1,74,23,1,2,14,0,3,0,0,0,2,0,0,0
https://www.linkedin.com/blog/2024/article,42,14,1,1,6,0,0,1,0,0,1,0,0,0
http://t.co/5278xz,19,4,0,1,5,0,2,0,0,1,0,0,0,1
http://138.71.142.87/signin/index.php?session=589122,54,11,0,5,18,0,2,2,1,0,3,0,0,1
https://netflix-verify.gq/verify,31,15,1,0,0,3,2,0,0,0,3,1,0,1
https://www.icicibank.com/course/aiml,35,19,1,1,0,1,1,1,0,0,2,0,0,0
https://amazon.com/home,21,8,1,3,2,0,0,0,0,0,2,0,0,0
https://en.icicibank.com/blog/2024/article,40,14,1,2,3,2,2,1,0,0,3,0,0,0
http://paypa1.info/confirm-password-confirm.html?id=33444,55,11,0,3,7,3,2,2,0,0,2,1,0,1
https://icicibank-signin.xyz/signin,36,19,1,0,0,3,2,0,0,0,1,1,0,1
https://amazon-webscr.work/webscr,35,19,1,3,1,2,1,0,0,0,0,1,0,1
http://amaz0n.com/billing-update-confirm.html?id=28820,55,11,0,0,8,3,0,1,0,0,4,0,0,1
https://www.sbi.co.in/contact,30,12,1,5,2,0,2,1,0,0,2,0,0,0
https://en.python.org/products,31,12,1,3,2,0,0,0,0,0,1,0,0,0
https://docs.flipkart.com/blog/2024/article,41,15,1,3,2,2,2,0,0,1,0,0,0,0
https://www.google.com/contact,32,16,1,0,0,2,0,0,0,0,2,0,0,0
http://secure.microsoft-update.ga/secure.php,43,26,0,4,2,3,0,3,0,0,4,1,0,1
https://docs.wikipedia.org/products,36,16,1,2,1,0,0,3,0,0,0,0,0,0
https://api-v2.sbi.co.in/session/s2gkfl5xf50i6gbxq?ref=221&track=1,68,18,1,2,12,0,5,2,0,0,0,0,0,0
http://billing-update.hdfcbank-update.xyz/billing-update.php,60,33,0,5,0,4,0,1,0,0,1,1,0,1
http://214.85.49.134/update/index.php?session=666117,52,13,0,2,14,0,2,1,1,0,0,0,0,1
https://www.nptel.ac.in/about,28,14,1,2,0,0,2,4,0,0,1,0,0,0
https://en.stackoverflow.com/home,33,19,1,1,0,2,0,2,0,0,0,0,0,0
https://www.bbc.com/products,29,9,1,3,0,0,2,1,0,0,0,0,0,0
https://api-v2.linkedin.com/session/zcrnq0y4io9p4627?ref=283&track=1,70,18,1,4,10,1,6,2,0,0,0,0,0,0
https://www.hdfcbank.com/search?q=machine+learning,51,18,1,0,0,0,2,0,0,0,2,0,0,0
http://is.gd/4168xz,18,7,0,0,3,0,1,0,0,1,2,0,0,1
http://134.214.181.86/update/index.php?session=611247,52,16,0,4,15,0,3,2,1,0,1,0,0,1
https://en.linkedin.com/contact,33,14,1,2,1,0,2,1,0,0,0,0,0,0
https://mit.edu/user/profile,28,6,1,3,0,1,0,0,0,0,0,0,0,0
https://icicibank-login.info/login,35,19,1,0,0,0,0,2,0,0,1,1,0,1
https://cdn.w3schools.com/session/4sybhqghlzruwbn6?ref=397&track=1,67,16,1,3,9,0,5,1,0,0,2,0,0,0
https://www.nytimes.com,25,14,1,4,0,0,0,2,0,0,1,0,0,0
https://api-v2.stackoverflow.com/session/ov58toe3pgihnflay?ref=318&track=1,73,26,1,1,6,3,5,1,0,0,0,0,0,0
https://cdn.geeksforgeeks.org/session/wjxlbwq8962e52k?ref=861&track=1,70,19,1,3,12,2,6,0,0,0,0,0,0,0
http://bit.ly/1197xz,21,5,0,1,5,0,1,0,0,1,1,0,0,1
http://30.148.96.250/verify/index.php?session=2075,49,11,0,5,15,0,1,3,1,0,1,0,0,1
https://docs.bbc.com/about,26,12,1,2,2,0,2,0,0,0,0,0,0,0
https://hdfcbank.com/user/profile,32,12,1,1,1,0,0,0,0,0,1,0,0,0
http://confirm-password.paypal-support.top/confirm-password.php,64,34,0,3,0,4,0,2,0,0,4,1,0,1
http://amaz0n.ml/secure-confirm.html?id=79864,43,7,0,1,6,3,3,0,0,0,3,1,0,1
https://cdn.wikipedia.org/session/rgfr27riu9mjyg4s3m?ref=732&track=1,69,18,1,3,8,0,2,0,0,0,0,0,0,0
https://en.flipkart.com/user/profile,35,15,1,3,0,2,2,2,0,1,0,0,0,0
https://www.google.com/products,31,14,1,3,0,1,0,3,0,0,1,0,0,0
http://netflix-account-verify-jpbeifdd67h7v-xc.cf/account-verify/jpbeifdd67h7v-xc,80,43,0,0,5,7,1,1,0,0,4,1,0,1
http://micros0ft.club/verify-confirm.html?id=45534,48,15,0,2,5,3,1,0,0,0,1,1,0,1
http://sbi-bank-account-j4mniuzrutaazwprq6-d7tw9flocws-7zcx.ga/bank-account/j4mniuzrutaazwprq6-d7tw9flocws-7zcx,112,53,0,3,10,6,2,0,0,0,0,1,0,1
https://www.geeksforgeeks.org/docs/api,39,22,1,3,2,1,0,3,0,0,2,0,0,0
https://linkedin.com/user/profile,33,14,1,3,1,0,0,0,0,0,1,0,0,0
https://www.irctc.co.in/course/aiml,33,14,1,5,0,0,0,1,0,0,2,0,0,0
https://docs.python.org/products,32,15,1,2,0,1,0,3,0,0,1,0,0,0
http://paypa1.ga/account-verify-confirm.html?id=14774,55,7,0,3,7,2,2,1,0,0,3,1,0,1
https://icicibank-webscr.club/webscr,37,20,1,0,0,0,2,0,0,0,1,1,0,1
https://www.icicibank.com/user/profile,36,16,1,1,2,2,1,3,0,0,1,0,0,0
https://cdn.bbc.com/session/56izc0yosqn28?ref=832&track=1,56,9,1,2,7,0,3,0,0,0,0,0,0,0
http://amazon-bank-account-s1h21qv2f3of77jo0nhe9jfxd.tk/bank-account/s1h21qv2f3of77jo0nhe9jfxd,96,46,0,0,20,4,2,0,0,0,1,1,0,0
https://en.icicibank.com/blog/2024/article,42,16,1,1,2,1,0,1,0,0,1,0,0,0
https://docs.microsoft.com/docs/api,33,20,1,4,2,0,0,0,0,1,0,0,0,0
http://bit.ly/6593xz,21,5,0,2,3,2,0,0,0,1,1,0,0,1
https://netflix-signin.club/signin,32,20,1,0,1,0,0,0,0,0,2,1,0,1
http://goo.gl/1983xz,18,4,0,3,2,1,1,0,0,1,0,0,0,1
https://en.github.com/contact,28,11,1,0,0,0,1,2,0,0,2,0,0,0
http://billing-update.amazon-update.top/billing-update.php,58,31,0,3,1,4,1,1,0,0,3,1,0,1
http://account-verify.paypal-secure.work/account-verify.php,59,35,0,3,0,4,1,0,0,0,3,1,0,1
https://docs.irctc.co.in/course/aiml,38,15,1,1,0,1,1,2,0,0,0,0,0,0
https://www.microsoft.com/contact,32,19,1,1,0,0,1,2,0,1,1,0,0,0
https://en.google.com/home,26,14,1,2,0,1,2,0,0,0,1,0,0,0
https://en.google.com/course/aiml,33,13,1,0,0,0,2,2,0,0,0,0,0,0
https://www.wikipedia.org/about,33,19,1,0,0,0,0,0,0,0,1,0,0,0
https://www.wikipedia.org,23,17,1,2,0,0,2,1,0,0,1,0,0,0
http://netflix-login-xgqhq0iuvg5bgf97hp.club/login/xgqhq0iuvg5bgf97hp,67,39,0,1,9,2,0,0,0,0,3,1,0,1
http://tinyurl.com/6409xz,24,10,0,0,5,0,0,2,0,1,0,0,0,1
http://is.gd/4077xz,21,3,0,3,2,0,1,2,0,1,2,0,0,1
http://netflix-signin-csbf5af3rhyi1g1yr04g0ksjh-po3v.ml/signin/csbf5af3rhyi1g1yr04g0ksjh-po3v,95,48,0,0,18,5,1,0,0,0,0,1,0,1
https://www.w3schools.com/course/aiml,37,18,1,2,3,0,0,2,0,0,0,0,0,0
https://nptel.ac.in/course/aiml,30,12,1,0,0,0,0,0,0,0,0,0,0,0
https://en.amazon.com/about,26,15,1,3,0,0,0,1,0,0,0,0,0,0
http://tinyurl.com/9674xz,27,9,0,0,4,2,1,0,0,1,0,0,0,1
http://update.hdfcbank-update.tk/update.php,43,24,0,4,2,1,0,0,0,0,2,1,0,1
http://amazon-login-k17cvashe0j-v-ljg0kc0erubnleind1r.club/login/k17cvashe0j-v-ljg0kc0erubnleind1r,98,50,0,0,12,6,0,0,0,0,0,1,0,1
https://www.microsoft.com/user/profile,40,15,1,1,0,0,0,0,0,1,0,0,0,0
https://amazon.com/course/aiml,28,11,1,1,1,1,0,0,0,0,2,0,0,0
http://netflix-bank-account-1-joefu063c6dwumjac.ga/bank-account/1-joefu063c6dwumjac,84,45,0,0,8,7,0,0,0,0,3,1,0,1
https://cdn.reddit.com/session/gx32uew9g6spd2?ref=746&track=1,60,13,1,2,9,1,2,0,0,1,1,0,0,0
https://www.reddit.com/about,27,12,1,1,0,0,0,0,0,1,0,0,0,0
https://hdfcbank.com/course/aiml,31,11,1,1,0,0,0,1,0,0,0,0,0,0
http://gooogle.com/webscr-confirm.html?id=73934,45,13,0,3,5,0,3,1,0,0,3,0,0,1
https://netflix-confirm-password.top/confirm-password,52,28,1,2,2,5,1,0,0,0,3,1,0,1
http://micros0ft.club/account-verify-confirm.html?id=98373,59,16,0,0,5,4,4,0,0,0,5,1,0,1
https://en.wikipedia.org/docs/api,33,17,1,4,0,0,0,0,0,0,1,0,0,0
http://paypa1.com/webscr-confirm.html?id=60163,47,8,0,4,6,2,0,0,0,0,4,0,0,1
http://amazon-account-verify-xiobcfphg5bc3fvfa2n2l-hfwnd-y.cf/account-verify/xiobcfphg5bc3fvfa2n2l-hfwnd-y,104,54,0,0,8,6,0,1,0,0,2,1,0,1
http://is.gd/9929xz,21,7,0,3,3,2,1,1,0,1,0,0,0,1
https://static-assets.bbc.com/session/lma6gmdrdsferfx?ref=581&track=1,69,21,1,2,5,0,5,0,0,0,1,0,0,0
http://amazon-verify-pjhhb1mtskzzuxyjm15sf5muzzumkl6h.tk/verify/pjhhb1mtskzzuxyjm15sf5muzzumkl6h,95,49,0,0,8,0,1,0,0,0,0,1,0,1
https://amazon-verify.info/verify,34,17,1,3,0,2,2,0,0,0,2,1,0,1
https://user-portal.linkedin.com/session/xupr6h2hxn4d24n?ref=795&track=1,73,24,1,2,11,3,5,1,0,0,2,0,0,0
http://ow.ly/6632xz,20,6,0,3,3,0,0,0,0,1,0,0,0,1
https://docs.w3schools.com/products,33,18,1,2,2,0,0,0,0,0,0,0,0,0
http://micros0ft.top/webscr-confirm.html?id=84345,50,12,0,0,4,3,2,0,0,0,4,1,0,1
https://icicibank-verify.com/verify,35,21,1,0,0,0,0,0,0,0,0,0,0,1
https://static-assets.reddit.com/session/yjr39iixha?ref=121&track=1,69,22,1,2,5,2,5,1,0,1,0,0,0,0
http://micros0ft.ga/confirm-password-confirm.html?id=77535,57,13,0,1,4,1,2,0,0,0,1,1,0,1
https://paypal-account-verify.gq/account-verify,49,25,1,0,0,2,0,1,0,0,1,1,0,1
http://gooogle.club/signin-confirm.html?id=96494,49,11,0,3,6,3,3,0,0,0,2,1,0,1
http://paypa1.ga/secure-confirm.html?id=67480,47,10,0,2,7,2,0,0,0,0,2,1,0,1
http://paypa1.work/billing-update-confirm.html?id=17710,53,11,0,4,8,0,1,2,0,0,4,1,0,1
https://www.geeksforgeeks.org/search?q=machine+learning,55,20,1,2,0,2,0,1,0,0,1,0,0,0
http://billing-update.icicibank-update.gq/billing-update.php,59,33,0,5,0,2,0,3,0,0,1,1,0,1
https://en.reddit.com,22,11,1,3,2,0,0,0,0,1,0,0,0,0
https://www.irctc.co.in/user/profile,38,17,1,3,1,0,0,2,0,0,1,0,0,0
https://cdn.geeksforgeeks.org/session/8iqrt007pceas?ref=270&track=1,69,21,1,1,10,0,2,2,0,0,0,0,0,1
https://en.nptel.ac.in/user/profile,34,13,1,2,1,0,1,1,0,0,0,0,0,0
https://static-assets.github.com/session/6ktfrl69vsyxbbf4?ref=237&track=1,72,22,1,1,9,3,4,1,0,0,0,0,0,0
https://www.sbi.co.in/home,27,15,1,3,1,0,0,2,0,0,0,0,0,0
https://www.reddit.com/search?q=machine+learning,49,14,1,2,0,1,4,0,0,1,0,0,0,0
http://is.gd/3060xz,19,4,0,2,2,2,0,2,0,1,0,0,0,1
http://billing-update.hdfcbank-support.tk/billing-update.php,62,35,0,2,0,5,0,2,0,0,3,1,0,1
http://goo.gl/2570xz,19,6,0,1,4,1,0,0,0,1,0,0,0,1
http://gooogle.info/account-verify-confirm.html?id=15193,55,11,0,1,5,1,3,2,0,0,1,1,0,1
https://www.icicibank.com/home,31,19,1,2,2,0,0,0,0,0,3,0,0,0
https://docs.google.com/contact,31,17,1,0,2,2,0,3,0,0,0,0,0,0
http://tinyurl.com/1197xz,27,11,0,0,4,0,0,2,0,1,0,0,0,1
https://www.stackoverflow.com/products,38,22,1,3,0,0,0,2,0,0,0,0,0,0
https://docs.bbc.com/about,25,13,1,4,0,0,2,2,0,0,0,0,0,0
https://www.wikipedia.org/search?q=machine+learning,49,19,1,3,0,1,2,2,0,0,1,0,0,0
https://www.linkedin.com/contact,34,15,1,0,1,2,0,1,0,0,0,0,0,0
http://amazon-bank-account-5c5ckb3gex1tuubh8x6glo2bxba23kzqmx.info/bank-account/5c5ckb3gex1tuubh8x6glo2bxba23kzqmx,116,61,0,2,19,2,0,0,0,0,0,1,0,1
https://www.google.com/blog/2024/article,40,14,1,3,6,2,1,3,0,0,2,0,0,0
http://paypal-bank-account-a8p8mnz2h5scc1efqmq4x8kvg.cf/bank-account/a8p8mnz2h5scc1efqmq4x8kvg,96,50,0,1,16,2,2,0,0,0,0,1,0,1
https://www.google.com/blog/2024/article,38,12,1,3,5,0,2,3,0,0,0,0,0,0
http://amaz0n.cf/billing-update-confirm.html?id=81860,52,11,0,2,8,3,2,2,0,0,3,1,0,1
https://en.sbi.co.in/products,30,10,1,4,1,1,0,3,0,0,2,0,0,0
https://www.microsoft.com/home,32,18,1,4,0,0,2,3,0,1,0,0,0,0
http://78.19.34.65/account-verify/index.php?session=955283,57,12,0,6,12,0,4,4,1,0,4,0,0,1
http://235.156.100.113/webscr/index.php?session=983752,54,17,0,4,20,2,0,2,1,0,0,0,0,1
https://www.w3schools.com/contact,31,19,1,3,1,2,0,0,0,0,2,0,0,0
http://amazon-account-verify-a6x9vmozhdoxn3iut8q6mz7w4co9pe85a.tk/account-verify/a6x9vmozhdoxn3iut8q6mz7w4co9pe85a,116,58,0,3,18,6,0,0,0,0,1,1,0,1
https://www.w3schools.com/user/profile,37,15,1,0,0,2,1,0,0,0,0,0,0,0
http://16.206.217.18/billing-update/index.php?session=637213,62,14,0,5,15,2,0,0,1,0,4,0,0,1
http://sbi-update-7ya0o2xrovgpq4tvzqo9-mg7w7twrvi.work/update/7ya0o2xrovgpq4tvzqo9-mg7w7twrvi,95,46,0,0,12,2,0,0,0,0,1,1,0,1
http://6.236.153.209/login/index.php?session=883017,51,15,0,5,14,0,4,1,1,0,0,0,0,1
https://linkedin.com,22,14,1,3,0,1,0,0,0,0,0,0,0,0
https://www.reddit.com/course/aiml,33,12,1,2,2,0,2,0,0,1,0,0,0,0
http://verify.paypal-update.tk/verify.php,43,23,0,1,2,3,0,0,0,0,3,1,0,1
http://account-verify.amazon-support.cf/account-verify.php,58,33,0,5,0,2,1,3,0,0,1,1,0,1
https://www.microsoft.com/blog/2024/article,43,17,1,4,6,2,0,0,0,1,2,0,0,0
http://sbi-confirm-password-zi84zults617amvmxgrgo1f3.info/confirm-password/zi84zults617amvmxgrgo1f3,97,52,0,0,15,2,1,1,0,0,1,1,0,1
http://amazon-account-verify--exzokrwqyp6imwb9.work/account-verify/-exzokrwqyp6imwb9,85,43,0,1,3,5,2,0,0,0,0,1,0,1
http://225.111.109.105/update/index.php?session=22953,51,17,0,3,17,0,2,2,1,0,0,0,0,1
http://179.201.151.118/bank-account/index.php?session=552533,58,14,0,4,19,3,3,3,1,0,2,0,0,1
http://gooogle.com/verify-confirm.html?id=90046,47,9,0,4,7,1,3,1,0,0,4,0,0,1
http://micros0ft.tk/signin-confirm.html?id=1300,49,13,0,3,3,3,1,0,0,0,0,1,0,1
https://www.irctc.co.in/user/profile,35,15,1,4,2,0,0,2,0,0,0,0,0,0
https://cdn.linkedin.com/session/qh3eram4?ref=357&track=1,57,17,1,4,4,0,6,0,0,0,0,0,0,0
http://tinyurl.com/4750xz,25,9,0,2,4,0,1,0,0,1,2,0,0,1
https://en.w3schools.com/blog/2024/article,40,14,1,3,7,0,0,0,0,0,0,0,0,0
https://docs.wikipedia.org/about,31,16,1,2,1,2,2,1,0,0,0,0,0,0
http://paypa1.ml/confirm-password-confirm.html?id=53079,54,11,0,1,4,3,1,0,0,0,1,1,0,1
http://signin.hdfcbank-secure.gq/signin.php,42,24,0,3,1,3,2,3,0,0,5,1,0,1
https://en.sbi.co.in/course/aiml,32,11,1,3,0,0,0,4,0,0,0,0,0,0
https://static-assets.w3schools.com/session/ndfww41f7v?ref=385&track=1,71,29,1,0,9,0,3,0,0,0,1,0,0,0
http://cutt.ly/5394xz,21,5,0,3,5,0,2,0,0,1,0,0,0,1
http://t.co/2655xz,19,5,0,2,3,1,0,2,0,1,2,0,0,1
http://cutt.ly/4350xz,23,5,0,0,6,0,0,2,0,1,0,0,0,1
http://sbi-account-verify--e-ohdhw44a8ncxcx.top/account-verify/-e-ohdhw44a8ncxcx,79,41,0,1,7,10,0,0,0,0,3,1,0,1
https://www.reddit.com/docs/api,29,12,1,3,0,0,1,0,0,1,0,0,0,0
https://user-portal.linkedin.com/session/w7493dxwor17dpubkpi?ref=664&track=1,78,25,1,4,8,1,3,0,0,0,1,0,0,0
http://is.gd/3520xz,19,3,0,2,3,0,1,2,0,1,2,0,0,1
https://netflix-secure.cf/secure,30,17,1,3,0,0,0,0,0,0,3,1,0,1
https://netflix-secure.tk/secure,33,18,1,3,2,0,2,0,0,0,0,1,0,1
http://249.117.31.37/update/index.php?session=289842,50,11,0,2,14,0,1,1,1,0,3,0,0,1
https://en.sbi.co.in/course/aiml,34,13,1,4,2,2,1,2,0,0,0,0,0,0
http://gooogle.com/update-confirm.html?id=16684,47,13,0,1,4,0,0,2,0,0,0,0,0,1
https://user-portal.flipkart.com/session/q5u6jzv9?ref=684&track=1,64,23,1,3,5,0,2,0,0,1,0,0,0,0
https://static-assets.google.com/session/081zqua1qrdlfwd?ref=312&track=1,73,23,1,3,9,2,5,0,0,0,0,0,0,0
http://faceb00k.ml/signin-confirm.html?id=65227,45,12,0,2,7,0,4,0,0,0,3,1,0,1
https://amazon-signin.ga/signin,30,15,1,3,2,1,2,0,0,0,0,1,0,1
https://en.google.com/home,26,13,1,3,0,0,0,3,0,0,2,0,0,0
https://w3schools.com/blog/2024/article,39,11,1,1,3,0,0,1,0,0,0,0,0,0
https://paypal-account-verify.xyz/account-verify,47,27,1,0,0,5,0,0,0,0,1,1,0,1
https://en.microsoft.com/about,29,18,1,1,1,1,0,2,0,1,0,0,0,0
https://irctc.co.in/home,24,13,1,3,0,0,0,3,0,0,0,0,0,0
http://amaz0n.gq/confirm-password-confirm.html?id=56682,57,11,0,3,6,0,4,2,0,0,1,1,0,1
http://account-verify.microsoft-update.info/account-verify.php,61,36,0,2,0,1,2,0,0,0,3,1,0,1
https://netflix-verify.gq/verify,30,16,1,2,2,2,0,2,0,0,2,1,0,1
https://docs.icicibank.com/docs/api,36,18,1,1,0,0,2,3,0,0,3,0,0,0
https://static-assets.flipkart.com/session/yk8516sp18obs75?ref=681&track=1,72,26,1,0,13,0,3,0,0,1,0,0,0,0
http://update.hdfcbank-secure.xyz/update.php,43,26,0,5,1,0,0,1,0,0,2,1,0,1
https://www.google.com,24,15,1,0,2,0,2,0,0,0,1,0,0,0
https://www.wikipedia.org/course/aiml,35,18,1,1,0,0,0,1,0,0,0,0,0,1
http://cutt.ly/2113xz,19,9,0,1,6,2,0,0,0,1,0,0,0,1
https://en.google.com/user/profile,32,11,1,1,0,1,0,0,0,0,0,0,0,0
https://en.w3schools.com,24,16,1,1,1,0,1,3,0,0,0,0,0,0
https://api-v2.reddit.com/session/xuyucecjuis?ref=296&track=1,62,19,1,0,6,2,4,0,0,1,0,0,0,0
http://151.161.248.203/confirm-password/index.php?session=66848,61,16,0,3,18,1,2,1,1,0,3,0,0,1
http://signin.amazon-support.info/signin.php,44,25,0,1,2,3,1,1,0,0,2,1,0,1
http://confirm-password.hdfcbank-secure.xyz/confirm-password.php,66,34,0,4,1,2,0,1,0,0,4,1,0,1
http://faceb00k.cf/secure-confirm.html?id=68846,46,12,0,0,8,2,4,0,0,0,3,1,0,1
https://docs.irctc.co.in,24,14,1,5,0,2,0,2,0,0,0,0,0,0
https://en.wikipedia.org/contact,32,18,1,0,0,0,0,1,0,0,0,0,0,0
http://micros0ft.top/confirm-password-confirm.html?id=35000,59,13,0,3,6,2,4,0,0,0,2,1,0,1
https://irctc.co.in/blog/2024/article,39,12,1,2,2,0,1,3,0,0,1,0,0,0
https://www.reddit.com/user/profile,37,13,1,4,0,0,0,0,0,1,1,0,0,0
http://139.248.231.168/confirm-password/index.php?session=961796,65,15,0,4,20,0,2,2,1,0,0,0,0,1
https://www.nptel.ac.in/products,31,15,1,2,0,2,0,4,0,0,0,0,0,0
https://paypal-billing-update.xyz/billing-update,47,24,1,3,2,5,0,1,0,0,1,1,0,1
https://docs.nptel.ac.in/blog/2024/article,40,14,1,1,2,0,0,4,0,0,0,0,0,0
http://192.246.137.107/webscr/index.php?session=909068,55,17,0,3,20,1,4,0,1,0,0,0,0,1
https://www.microsoft.com/about,33,19,1,3,2,0,0,0,0,1,1,0,0,0
http://amazon-secure-ymcb48br4s1bgnfyu.top/secure/ymcb48br4s1bgnfyu,69,35,0,3,8,4,0,0,0,0,3,1,0,1
https://docs.reddit.com/home,30,13,1,3,0,0,1,3,0,1,1,0,0,0
http://billing-update.icicibank-secure.work/billing-update.php,60,37,0,4,0,5,0,0,0,0,3,1,0,1
https://cdn.bbc.com/session/9zp3c330bo7wp2d41u?ref=839&track=1,60,10,1,0,11,0,3,2,0,0,1,0,0,0
https://docs.wikipedia.org/about,34,18,1,1,0,0,2,0,0,0,1,0,0,0
https://docs.icicibank.com/course/aiml,36,19,1,2,0,2,0,1,0,0,3,0,0,0
https://docs.mit.edu/blog/2024/article,36,10,1,2,3,0,0,2,0,0,0,0,0,0
http://faceb00k.club/secure-confirm.html?id=20919,51,12,0,4,9,1,1,0,0,0,4,1,0,1
http://124.10.146.40/verify/index.php?session=829530,52,11,0,5,17,0,1,4,1,0,2,0,0,1
http://paypal-confirm-password-e6mo-j6rxhhi4pjhl5n0rv5a3m2xgb2b.club/confirm-password/e6mo-j6rxhhi4pjhl5n0rv5a3m2xgb2b,116,62,0,3,20,8,1,0,0,0,2,1,0,1
https://netflix-verify.cf/verify,32,18,1,2,1,1,0,0,0,0,1,1,0,1
https://www.wikipedia.org,25,18,1,3,1,1,1,2,0,0,0,0,0,0
http://ow.ly/7783xz,18,5,0,0,2,2,1,0,0,1,2,0,0,1
https://www.sbi.co.in/home,24,13,1,4,0,0,2,2,0,0,1,0,0,0
https://netflix-login.work/login,31,16,1,2,0,2,0,1,0,0,3,1,0,1
http://webscr.microsoft-update.xyz/webscr.php,46,27,0,1,2,2,0,0,0,0,2,1,0,1
https://en.amazon.com/course/aiml,31,15,1,1,1,0,0,3,0,0,2,0,0,0
http://paypa1.tk/login-confirm.html?id=36039,45,10,0,2,4,1,4,2,0,0,3,1,0,1
http://138.40.223.112/signin/index.php?session=570838,55,14,0,6,15,2,0,0,1,0,0,0,0,1
https://docs.microsoft.com/contact,32,19,1,2,2,0,0,0,0,1,1,0,0,0
http://123.161.141.175/confirm-password/index.php?session=973408,66,16,0,2,20,2,2,0,1,0,0,0,0,1
https://www.bbc.com/home,23,10,1,0,0,2,1,1,0,0,0,0,0,0
https://en.nytimes.com/about,26,13,1,1,0,1,0,3,0,0,0,0,0,0
http://122.21.109.175/verify/index.php?session=764570,52,13,0,4,15,2,0,4,1,0,0,0,0,1
http://t.co/6392xz,17,6,0,0,3,0,2,0,0,1,2,0,0,1
https://www.hdfcbank.com/products,33,14,1,4,0,0,0,1,0,0,3,0,0,0
http://cutt.ly/2614xz,23,8,0,3,2,0,0,2,0,1,2,0,0,1
http://paypal-secure-m1txe431d6c21o7.work/secure/m1txe431d6c21o7,63,32,0,1,17,1,0,2,0,0,0,1,0,1
http://bank-account.hdfcbank-secure.top/bank-account.php,55,30,0,5,1,4,2,2,0,0,5,1,0,1
http://t.co/7016xz,17,5,0,2,5,0,0,2,0,1,0,0,0,1
https://en.python.org/blog/2024/article,41,13,1,2,6,0,0,3,0,0,0,0,0,0
http://netflix-verify-40nzze3ubsu-xxi8195l-gm6h.ml/verify/40nzze3ubsu-xxi8195l-gm6h,84,44,0,0,17,6,0,0,0,0,0,1,0,1
https://amazon-update.info/update,32,18,1,1,1,1,0,0,0,0,1,1,0,1
https://www.w3schools.com/user/profile,38,19,1,0,3,0,2,0,0,0,0,0,0,0
http://tinyurl.com/8393xz,27,10,0,0,6,0,0,0,0,1,1,0,0,1
https://reddit.com/products,29,9,1,2,0,0,0,0,0,1,0,0,0,0
https://www.bbc.com,19,12,1,2,0,0,0,2,0,0,0,0,0,0
https://www.sbi.co.in/home,28,15,1,3,0,0,0,1,0,0,0,0,0,0
http://t.co/7182xz,19,4,0,2,4,2,1,0,0,1,2,0,0,1
https://www.google.com/home,25,13,1,3,1,0,0,3,0,0,0,0,0,0
http://11.165.230.229/account-verify/index.php?session=443242,63,12,0,4,15,0,4,2,1,0,3,0,0,1
http://t.co/4551xz,16,6,0,2,4,0,0,0,0,1,0,0,0,1
https://static-assets.microsoft.com/session/q796ew8257ge?ref=566&track=1,70,29,1,2,9,0,2,0,0,1,1,0,0,0
http://amaz0n.cf/verify-confirm.html?id=9938,46,11,0,0,6,0,3,0,0,0,3,1,0,1
https://en.linkedin.com/docs/api,33,13,1,2,0,0,0,1,0,0,2,0,0,0
https://en.wikipedia.org/home,28,15,1,4,2,1,0,2,0,0,2,0,0,0
https://docs.sbi.co.in/docs/api,33,13,1,1,2,0,0,1,0,0,0,0,0,0
https://docs.linkedin.com/contact,33,19,1,1,1,0,2,0,0,0,0,0,0,0
https://paypal-secure.cf/secure,33,15,1,0,0,2,0,0,0,0,0,1,0,1
http://137.61.58.63/signin/index.php?session=274407,53,11,0,4,17,1,0,0,1,0,3,0,0,1
https://en.nytimes.com/contact,29,12,1,2,0,2,2,0,0,0,1,0,0,0
http://signin.paypal-support.tk/signin.php,44,26,0,3,1,3,0,2,0,0,1,1,0,1
https://www.microsoft.com/docs/api,32,15,1,4,1,2,0,0,0,1,0,0,0,0
https://www.icicibank.com/blog/2024/article,45,17,1,1,2,0,0,0,0,0,0,0,0,0
https://www.w3schools.com/home,31,17,1,3,0,0,1,0,0,0,0,0,0,0
https://www.bbc.com/home,23,11,1,4,1,2,0,3,0,0,2,0,0,0
https://docs.linkedin.com,23,15,1,0,0,0,0,2,0,0,0,0,0,0
https://en.reddit.com/about,27,12,1,2,0,0,1,0,0,1,0,0,0,0
https://cdn.hdfcbank.com/session/ww5fknjmvrydc1a?ref=199&track=1,64,15,1,1,4,0,5,1,0,0,1,0,0,0
http://netflix-update-f-whu8akhytz2zot3c.tk/update/f-whu8akhytz2zot3c,70,35,0,1,5,6,0,2,0,0,3,1,0,1
http://amaz0n.club/update-confirm.html?id=55258,47,11,0,3,6,1,2,0,0,0,1,1,0,1
https://wikipedia.org/user/profile,35,11,1,0,0,1,0,2,0,0,0,0,0,0
http://amazon-update-6bfypfw9yemmugv.work/update/6bfypfw9yemmugv,65,34,0,3,6,2,0,0,0,0,0,1,0,1
http://214.250.139.1/update/index.php?session=721091,53,14,0,4,18,1,3,0,1,0,1,0,0,1
https://en.hdfcbank.com/search?q=machine+learning,47,14,1,1,0,0,1,2,0,0,1,0,0,0
http://amazon-bank-account-khc35de5i4638gpwbabhxilw.club/bank-account/khc35de5i4638gpwbabhxilw,95,48,0,2,16,5,2,0,0,0,1,1,0,1
https://docs.reddit.com/about,30,17,1,4,1,0,2,0,0,1,0,0,0,0
http://amaz0n.top/confirm-password-confirm.html?id=1752,53,10,0,2,4,2,2,0,0,0,4,1,0,1
https://paypal-verify.com/verify,31,16,1,3,2,0,0,0,0,0,0,0,0,1
https://cdn.reddit.com/session/hlqh7ppcaduvl911zs?ref=292&track=1,63,12,1,3,6,0,2,0,0,1,0,0,0,0
https://www.nptel.ac.in/home,26,14,1,2,1,1,0,4,0,0,0,0,0,0
http://paypa1.club/confirm-password-confirm.html?id=73346,59,12,0,0,7,2,1,1,0,0,1,1,0,1
http://157.18.90.76/signin/index.php?session=101943,53,10,0,4,17,0,3,0,1,0,2,0,0,1
http://secure.paypal-secure.ml/secure.php,42,25,0,2,0,1,0,0,0,0,3,1,0,1
http://145.197.236.173/verify/index.php?session=359844,56,16,0,2,16,0,3,4,1,0,2,0,0,1
https://www.reddit.com/about,28,15,1,2,0,0,1,2,0,1,0,0,0,0
https://user-portal.google.com/session/rdpxdfovd79c9mv9e4?ref=385&track=1,71,20,1,0,8,0,2,1,0,0,0,0,0,0
https://en.amazon.com/products,29,12,1,2,2,0,0,0,0,0,1,0,0,0
https://en.nytimes.com/contact,29,15,1,0,2,0,2,0,0,0,0,0,0,0
http://update.icicibank-update.ga/update.php,45,24,0,4,1,3,1,2,0,0,3,1,0,0
https://www.github.com,21,16,1,2,0,0,1,2,0,0,1,0,0,0
http://secure.amazon-support.work/secure.php,44,24,0,2,0,1,2,1,0,0,0,1,0,1
https://www.icicibank.com/user/profile,39,19,1,2,2,0,0,0,0,0,2,0,0,0
https://www.wikipedia.org/blog/2024/article,43,19,1,0,4,2,2,0,0,0,2,0,0,0
https://docs.irctc.co.in/course/aiml,34,14,1,3,0,0,0,1,0,0,0,0,0,0
https://en.w3schools.com/home,31,16,1,2,0,0,2,0,0,0,0,0,0,1
https://www.bbc.com/products,28,13,1,2,1,2,0,0,0,0,2,0,0,0
http://186.70.174.213/billing-update/index.php?session=785373,62,16,0,5,16,3,1,4,1,0,1,0,0,1
https://www.nptel.ac.in/docs/api,33,13,1,4,0,1,0,0,0,0,1,0,0,0
http://113.16.29.210/bank-account/index.php?session=193871,60,14,0,5,16,2,2,0,1,0,4,0,0,1
http://93.53.83.196/verify/index.php?session=251791,53,14,0,4,17,0,2,1,1,0,0,0,0,1
https://www.nytimes.com/course/aiml,35,16,1,1,0,1,0,0,0,0,0,0,0,0
http://amazon-verify-69kcimfl1yn3cqyt-g2ol6w0d4.work/verify/69kcimfl1yn3cqyt-g2ol6w0d4,88,43,0,0,16,4,1,2,0,0,0,1,0,1
https://en.mit.edu/blog/2024/article,37,10,1,4,6,0,0,2,0,0,0,0,0,0
https://www.amazon.com/search?q=machine+learning,47,12,1,2,1,2,3,1,0,0,0,0,0,0
https://www.python.org/about,30,14,1,4,0,1,0,0,0,0,0,0,0,1
https://en.linkedin.com/about,29,13,1,4,1,0,1,2,0,0,0,0,0,0
http://bank-account.microsoft-secure.ga/bank-account.php,54,34,0,4,1,4,0,1,0,0,5,1,0,1
https://www.irctc.co.in/course/aiml,33,16,1,3,0,1,1,2,0,0,0,0,0,0
http://paypal-webscr-zgcvhlbqrgegcyz14vx51f82w.ml/webscr/zgcvhlbqrgegcyz14vx51f82w,81,41,0,3,14,2,0,0,0,0,0,1,0,1
http://account-verify.microsoft-support.work/account-verify.php,65,35,0,1,0,4,0,2,0,0,0,1,0,1
https://docs.geeksforgeeks.org/products,37,24,1,2,0,0,2,3,0,0,0,0,0,0
http://t.co/7975xz,18,3,0,3,5,0,2,0,0,1,1,0,0,1
http://amaz0n.xyz/bank-account-confirm.html?id=34118,54,9,0,0,6,0,4,0,0,0,1,1,0,1
http://account-verify.amazon-secure.ml/account-verify.php,58,29,0,3,2,3,0,3,0,0,4,1,0,1
http://gooogle.work/secure-confirm.html?id=69869,50,10,0,1,6,2,0,2,0,0,1,1,0,1
http://231.10.93.184/billing-update/index.php?session=871793,61,15,0,3,18,0,4,0,1,0,3,0,0,1
https://static-assets.bbc.com/session/zzxt9qubwrp?ref=122&track=1,66,20,1,2,3,2,4,0,0,0,2,0,0,0
https://www.google.com/docs/api,32,13,1,4,0,0,0,0,0,0,1,0,0,0
https://icicibank-billing-update.info/billing-update,50,28,1,2,2,2,0,0,0,0,4,1,0,1
http://37.140.58.64/confirm-password/index.php?session=374139,62,12,0,5,16,0,3,3,1,0,4,0,0,1
http://212.118.172.244/secure/index.php?session=193175,55,14,0,6,20,0,3,1,1,0,1,0,0,1
https://icicibank-confirm-password.top/confirm-password,56,31,1,3,1,2,0,0,0,0,5,1,0,1
https://netflix-webscr.gq/webscr,33,18,1,2,0,2,0,1,0,0,1,1,0,1
https://en.wikipedia.org/about,29,15,1,2,0,2,2,3,0,0,2,0,0,0
https://nytimes.com/about,23,10,1,0,1,0,0,1,0,0,1,0,0,0
http://sbi-webscr-dod5q5f7ge91eumj8ya5el5vky1j5q4-5.gq/webscr/dod5q5f7ge91eumj8ya5el5vky1j5q4-5,93,45,0,3,25,5,0,0,0,0,0,1,0,1
https://www.geeksforgeeks.org/docs/api,36,23,1,2,2,2,0,0,0,0,0,0,0,0
https://docs.sbi.co.in/user/profile,34,14,1,5,2,1,0,3,0,0,0,0,0,0
https://www.geeksforgeeks.org/about,35,19,1,2,2,2,0,0,0,0,0,0,0,0
https://en.reddit.com,23,14,1,3,0,0,0,0,0,1,0,0,0,0
https://static-assets.reddit.com/session/2nloqtq685ohm6x7p7ah?ref=379&track=1,78,22,1,3,9,0,2,2,0,1,1,0,0,0
https://bbc.com/contact,23,8,1,0,1,0,0,0,0,0,0,0,0,0
http://amaz0n.ml/signin-confirm.html?id=10235,43,9,0,3,8,0,3,2,0,0,3,1,0,1
https://paypal-account-verify.info/account-verify,49,26,1,0,1,3,1,0,0,0,2,1,0,1
https://www.stackoverflow.com/user/profile,42,23,1,2,2,0,0,2,0,0,0,0,0,0
http://t.co/6325xz,19,2,0,0,4,0,2,1,0,1,1,0,0,1
http://217.26.210.26/signin/index.php?session=46867,52,11,0,4,16,0,0,4,1,0,0,0,0,1
http://amaz0n.tk/update-confirm.html?id=64207,46,10,0,1,4,0,0,0,0,0,0,1,0,1
https://docs.python.org/user/profile,36,17,1,3,0,0,0,2,0,0,0,0,0,0
http://amazon-account-verify-m20i298zohqlymexfvbfejsk3mbinnz-.ga/account-verify/m20i298zohqlymexfvbfejsk3mbinnz-,114,57,0,1,14,6,1,1,0,0,0,1,0,1
https://www.flipkart.com/about,31,17,1,1,0,0,1,0,0,1,1,0,0,0
http://confirm-password.amazon-update.cf/confirm-password.php,61,34,0,1,0,1,2,0,0,0,2,1,0,1
http://93.233.245.72/secure/index.php?session=787931,53,13,0,6,14,0,3,3,1,0,3,0,0,1
http://micros0ft.com/billing-update-confirm.html?id=75094,57,15,0,0,8,4,1,0,0,1,2,0,0,1
https://docs.linkedin.com/user/profile,39,16,1,1,0,0,0,0,0,0,0,0,0,0
https://microsoft.com/search?q=machine+learning,49,13,1,1,0,0,3,0,0,1,0,0,0,0
http://62.185.243.130/verify/index.php?session=524028,53,13,0,3,19,1,3,0,1,0,2,0,0,1
https://user-portal.python.org/session/gom6736z4dsxlsu?ref=875&track=1,68,20,1,0,10,3,2,2,0,0,1,0,0,0
https://www.geeksforgeeks.org/blog/2024/article,47,19,1,1,6,0,0,0,0,0,0,0,0,0
http://netflix-confirm-password-9icd1te55xl9md0fx.gq/confirm-password/9icd1te55xl9md0fx,88,44,0,3,10,5,2,0,0,0,3,1,0,1
https://netflix-verify.info/verify,34,17,1,2,1,3,0,0,0,0,0,1,0,1
https://google.com/about,24,9,1,1,0,2,0,1,0,0,0,0,0,0
https://user-portal.reddit.com/session/mhopmpnbn?ref=298&track=1,65,20,1,2,6,3,6,0,0,1,0,0,0,0
https://en.nytimes.com/products,31,16,1,1,2,0,0,0,0,0,0,0,0,0
https://wikipedia.org,19,12,1,1,0,2,2,0,0,0,0,0,0,0
http://sbi-account-verify-knc-hywmwn85lt3tik7f.tk/account-verify/knc-hywmwn85lt3tik7f,87,41,0,2,8,8,2,0,0,0,4,1,0,1
https://docs.irctc.co.in/user/profile,37,15,1,2,0,0,1,4,0,0,0,0,0,0
https://www.microsoft.com/contact,35,19,1,4,1,2,0,0,0,1,2,0,0,0
http://login.hdfcbank-update.cf/login.php,40,25,0,5,0,1,1,1,0,0,3,1,0,1
http://amazon-verify-3dgansi5f0zhzh-.cf/verify/3dgansi5f0zhzh-,62,31,0,0,6,4,1,0,0,0,1,1,0,1
http://gooogle.gq/update-confirm.html?id=92612,45,11,0,3,4,1,3,2,0,0,2,1,0,1
https://www.hdfcbank.com/course/aiml,36,15,1,0,1,0,0,2,0,0,0,0,0,0
http://51.83.132.90/confirm-password/index.php?session=232457,59,12,0,2,15,2,3,3,1,0,1,0,0,1
https://www.irctc.co.in/products,33,16,1,5,0,0,1,3,0,0,0,0,0,0
https://www.google.com/course/aiml,33,16,1,4,0,2,2,0,0,0,0,0,0,0
http://paypal-webscr-yuj-9lsgrf50c7xxgju.ga/webscr/yuj-9lsgrf50c7xxgju,68,38,0,0,8,3,0,0,0,0,2,1,0,1
http://account-verify.icicibank-secure.gq/account-verify.php,61,32,0,4,0,5,1,0,0,0,2,1,0,1
http://faceb00k.com/confirm-password-confirm.html?id=96684,58,13,0,2,6,1,4,2,0,0,0,0,0,1
http://sbi-secure-r2wcieppus2r4eh.work/secure/r2wcieppus2r4eh,63,29,0,0,7,2,0,0,0,0,1,1,0,1
http://netflix-webscr-8kz98q1-u-q55dvvpgb9iy636fntcrrawa.ga/webscr/8kz98q1-u-q55dvvpgb9iy636fntcrrawa,100,50,0,0,18,5,0,2,0,0,1,1,0,1
http://secure.hdfcbank-support.top/secure.php,45,27,0,4,2,1,0,1,0,0,1,1,0,1
https://www.reddit.com/docs/api,33,12,1,0,1,0,1,1,0,1,2,0,0,0
https://www.google.com/contact,32,16,1,3,0,0,2,0,0,0,1,0,0,0
https://en.reddit.com/course/aiml,33,14,1,4,2,2,0,0,0,1,0,0,0,0
https://www.icicibank.com,24,18,1,4,0,0,1,0,0,0,1,0,0,0
https://www.mit.edu/docs/api,28,10,1,1,0,0,0,0,0,0,0,0,0,0
https://cdn.wikipedia.org/session/vwct8jbbsxpk48?ref=156&track=1,66,15,1,0,8,0,5,3,0,0,0,0,0,0
http://webscr.icicibank-secure.ga/webscr.php,42,26,0,4,2,2,0,1,0,0,1,1,0,1
http://104.146.39.188/bank-account/index.php?session=77401,56,16,0,2,14,0,4,4,1,0,0,0,0,1
https://en.mit.edu/docs/api,26,9,1,3,0,0,1,0,0,0,0,0,0,0
http://secure.paypal-update.tk/secure.php,42,25,0,5,0,3,1,1,0,0,4,1,0,1
http://netflix-login-cmw2x09en3bga8tcqaw8r.cf/login/cmw2x09en3bga8tcqaw8r,72,38,0,1,12,0,0,2,0,0,1,1,0,1
http://netflix-update-3ir5mv1bz4iyw1n2sm.top/update/3ir5mv1bz4iyw1n2sm,69,37,0,0,11,0,0,0,0,0,1,1,0,1
http://faceb00k.cf/account-verify-confirm.html?id=87357,53,12,0,1,7,4,1,0,0,0,2,1,0,1
http://goo.gl/6258xz,21,7,0,3,4,0,0,0,0,1,0,0,0,0
https://static-assets.irctc.co.in/session/d581lto4rq3q7gktmq?ref=799&track=1,76,24,1,4,10,3,4,0,0,0,0,0,0,0
https://en.reddit.com/products,30,12,1,2,0,1,1,1,0,1,1,0,0,0
https://www.hdfcbank.com/about,30,16,1,1,1,0,2,0,0,0,0,0,0,0
https://www.google.com/home,26,16,1,1,2,2,1,3,0,0,0,0,0,1
http://amazon-billing-update-nflmoav356mstpwzhh.info/billing-update/nflmoav356mstpwzhh,85,44,0,0,5,4,0,1,0,0,4,1,0,1
https://amazon-verify.top/verify,33,15,1,3,0,2,0,0,0,0,0,1,0,1
http://verify.microsoft-support.xyz/verify.php,44,30,0,4,0,1,2,2,0,0,0,1,0,1
http://micros0ft.top/account-verify-confirm.html?id=5006,58,13,0,1,5,4,3,1,0,0,5,1,0,1
https://www.icicibank.com/about,30,18,1,4,0,0,0,3,0,0,2,0,0,0
https://user-portal.python.org/session/hpnf4jd1ksibsm?ref=578&track=1,67,21,1,0,7,0,6,0,0,0,0,0,0,0
https://www.python.org/contact,32,14,1,2,1,0,2,2,0,0,0,0,0,0
https://www.flipkart.com/course/aiml,38,17,1,0,0,1,0,3,0,1,1,0,0,0
http://amaz0n.tk/signin-confirm.html?id=59051,46,8,0,4,6,0,0,0,0,0,2,1,0,1
http://goo.gl/3820xz,22,6,0,3,4,0,1,0,0,1,0,0,0,1
http://112.143.180.109/bank-account/index.php?session=71190,60,16,0,3,19,1,2,3,1,0,0,0,0,1
https://reddit.com/docs/api,28,11,1,0,0,0,0,0,0,1,2,0,0,0
https://www.amazon.com/course/aiml,32,13,1,2,2,0,2,0,0,0,1,0,0,0
http://billing-update.paypal-secure.work/billing-update.php,59,35,0,1,1,2,0,1,0,0,1,1,0,1
https://docs.geeksforgeeks.org,32,23,1,4,0,0,2,2,0,0,0,0,0,0
http://update.hdfcbank-support.ml/update.php,46,28,0,2,0,2,1,2,0,0,2,1,0,1
http://bank-account.paypal-support.club/bank-account.php,55,31,0,2,0,5,0,0,0,0,2,1,0,1
https://amazon-update.xyz/update,33,18,1,1,0,1,0,0,0,0,0,1,0,1
https://www.stackoverflow.com/user/profile,44,23,1,1,0,2,0,0,0,0,2,0,0,0
http://is.gd/8531xz,17,6,0,2,2,1,0,0,0,1,0,0,0,1
http://signin.paypal-support.info/signin.php,44,25,0,1,1,1,0,0,0,0,3,1,0,1
https://www.python.org/search?q=machine+learning,47,16,1,3,1,0,4,0,0,0,0,0,0,0
https://reddit.com/docs/api,27,8,1,2,0,0,2,0,0,1,0,0,0,0
http://bit.ly/7442xz,21,6,0,3,4,0,2,0,0,1,0,0,0,1
https://www.icicibank.com/products,36,15,1,3,1,1,1,0,0,0,0,0,0,0
https://cdn.python.org/session/0ezf0zpb?ref=778&track=1,57,13,1,2,5,0,3,2,0,0,0,0,0,0
https://www.flipkart.com/home,30,17,1,2,0,0,0,0,0,1,0,0,0,0
https://cdn.wikipedia.org/session/jdi3wdnmvqltzqw?ref=110&track=1,65,15,1,1,4,2,5,1,0,0,0,0,0,0
https://en.flipkart.com/home,26,17,1,3,2,1,0,1,0,1,1,0,0,0
https://www.sbi.co.in/about,26,13,1,5,0,0,2,4,0,0,2,0,0,0
http://tinyurl.com/7683xz,27,10,0,2,6,0,0,0,0,1,0,0,0,1
http://netflix-update-pqf651a2hyq6masoq.ml/update/pqf651a2hyq6masoq,66,36,0,0,11,2,2,0,0,0,0,1,0,1
http://t.co/7474xz,20,6,0,0,6,0,0,0,0,1,0,0,0,1
https://en.sbi.co.in/about,28,11,1,4,0,0,0,4,0,0,0,0,0,0
https://www.hdfcbank.com/products,32,18,1,3,2,0,1,2,0,0,1,0,0,0
http://gooogle.ml/webscr-confirm.html?id=64903,47,11,0,3,4,0,0,0,0,0,0,1,0,1
https://www.icicibank.com/search?q=machine+learning,53,16,1,2,0,2,3,1,0,0,0,0,0,0
https://static-assets.reddit.com/session/j3kps04jse17quami?ref=458&track=1,75,26,1,1,7,0,5,0,0,1,0,0,0,0
http://142.153.108.45/secure/index.php?session=197536,55,16,0,2,15,2,2,3,1,0,1,0,0,1
http://billing-update.amazon-update.work/billing-update.php,60,35,0,1,0,5,2,2,0,0,2,1,0,1
https://www.flipkart.com/contact,31,16,1,0,0,0,2,1,0,1,1,0,0,0
http://ow.ly/3973xz,18,5,0,3,3,1,2,0,0,1,0,0,0,1
https://www.hdfcbank.com/user/profile,39,18,1,1,1,1,2,1,0,0,2,0,0,0
https://cdn.reddit.com/session/my91otkzh4oe1u?ref=970&track=1,63,14,1,0,7,0,6,0,0,1,0,0,0,0
https://en.nytimes.com/docs/api,30,12,1,2,0,1,0,2,0,0,0,0,0,0
http://paypal-billing-update-wnnd9izubz-z07v2wujysh6kst0.club/billing-update/wnnd9izubz-z07v2wujysh6kst0,102,52,0,1,10,8,0,2,0,0,0,1,0,1
http://micros0ft.com/secure-confirm.html?id=23181,47,13,0,3,8,1,4,2,0,1,0,0,0,1
https://docs.microsoft.com/docs/api,37,17,1,0,1,2,0,1,0,1,0,0,0,0
https://www.amazon.com,23,15,1,3,0,0,0,1,0,0,1,0,0,0
http://update.amazon-update.work/update.php,42,26,0,1,0,3,0,1,0,0,3,1,0,1
http://gooogle.tk/account-verify-confirm.html?id=37103,56,8,0,2,3,2,1,0,0,0,2,1,0,1
https://docs.sbi.co.in/user/profile,34,13,1,3,0,0,1,0,0,0,0,0,0,0
https://www.microsoft.com/user/profile,37,19,1,3,0,0,2,3,0,1,0,0,0,0
https://paypal-signin.club/signin,31,17,1,0,2,2,0,0,0,0,2,1,0,1
http://221.249.36.170/update/index.php?session=730850,52,13,0,6,17,0,0,0,1,0,0,0,0,1
https://www.geeksforgeeks.org/search?q=machine+learning,53,21,1,2,1,1,2,1,0,0,1,0,0,0
http://cutt.ly/1480xz,22,9,0,3,2,0,2,0,0,1,0,0,0,1
https://en.bbc.com/blog/2024/article,37,11,1,3,5,0,2,3,0,0,0,0,0,0
http://sbi-bank-account-t6kaztzxu3hziaw7foe5c6poedl71zpks8.info/bank-account/t6kaztzxu3hziaw7foe5c6poedl71zpks8,113,58,0,1,16,3,1,0,0,0,3,1,0,1
https://icicibank.com/products,30,11,1,1,0,1,0,0,0,0,1,0,0,0
https://www.linkedin.com/docs/api,31,17,1,3,2,0,2,3,0,0,0,0,0,0
https://docs.microsoft.com/docs/api,34,20,1,1,0,2,2,0,0,1,0,0,0,0
https://sbi.co.in/home,23,7,1,0,0,0,0,1,0,0,0,0,0,0
http://goo.gl/6351xz,22,4,0,2,5,0,1,0,0,1,2,0,0,1
http://faceb00k.com/secure-confirm.html?id=75647,50,14,0,1,9,2,2,2,0,0,2,0,0,1
http://t.co/2447xz,17,4,0,0,3,2,0,1,0,1,2,0,0,1
https://en.stackoverflow.com,29,19,1,4,0,1,2,3,0,0,0,0,0,0
http://tinyurl.com/6447xz,27,12,0,2,4,2,2,0,0,1,0,0,0,1
https://hdfcbank.com/course/aiml,34,12,1,1,0,2,0,0,0,0,0,0,0,0
http://116.78.228.11/verify/index.php?session=160537,50,11,0,2,16,0,4,0,1,0,1,0,0,1
https://google.com/about,25,11,1,3,0,0,2,0,0,0,0,0,0,0
http://goo.gl/3730xz,18,5,0,3,3,0,2,0,0,1,0,0,0,1
https://netflix-bank-account.top/bank-account,46,26,1,0,0,1,0,0,0,0,3,1,0,1
https://en.icicibank.com/course/aiml,38,18,1,0,2,0,1,0,0,0,0,0,0,0
https://www.w3schools.com/user/profile,40,16,1,2,0,0,1,2,0,0,2,0,0,0
https://www.wikipedia.org,24,19,1,0,1,0,0,3,0,0,0,0,0,0
https://icicibank-signin.gq/signin,32,20,1,1,0,1,0,0,0,0,4,1,0,1
http://billing-update.hdfcbank-support.top/billing-update.php,60,37,0,4,0,4,2,0,0,0,3,1,0,1
https://static-assets.bbc.com/session/gebevsxmvtfqvk8?ref=158&track=1,69,21,1,0,7,0,3,2,0,0,0,0,0,0
http://gooogle.club/signin-confirm.html?id=8739,45,10,0,0,5,3,0,1,0,0,2,1,0,1
https://www.amazon.com/search?q=machine+learning,50,12,1,1,0,2,3,3,0,0,0,0,0,0
http://t.co/9156xz,17,2,0,0,2,0,0,2,0,1,0,0,0,1
https://www.irctc.co.in/products,30,17,1,5,1,0,2,2,0,0,0,0,0,0
http://77.136.74.182/signin/index.php?session=471063,51,11,0,6,14,0,0,1,1,0,3,0,0,1
http://is.gd/6873xz,18,6,0,3,5,1,1,0,0,1,0,0,0,1
https://www.irctc.co.in/home,30,14,1,1,0,1,0,2,0,0,2,0,0,0
http://70.244.205.68/update/index.php?session=622211,51,14,0,2,18,2,2,4,1,0,3,0,0,1
https://en.linkedin.com/docs/api,34,13,1,1,0,1,0,1,0,0,0,0,0,0
https://en.python.org/blog/2024/article,40,13,1,0,2,0,0,1,0,0,2,0,0,0
https://www.flipkart.com/course/aiml,35,15,1,2,0,2,0,0,0,1,2,0,0,0
http://account-verify.paypal-update.info/account-verify.php,57,31,0,5,2,2,0,2,0,0,1,1,0,1
http://cutt.ly/1110xz,23,8,0,2,6,0,0,0,0,1,0,0,0,1
https://paypal-login.xyz/login,28,16,1,0,0,2,0,0,0,0,3,1,0,1
https://amazon-login.com/login,30,15,1,3,0,2,0,1,0,0,3,0,0,1
https://static-assets.google.com/session/ua8d7204j3m?ref=383&track=1,66,23,1,0,10,3,6,2,0,0,0,0,0,0
https://www.reddit.com,24,15,1,1,2,1,0,3,0,1,0,0,0,0
https://netflix-update.info/update,32,21,1,2,0,1,0,1,0,0,3,1,0,1
https://docs.bbc.com/user/profile,31,11,1,2,0,2,1,2,0,0,0,0,0,0
http://192.60.113.211/billing-update/index.php?session=690280,60,13,0,6,15,0,0,0,1,0,1,0,0,1
https://github.com/user/profile,33,12,1,0,0,0,0,0,0,0,0,0,0,0
https://netflix-login.xyz/login,29,16,1,0,0,3,0,1,0,0,3,1,0,1
https://www.stackoverflow.com/course/aiml,41,22,1,3,0,0,0,0,0,0,1,0,0,0
https://www.sbi.co.in/about,25,14,1,1,0,1,2,3,0,0,0,0,0,0
http://paypal-bank-account-rio8a0p9oy5df9k5h.ml/bank-account/rio8a0p9oy5df9k5h,77,42,0,0,10,3,2,0,0,0,1,1,0,1
http://162.107.4.109/bank-account/index.php?session=442155,60,12,0,2,14,0,2,3,1,0,2,0,0,1
https://user-portal.linkedin.com/session/7qg24dsysymmq8q6a?ref=190&track=1,73,22,1,3,8,3,5,1,0,0,0,0,0,0
http://signin.paypal-update.ga/signin.php,42,23,0,1,0,1,2,1,0,0,2,1,0,1
https://docs.icicibank.com/user/profile,41,18,1,1,0,0,0,0,0,0,3,0,0,0
http://is.gd/8484xz,17,5,0,1,4,0,1,2,0,1,2,0,0,1
https://docs.linkedin.com/docs/api,35,15,1,2,0,0,1,1,0,0,0,0,0,0
http://81.220.185.190/account-verify/index.php?session=709939,59,12,0,3,19,0,4,4,1,0,2,0,0,1
https://www.amazon.com/blog/2024/article,38,16,1,2,5,2,2,1,0,0,0,0,0,0
http://faceb00k.gq/confirm-password-confirm.html?id=31947,55,13,0,1,5,0,1,1,0,0,3,1,0,0
http://amaz0n.tk/webscr-confirm.html?id=42181,46,8,0,1,6,0,4,0,0,0,4,1,0,1
http://219.104.149.130/update/index.php?session=853659,56,14,0,5,16,2,0,4,1,0,0,0,0,1
https://cdn.python.org/session/7jzc58cu47so?ref=659&track=1,61,12,1,3,10,2,2,1,0,0,0,0,0,0
https://icicibank-confirm-password.ml/confirm-password,56,28,1,0,0,5,2,2,0,0,3,1,0,1
https://en.microsoft.com/about,31,18,1,1,0,2,0,2,0,1,1,0,0,0
http://bit.ly/5026xz,18,8,0,0,4,0,0,0,0,1,2,0,0,1
http://confirm-password.icicibank-update.info/confirm-password.php,66,38,0,1,0,3,0,1,0,0,3,1,0,1
https://icicibank-signin.tk/signin,34,19,1,3,0,2,0,0,0,0,3,1,0,1
http://255.43.233.9/webscr/index.php?session=209099,49,13,0,3,13,2,4,4,1,0,2,0,0,1
https://static-assets.microsoft.com/session/co3s65qu0k5qzzk?ref=525&track=1,74,28,1,3,8,0,6,1,0,1,0,0,0,0
https://docs.reddit.com/blog/2024/article,39,13,1,2,5,1,0,0,0,1,0,0,0,0
http://signin.paypal-secure.cf/signin.php,41,21,0,4,0,1,1,0,0,0,4,1,0,1
http://is.gd/7869xz,20,5,0,0,6,1,1,0,0,1,0,0,0,1
https://www.flipkart.com/home,31,15,1,3,2,1,1,0,0,1,0,0,0,0
https://www.hdfcbank.com/blog/2024/article,41,14,1,3,3,0,0,0,0,0,0,0,0,0
http://confirm-password.hdfcbank-secure.cf/confirm-password.php,61,34,0,2,2,5,0,1,0,0,3,1,0,1
https://www.w3schools.com/contact,31,19,1,2,2,2,0,3,0,0,0,0,0,0
http://paypal-verify-bmlxoal3hoqr1vy6pgem-ivzz-ups8cu.work/verify/bmlxoal3hoqr1vy6pgem-ivzz-ups8cu,98,52,0,0,6,8,2,2,0,0,0,1,0,1
http://paypa1.xyz/account-verify-confirm.html?id=82577,54,8,0,4,4,0,2,0,0,0,1,1,0,1
https://www.sbi.co.in/course/aiml,32,12,1,4,0,0,0,1,0,0,0,0,0,0
http://webscr.paypal-update.ml/webscr.php,40,25,0,2,0,0,1,0,0,0,3,1,0,1
https://icicibank-bank-account.xyz/bank-account,46,26,1,1,1,4,0,0,0,0,4,1,0,1
http://goo.gl/4614xz,19,5,0,3,6,0,0,0,0,1,2,0,0,1
https://www.bbc.com/products,27,13,1,0,0,0,1,2,0,0,0,0,0,0
https://icicibank-verify.ga/verify,35,21,1,3,0,1,0,1,0,0,3,1,0,1
https://reddit.com/products,28,12,1,1,0,2,2,0,0,1,0,0,0,0
https://www.linkedin.com/search?q=machine+learning,49,17,1,0,0,0,0,0,0,0,0,0,0,0
https://en.wikipedia.org/user/profile,37,15,1,0,0,1,0,3,0,0,1,0,0,0
https://www.linkedin.com/products,31,15,1,0,1,0,0,2,0,0,0,0,0,0
http://secure.microsoft-update.work/secure.php,45,29,0,4,1,0,1,0,0,0,3,1,0,1
http://243.226.227.92/webscr/index.php?session=548300,51,16,0,4,15,1,2,3,1,0,2,0,0,1
http://bit.ly/9563xz,22,7,0,3,6,1,0,0,0,1,0,0,0,1
https://en.github.com,23,13,1,1,0,0,0,2,0,0,0,0,0,0
https://en.hdfcbank.com/products,30,16,1,0,2,1,0,0,0,0,0,0,0,0
https://www.reddit.com/blog/2024/article,40,12,1,1,5,0,0,0,0,1,2,0,0,0
http://billing-update.amazon-support.top/billing-update.php,58,33,0,5,0,3,0,3,0,0,1,1,0,1
https://paypal-verify.gq/verify,29,15,1,1,1,0,1,0,0,0,1,1,0,1
http://login.icicibank-support.work/login.php,46,26,0,4,0,0,2,0,0,0,2,1,0,1
http://login.amazon-support.cf/login.php,38,24,0,5,0,2,0,1,0,0,0,1,0,1
https://www.w3schools.com/user/profile,36,17,1,0,1,2,1,0,0,0,1,0,0,0
http://128.79.123.231/bank-account/index.php?session=408683,58,12,0,4,15,0,3,4,1,0,2,0,0,1
http://amazon-signin-gpzuzpwwt2it3kc3fp9.gq/signin/gpzuzpwwt2it3kc3fp9,70,37,0,3,9,0,0,2,0,0,3,1,0,1
https://www.bbc.com/user/profile,33,13,1,3,0,1,0,2,0,0,2,0,0,0
https://mit.edu/course/aiml,26,6,1,0,0,0,0,1,0,0,0,0,0,0
https://docs.flipkart.com/contact,31,16,1,3,0,1,0,0,0,1,0,0,0,0
https://api-v2.amazon.com/session/5y6q8sjy5op9?ref=295&track=1,63,15,1,0,12,0,2,3,0,0,2,0,0,0
http://account-verify.hdfcbank-secure.ga/account-verify.php,58,32,0,4,0,3,0,0,0,0,6,1,0,1
https://www.mit.edu/docs/api,28,11,1,0,2,0,0,0,0,0,1,0,0,0
http://login.amazon-support.top/login.php,41,25,0,5,0,0,1,0,0,0,0,1,0,1
https://www.w3schools.com/home,30,18,1,4,0,0,0,2,0,0,0,0,0,0
https://www.geeksforgeeks.org/home,33,23,1,4,0,1,2,3,0,0,1,0,0,0
http://paypal-login-l12av3r3a-6c535du7uo73ww2e7x0bn.cf/login/l12av3r3a-6c535du7uo73ww2e7x0bn,93,48,0,0,26,6,1,0,0,0,1,1,0,1
http://150.220.130.62/verify/index.php?session=64282,53,15,0,6,17,0,1,1,1,0,0,0,0,1
https://en.wikipedia.org/search?q=machine+learning,50,18,1,4,0,2,2,0,0,0,1,0,0,0
http://update.microsoft-secure.club/update.php,48,28,0,1,1,0,0,0,0,0,2,1,0,1
http://netflix-confirm-password-m5yzr453dyrzs6d.work/confirm-password/m5yzr453dyrzs6d,85,43,0,1,10,4,0,1,0,0,2,1,0,1
https://www.irctc.co.in,23,14,1,2,1,2,0,4,0,0,0,0,0,0
https://docs.mit.edu/user/profile,33,12,1,3,0,1,1,1,0,0,0,0,0,0
https://user-portal.google.com/session/2jtxb02b6lkc?ref=472&track=1,68,22,1,1,8,2,5,0,0,0,0,0,0,0
https://docs.hdfcbank.com/course/aiml,35,15,1,3,0,1,1,0,0,0,0,0,0,0
https://www.python.org/products,29,15,1,3,2,1,1,2,0,0,1,0,0,0
https://netflix-bank-account.ml/bank-account,42,24,1,2,0,2,1,0,0,0,3,1,0,1
http://247.228.228.132/account-verify/index.php?session=246973,63,13,0,6,20,0,2,3,1,0,2,0,0,1
https://www.w3schools.com/about,32,18,1,1,0,0,1,0,0,0,0,0,0,0
https://user-portal.bbc.com/session/xan25wm72qlgdvc2guwj?ref=592&track=1,70,19,1,2,7,0,2,0,0,0,1,0,0,0
https://www.flipkart.com/home,31,15,1,3,0,0,2,0,0,1,0,0,0,0
http://faceb00k.com/confirm-password-confirm.html?id=379,58,12,0,3,6,3,4,0,0,0,4,0,0,1
http://netflix-webscr-zdfqpxc2rz-mbabya3bl23.ga/webscr/zdfqpxc2rz-mbabya3bl23,76,42,0,0,9,4,0,0,0,0,1,1,0,1
https://www.nytimes.com/products,33,17,1,2,0,0,0,2,0,0,0,0,0,0
https://amazon-login.xyz/login,32,17,1,0,0,0,0,0,0,0,0,1,0,1
https://www.linkedin.com/products,34,15,1,1,2,0,2,0,0,0,1,0,0,0
https://api-v2.nptel.ac.in/session/t9dhsznvp8gmnhie9ede?ref=821&track=1,71,17,1,5,8,1,2,0,0,0,0,0,0,1
https://www.irctc.co.in,24,15,1,2,0,0,2,3,0,0,1,0,0,0
https://microsoft.com/products,30,11,1,1,1,0,0,2,0,1,2,0,0,0
https://www.stackoverflow.com/course/aiml,42,22,1,4,0,0,2,0,0,0,1,0,0,0
https://wikipedia.org/home,27,11,1,1,1,2,0,0,0,0,1,0,0,0
https://en.amazon.com,19,15,1,2,2,1,1,0,0,0,0,0,0,0
https://www.linkedin.com,25,15,1,4,1,1,1,2,0,0,2,0,0,0
https://www.stackoverflow.com/search?q=machine+learning,55,21,1,2,2,0,1,3,0,0,0,0,0,0
https://www.hdfcbank.com/home,28,18,1,0,2,2,0,0,0,0,3,0,0,0
https://flipkart.com/home,25,14,1,0,0,2,2,0,0,1,2,0,0,0
https://paypal-update.com/update,34,17,1,3,0,0,0,0,0,0,3,0,0,1
https://www.w3schools.com/products,33,17,1,2,2,0,0,0,0,0,0,0,0,0
https://en.amazon.com/products,31,13,1,1,1,0,0,2,0,0,1,0,0,0
https://en.flipkart.com/user/profile,38,15,1,2,2,1,0,0,0,1,0,0,0,0
https://amazon-signin.club/signin,33,16,1,3,0,3,2,2,0,0,1,1,0,1
http://verify.hdfcbank-support.club/verify.php,46,29,0,5,0,0,0,3,0,0,3,1,0,1
https://docs.linkedin.com/user/profile,38,19,1,1,0,0,0,1,0,0,1,0,0,1
http://signin.amazon-update.ml/signin.php,40,23,0,3,2,0,1,0,0,0,3,1,0,1
https://docs.geeksforgeeks.org/search?q=machine+learning,58,22,1,0,2,1,0,3,0,0,1,0,0,0
https://docs.geeksforgeeks.org,29,23,1,2,0,1,0,0,0,0,0,0,0,0
https://python.org,17,8,1,2,0,1,0,1,0,0,1,0,0,0
http://148.62.202.150/verify/index.php?session=84697,50,16,0,6,14,1,3,1,1,0,1,0,0,1
http://sbi-update-f1mmza96beltjepgz.xyz/update/f1mmza96beltjepgz,64,30,0,0,6,1,2,0,0,0,2,1,0,1
https://static-assets.bbc.com/session/hmewcjn6ocjpztc0?ref=831&track=1,71,22,1,3,8,0,5,0,0,0,0,0,0,0
https://www.nytimes.com/products,32,14,1,2,0,0,0,2,0,0,0,0,0,0
http://sbi-update-tzzxz-1wrs0xpgbnczdbra.tk/update/tzzxz-1wrs0xpgbnczdbra,73,34,0,0,2,5,0,1,0,0,2,1,0,1
http://t.co/9642xz,20,3,0,1,5,1,0,1,0,1,0,0,0,1
https://www.linkedin.com/blog/2024/article,40,17,1,4,5,1,0,0,0,0,0,0,0,0
https://bbc.com/docs/api,25,7,1,1,0,1,0,1,0,0,2,0,0,0
http://netflix-login-k37gfxamhv1f181vl43rgwhg.cf/login/k37gfxamhv1f181vl43rgwhg,78,40,0,1,16,0,0,1,0,0,1,1,0,1
https://docs.github.com/course/aiml,36,13,1,0,0,0,0,1,0,0,0,0,0,0
http://micros0ft.tk/update-confirm.html?id=5928,46,13,0,0,6,0,4,0,0,0,3,1,0,0
https://www.linkedin.com/home,31,14,1,0,0,1,0,2,0,0,1,0,0,0
https://icicibank.com/search?q=machine+learning,47,11,1,1,0,2,0,1,0,0,3,0,0,0
http://169.238.247.43/signin/index.php?session=191352,54,15,0,6,16,0,0,4,1,0,2,0,0,1
https://www.hdfcbank.com/blog/2024/article,44,16,1,3,2,2,2,0,0,0,1,0,0,0
http://amaz0n.ml/billing-update-confirm.html?id=53265,51,7,0,4,6,0,3,0,0,0,5,1,0,1
http://goo.gl/8265xz,20,8,0,0,2,0,1,0,0,1,0,0,0,1
http://paypal-update-w4rzahan7cadovazk3mbmyslvpzt.top/update/w4rzahan7cadovazk3mbmyslvpzt,91,48,0,2,4,2,2,0,0,0,0,1,0,1
http://netflix-update-m8q7lgj29mm7t0zivq7qbdp9t9nvx5ox.ga/update/m8q7lgj29mm7t0zivq7qbdp9t9nvx5ox,99,50,0,0,22,0,0,0,0,0,3,1,0,1
https://docs.hdfcbank.com/course/aiml,36,17,1,2,2,0,0,2,0,0,0,0,0,0
https://docs.bbc.com/user/profile,32,11,1,4,0,0,0,0,0,0,0,0,0,0
http://bit.ly/1540xz,21,6,0,2,6,0,2,0,0,1,0,0,0,1
https://icicibank-update.cf/update,33,18,1,0,1,2,0,0,0,0,0,1,0,1
https://netflix-update.club/update,35,17,1,1,0,0,0,0,0,0,1,1,0,1
https://docs.flipkart.com/products,32,15,1,2,2,2,0,1,0,1,0,0,0,0
https://w3schools.com/contact,29,13,1,0,3,0,0,2,0,0,0,0,0,0
https://nytimes.com,19,11,1,0,0,0,2,2,0,0,0,0,0,0
http://200.36.174.171/webscr/index.php?session=10593,51,15,0,5,17,0,1,1,1,0,0,0,0,1
https://icicibank.com/docs/api,32,14,1,2,2,0,1,2,0,0,1,0,0,0
http://cutt.ly/6678xz,21,7,0,0,5,1,0,0,0,1,0,0,0,0
https://en.icicibank.com/user/profile,36,14,1,2,2,2,2,3,0,0,0,0,0,0
http://is.gd/4584xz,17,5,0,0,6,1,2,0,0,1,0,0,0,1
https://en.nytimes.com/course/aiml,35,12,1,4,2,0,0,1,0,0,0,0,0,0
http://109.187.187.219/account-verify/index.php?session=871914,60,15,0,4,19,0,2,3,1,0,4,0,0,1
http://180.38.148.247/billing-update/index.php?session=175198,63,14,0,3,19,2,2,4,1,0,1,0,0,0
https://cdn.python.org/session/g403njbcfa95?ref=570&track=1,58,15,1,2,10,2,4,0,0,0,0,0,0,0
http://amazon-webscr-y-3ponw8mbci67fjpz.xyz/webscr/y-3ponw8mbci67fjpz,71,36,0,0,7,6,2,1,0,0,2,1,0,1
https://user-portal.nytimes.com/session/41bta3run?ref=560&track=1,63,24,1,1,8,0,5,1,0,0,0,0,0,0
https://www.bbc.com/about,24,11,1,1,2,0,1,1,0,0,2,0,0,0
https://en.nytimes.com/blog/2024/article,42,16,1,0,6,0,2,3,0,0,0,0,0,0
http://paypa1.info/update-confirm.html?id=20641,48,13,0,0,8,1,1,2,0,0,1,1,0,1
https://nptel.ac.in/search?q=machine+learning,47,12,1,1,1,0,3,1,0,0,0,0,0,0
https://www.bbc.com/home,25,13,1,2,1,0,0,1,0,0,1,0,0,0
https://en.flipkart.com/about,31,13,1,0,0,2,0,0,0,1,0,0,0,0
https://www.python.org/course/aiml,34,13,1,3,0,0,0,0,0,0,0,0,0,0
http://ow.ly/3088xz,17,4,0,0,6,2,0,0,0,1,0,0,0,1
https://en.stackoverflow.com/blog/2024/article,45,22,1,1,2,2,0,0,0,0,1,0,0,0
http://amazon-update-r64vtjunw6atgfrgdn2izkv-iww7.club/update/r64vtjunw6atgfrgdn2izkv-iww7,92,47,0,1,9,2,0,0,0,0,1,1,0,1
https://static-assets.geeksforgeeks.org/session/yzx70ib3wyzxjqyjv8?ref=112&track=1,83,33,1,3,9,0,6,2,0,0,0,0,0,0
https://www.nytimes.com/blog/2024/article,42,15,1,2,6,2,0,1,0,0,0,0,0,0
https://static-assets.python.org/session/tkx7je5b?ref=943&track=1,65,23,1,4,5,0,5,0,0,0,1,0,0,0
https://www.icicibank.com,26,18,1,0,0,0,0,3,0,0,2,0,0,0
http://sbi-confirm-password-5yzbkhuab-3wc4bnedjq.cf/confirm-password/5yzbkhuab-3wc4bnedjq,87,42,0,0,5,4,0,1,0,0,1,1,0,1
http://114.96.243.87/account-verify/index.php?session=710397,58,12,0,3,16,0,4,1,1,0,3,0,0,1
http://bank-account.amazon-secure.cf/bank-account.php,53,28,0,1,0,4,0,0,0,0,3,1,0,1
http://faceb00k.cf/login-confirm.html?id=73870,44,13,0,0,9,0,0,0,0,0,1,1,0,1
http://gooogle.info/secure-confirm.html?id=18285,49,12,0,0,6,3,2,0,0,0,4,1,0,1
http://confirm-password.icicibank-update.cf/confirm-password.php,66,36,0,4,0,4,0,0,0,0,2,1,0,1
http://gooogle.ml/confirm-password-confirm.html?id=82720,56,9,0,1,6,3,1,0,0,0,3,1,0,1
https://amazon-confirm-password.work/confirm-password,55,27,1,1,0,1,0,0,0,0,1,1,0,1
https://www.google.com/user/profile,33,16,1,4,2,0,0,1,0,0,0,0,0,0
https://www.google.com/docs/api,31,12,1,0,0,0,2,0,0,0,0,0,0,0
http://cutt.ly/5816xz,23,8,0,1,5,0,1,0,0,1,0,0,0,1
https://www.w3schools.com,26,16,1,3,3,1,0,0,0,0,2,0,0,0
https://cdn.icicibank.com/session/n4wbabq0fot10gdmip?ref=215&track=1,68,15,1,4,9,0,2,3,0,0,1,0,0,0
https://en.w3schools.com/docs/api,32,14,1,1,0,0,0,1,0,0,0,0,0,0
https://en.nytimes.com/user/profile,35,12,1,4,0,2,0,2,0,0,2,0,0,0
http://micros0ft.cf/confirm-password-confirm.html?id=38288,60,10,0,3,6,2,4,2,0,0,4,1,0,1
https://user-portal.bbc.com/session/30qabxw2eowlcfs8314?ref=911&track=1,73,17,1,4,9,0,4,2,0,0,1,0,0,0
http://bit.ly/7739xz,19,8,0,0,2,0,2,0,0,1,0,0,0,1
https://static-assets.wikipedia.org/session/owx1h4rmpnfgaglsxk?ref=507&track=1,76,26,1,4,4,1,2,0,0,0,0,0,0,0
http://gooogle.work/confirm-password-confirm.html?id=30689,60,14,0,2,5,0,4,0,0,0,4,1,0,1
https://netflix-account-verify.ga/account-verify,49,23,1,0,1,5,1,0,0,0,1,1,0,1
http://faceb00k.gq/secure-confirm.html?id=19771,47,10,0,4,5,0,4,0,0,0,4,1,0,1
https://en.microsoft.com/search?q=machine+learning,51,18,1,2,0,0,2,0,0,1,0,0,0,0
https://www.github.com/docs/api,32,14,1,0,0,0,1,0,0,0,0,0,0,0
http://165.184.12.147/login/index.php?session=893449,50,14,0,6,15,0,1,4,1,0,3,0,0,1
https://amazon.com/contact,24,11,1,0,1,1,0,0,0,0,0,0,0,0
http://micros0ft.xyz/billing-update-confirm.html?id=94847,59,11,0,1,7,3,0,0,0,0,4,1,0,1
https://www.hdfcbank.com/course/aiml,36,17,1,1,1,1,0,0,0,0,0,0,0,0
http://175.184.42.126/confirm-password/index.php?session=643852,65,14,0,2,15,0,3,4,1,0,2,0,0,1
https://www.stackoverflow.com/about,36,19,1,0,2,2,0,1,0,0,0,0,0,0
http://t.co/1679xz,18,5,0,2,5,2,0,0,0,1,1,0,0,1
https://www.reddit.com/search?q=machine+learning,48,13,1,3,1,1,1,2,0,1,1,0,0,0
https://api-v2.github.com/session/idsechu3ycpkavm96?ref=581&track=1,69,16,1,1,7,0,5,3,0,0,2,0,0,0
https://www.bbc.com/blog/2024/article,35,12,1,1,6,0,1,3,0,0,1,0,0,0
https://paypal-account-verify.com/account-verify,48,23,1,1,0,2,2,0,0,0,2,0,0,1
http://goo.gl/5590xz,22,7,0,1,2,0,0,0,0,1,2,0,0,1
https://stackoverflow.com/home,30,17,1,1,1,0,0,2,0,0,0,0,0,0
https://docs.stackoverflow.com/blog/2024/article,46,21,1,1,6,2,0,3,0,0,0,0,0,0
https://static-assets.mit.edu/session/9vgky5cgaghft9zzcgl?ref=266&track=1,72,20,1,1,7,0,2,0,0,0,0,0,0,0
http://cutt.ly/1225xz,21,6,0,1,4,1,0,0,0,1,0,0,0,1
https://user-portal.sbi.co.in/session/omts1egpgvtn4y?ref=749&track=1,69,19,1,4,6,2,4,3,0,0,0,0,0,0
https://docs.geeksforgeeks.org/course/aiml,44,20,1,2,0,0,0,2,0,0,0,0,0,0
https://static-assets.wikipedia.org/session/qxcs1xsrqlnzzrjo7vbh?ref=562&track=1,78,25,1,2,8,1,4,3,0,0,0,0,0,0
https://static-assets.linkedin.com/session/yc8gzkdf6j76bi?ref=604&track=1,73,25,1,1,7,2,6,2,0,0,0,0,0,0
http://tinyurl.com/3024xz,26,11,0,1,3,1,1,2,0,1,0,0,0,1
https://en.reddit.com,20,15,1,2,0,1,0,1,0,1,0,0,0,0
http://41.147.150.234/bank-account/index.php?session=638119,60,13,0,3,18,3,3,3,1,0,1,0,0,1
https://static-assets.bbc.com/session/1sqqq5l2xo?ref=504&track=1,64,19,1,3,8,1,4,0,0,0,1,0,0,0
https://user-portal.flipkart.com/session/lgf309hsuwdkej?ref=329&track=1,71,25,1,2,6,2,2,3,0,1,0,0,0,0
http://paypal-signin-dz643n347nkzsrk7ujvbp3bav68oue1.club/signin/dz643n347nkzsrk7ujvbp3bav68oue1,94,51,0,0,24,2,1,1,0,0,3,1,0,1
https://docs.nytimes.com/docs/api,34,15,1,0,0,2,2,0,0,0,0,0,0,0
http://is.gd/1551xz,17,3,0,3,6,1,1,0,0,1,1,0,0,1
https://www.linkedin.com/course/aiml,36,14,1,3,0,0,0,1,0,0,2,0,0,0
https://www.w3schools.com/home,32,15,1,0,1,2,0,1,0,0,1,0,0,0
http://goo.gl/9256xz,19,8,0,2,6,0,2,0,0,1,0,0,0,1
http://paypa1.top/secure-confirm.html?id=53867,47,9,0,3,6,2,1,0,0,0,4,1,0,1
https://hdfcbank.com/contact,30,13,1,0,0,0,0,0,0,0,1,0,0,0
https://www.icicibank.com/products,33,15,1,4,1,0,0,0,0,0,0,0,0,0
http://amaz0n.tk/account-verify-confirm.html?id=28310,53,7,0,1,8,1,2,0,0,0,2,1,0,1
https://docs.stackoverflow.com,32,24,1,0,2,2,0,0,0,0,0,0,0,0
https://mit.edu,13,5,1,2,1,0,0,1,0,0,0,0,0,0
http://bank-account.amazon-secure.work/bank-account.php,53,29,0,4,0,5,2,1,0,0,5,1,0,1
https://wikipedia.org/blog/2024/article,41,11,1,0,5,0,0,0,0,0,2,0,0,0
https://netflix-webscr.ml/webscr,30,17,1,0,2,2,2,0,0,0,2,1,0,1
https://www.wikipedia.org/products,35,18,1,0,0,1,1,3,0,0,2,0,0,1
https://reddit.com/course/aiml,32,11,1,1,1,0,2,0,0,1,1,0,0,0
https://user-portal.hdfcbank.com/session/tempxkc5i8xomxlvz4?ref=568&track=1,75,26,1,3,8,0,2,2,0,0,0,0,0,0
https://www.w3schools.com,26,18,1,0,0,0,2,2,0,0,0,0,0,0
https://microsoft.com/products,32,15,1,0,1,0,0,0,0,1,1,0,0,0
http://gooogle.info/login-confirm.html?id=78289,49,12,0,4,7,1,0,1,0,0,3,1,0,1
https://paypal-webscr.club/webscr,33,18,1,1,0,2,2,0,0,0,0,1,0,1
http://54.65.97.230/account-verify/index.php?session=262300,59,14,0,4,13,0,4,4,1,0,1,0,0,1
http://paypal-account-verify-qspvkb-odystchj32ole2qyr.gq/account-verify/qspvkb-odystchj32ole2qyr,94,50,0,2,5,4,0,0,0,0,4,1,0,1
https://www.reddit.com/contact,28,12,1,0,0,0,0,0,0,1,0,0,0,0
https://www.hdfcbank.com,26,15,1,1,1,0,0,3,0,0,0,0,0,0
http://bank-account.microsoft-update.gq/bank-account.php,55,31,0,2,0,5,0,3,0,0,3,1,0,1
http://ow.ly/5632xz,18,4,0,0,3,0,0,0,0,1,0,0,0,1
http://t.co/6803xz,17,2,0,0,4,0,1,0,0,1,0,0,0,1
http://102.13.163.39/secure/index.php?session=768301,53,12,0,6,16,0,0,0,1,0,1,0,0,1
http://confirm-password.microsoft-support.gq/confirm-password.php,65,39,0,4,0,1,2,3,0,0,3,1,0,1
http://faceb00k.xyz/update-confirm.html?id=41395,47,10,0,0,5,0,0,0,0,0,1,1,0,1
https://netflix-signin.ml/signin,31,16,1,2,1,0,0,1,0,0,3,1,0,1
http://netflix-secure-wc2j2t2ungtg3mgk4s7og.tk/secure/wc2j2t2ungtg3mgk4s7og,76,38,0,2,13,4,1,0,0,0,3,1,0,1
https://icicibank-webscr.xyz/webscr,37,19,1,1,2,2,0,2,0,0,1,1,0,1
https://github.com/products,26,12,1,2,1,0,1,0,0,0,0,0,0,0
https://amazon-secure.ml/secure,33,14,1,1,1,3,1,0,0,0,0,1,0,1
https://www.icicibank.com/about,31,19,1,3,0,0,0,1,0,0,0,0,0,0
https://en.irctc.co.in/user/profile,36,15,1,3,0,0,0,4,0,0,0,0,0,0
http://88.124.9.134/signin/index.php?session=215005,52,11,0,5,16,1,2,1,1,0,0,0,0,1
http://paypa1.ga/secure-confirm.html?id=9494,44,7,0,0,4,3,4,1,0,0,1,1,0,0
https://en.amazon.com/contact,31,11,1,0,0,0,0,0,0,0,0,0,0,0
https://www.stackoverflow.com/products,39,22,1,0,0,1,0,0,0,0,1,0,0,0
http://140.11.93.102/login/index.php?session=262352,53,13,0,5,15,2,1,1,1,0,0,0,0,1
http://amaz0n.xyz/account-verify-confirm.html?id=1962,55,12,0,1,3,2,0,0,0,0,2,1,0,1
https://www.python.org/user/profile,35,12,1,3,0,0,1,2,0,0,0,0,0,0
http://90.158.159.110/secure/index.php?session=101330,54,13,0,6,17,1,4,4,1,0,0,0,0,1
https://www.python.org/docs/api,29,14,1,3,0,2,0,2,0,0,2,0,0,0
http://confirm-password.amazon-update.xyz/confirm-password.php,61,36,0,3,2,4,0,0,0,0,1,1,0,1
http://ow.ly/3272xz,21,7,0,1,2,2,0,1,0,1,0,0,0,1
https://docs.bbc.com/contact,26,14,1,3,2,0,2,2,0,0,2,0,0,0
https://en.irctc.co.in/products,30,12,1,5,0,0,0,0,0,0,1,0,0,0
https://www.icicibank.com/products,36,17,1,0,0,0,0,0,0,0,2,0,0,0
https://netflix-webscr.ml/webscr,33,17,1,0,2,0,0,1,0,0,0,1,0,1
https://www.linkedin.com/course/aiml,38,18,1,3,2,0,1,3,0,0,1,0,0,0
http://ow.ly/7275xz,18,5,0,0,4,1,0,0,0,1,0,0,0,1
http://223.57.113.192/signin/index.php?session=254766,51,15,0,3,17,1,3,0,1,0,0,0,0,1
https://www.amazon.com/search?q=machine+learning,50,16,1,0,0,0,2,2,0,0,1,0,0,0
https://cdn.sbi.co.in/session/bq9j2h1tlom344mw04i3?ref=839&track=1,67,14,1,4,11,0,6,0,0,0,0,0,0,0
http://213.95.167.228/webscr/index.php?session=514902,55,15,0,5,17,0,0,1,1,0,3,0,0,1
http://micros0ft.ml/signin-confirm.html?id=64760,49,10,0,1,5,0,1,0,0,0,0,1,0,1
https://cdn.flipkart.com/session/7ztrj67dxl?ref=123&track=1,59,16,1,4,9,0,6,1,0,1,0,0,0,0
http://193.239.11.80/confirm-password/index.php?session=964471,60,14,0,3,15,0,0,2,1,0,4,0,0,1
https://amazon-confirm-password.ml/confirm-password,53,26,1,3,0,4,0,0,0,0,3,1,0,1
http://gooogle.gq/signin-confirm.html?id=43966,46,12,0,0,4,0,0,1,0,0,1,1,0,1
http://tinyurl.com/3686xz,27,10,0,1,2,0,0,0,0,1,2,0,0,1
https://amazon-update.gq/update,32,16,1,0,2,2,2,0,0,0,2,1,0,1
https://www.microsoft.com/about,30,15,1,2,1,2,0,2,0,1,0,0,0,0
http://account-verify.microsoft-update.ga/account-verify.php,62,36,0,5,0,1,1,0,0,0,4,1,0,1
http://verify.paypal-support.ga/verify.php,40,26,0,2,0,1,1,1,0,0,1,1,0,1
http://tinyurl.com/2223xz,25,10,0,1,4,2,2,1,0,1,0,0,0,1
https://www.flipkart.com/search?q=machine+learning,51,15,1,1,0,0,4,1,0,1,2,0,0,0
https://en.python.org/user/profile,34,13,1,4,0,2,0,0,0,0,1,0,0,0
https://flipkart.com/blog/2024/article,36,13,1,0,6,1,0,0,0,1,0,0,0,0
http://62.69.144.94/confirm-password/index.php?session=914688,60,10,0,5,16,2,1,2,1,0,1,0,0,1
http://tinyurl.com/6817xz,24,12,0,1,5,0,2,1,0,1,1,0,0,1
http://87.18.218.189/signin/index.php?session=139165,51,15,0,6,16,1,3,4,1,0,3,0,0,0
https://en.flipkart.com/user/profile,38,16,1,1,2,0,0,0,0,1,0,0,0,0
http://is.gd/9277xz,19,3,0,1,3,0,0,2,0,1,0,0,0,1
http://amazon-secure-3fev8a0q3tf5wh-u14h5xani35r.ga/secure/3fev8a0q3tf5wh-u14h5xani35r,86,43,0,0,18,4,1,0,0,0,1,1,0,1
http://bank-account.amazon-support.work/bank-account.php,58,33,0,3,0,2,0,1,0,0,3,1,0,1
http://amazon-confirm-password-msl0asggx-i0uuez.gq/confirm-password/msl0asggx-i0uuez,84,43,0,3,3,8,2,2,0,0,4,1,0,1
https://docs.hdfcbank.com,24,18,1,4,0,1,0,3,0,0,0,0,0,0
http://amazon-verify-8ilpqfcrx2hukc7.gq/verify/8ilpqfcrx2hukc7,60,33,0,3,4,3,0,0,0,0,3,1,0,1
https://cdn.nptel.ac.in/session/odlught7?ref=337&track=1,57,14,1,4,7,0,5,4,0,0,0,0,0,0
https://www.icicibank.com/contact,32,16,1,1,0,2,1,2,0,0,0,0,0,0
http://faceb00k.club/billing-update-confirm.html?id=2141,56,14,0,2,8,0,1,1,0,0,4,1,0,1
https://www.github.com/docs/api,31,15,1,0,0,0,2,1,0,0,2,0,0,0
https://www.nytimes.com,25,14,1,4,0,0,0,0,0,0,0,0,0,0
http://netflix-account-verify-hj00m4--arau77uyw3o2qs0p2i847nw4u1k.ml/account-verify/hj00m4--arau77uyw3o2qs0p2i847nw4u1k,119,60,0,0,28,10,0,2,0,0,3,1,0,1
http://netflix-bank-account-vlmlmsnvza2g7ap9ubl7t3pn0opiqkqbof.top/bank-account/vlmlmsnvza2g7ap9ubl7t3pn0opiqkqbof,114,61,0,0,12,5,0,0,0,0,3,1,0,1
https://docs.icicibank.com/course/aiml,39,17,1,2,0,2,0,3,0,0,2,0,0,0
https://amazon.com/home,22,10,1,0,0,1,0,1,0,0,0,0,0,0
https://sbi.co.in,18,11,1,1,0,0,1,1,0,0,2,0,0,0
https://amazon-billing-update.tk/billing-update,46,23,1,3,0,1,0,2,0,0,4,1,0,1
https://www.github.com/products,30,14,1,3,1,0,2,2,0,0,0,0,0,0
https://paypal-secure.com/secure,30,17,1,2,0,2,0,2,0,0,0,0,0,1
https://user-portal.mit.edu/session/vl66sajx?ref=507&track=1,60,19,1,2,6,1,5,0,0,0,2,0,0,0
http://cutt.ly/5808xz,23,5,0,2,3,0,1,0,0,1,0,0,0,1
https://www.linkedin.com/search?q=machine+learning,52,17,1,0,2,0,2,2,0,0,0,0,0,0
https://docs.irctc.co.in/about,30,15,1,2,0,0,0,3,0,0,0,0,0,0
http://paypa1.ml/webscr-confirm.html?id=88892,46,7,0,4,7,0,2,0,0,0,2,1,0,1
https://www.microsoft.com/products,36,15,1,1,0,1,0,0,0,1,1,0,0,0
https://en.nytimes.com/search?q=machine+learning,48,12,1,2,0,0,3,3,0,0,2,0,0,0
http://236.139.138.217/update/index.php?session=459153,55,13,0,4,18,0,1,2,1,0,0,0,0,1
http://183.224.121.29/account-verify/index.php?session=350366,62,16,0,4,18,1,2,0,1,0,2,0,0,1
https://www.nytimes.com/course/aiml,36,16,1,2,0,0,1,0,0,0,0,0,0,0
http://micros0ft.com/bank-account-confirm.html?id=1766,55,12,0,0,5,4,2,0,0,1,2,0,0,1
https://www.linkedin.com/search?q=machine+learning,48,14,1,4,1,0,1,0,0,0,0,0,0,0
https://api-v2.hdfcbank.com/session/f3138i2xog?ref=172&track=1,60,18,1,2,9,2,2,0,0,0,0,0,0,0
http://verify.hdfcbank-update.top/verify.php,46,28,0,3,1,2,0,3,0,0,4,1,0,1
https://google.com/search?q=machine+learning,46,10,1,1,0,2,2,0,0,0,0,0,0,0
https://api-v2.python.org/session/blejgublm?ref=559&track=1,60,19,1,2,7,2,6,3,0,0,0,0,0,0
https://www.linkedin.com/products,33,15,1,0,0,2,2,0,0,0,2,0,0,0
http://billing-update.amazon-secure.ga/billing-update.php,58,29,0,1,2,1,0,0,0,0,4,1,0,1
http://signin.icicibank-secure.gq/signin.php,46,26,0,2,0,3,1,0,0,0,5,1,0,1
https://en.stackoverflow.com,26,18,1,3,0,1,1,3,0,0,0,0,0,0
http://amazon-webscr-bcwf6fovk3hrkq9fkdek3g.ml/webscr/bcwf6fovk3hrkq9fkdek3g,77,40,0,3,10,0,1,2,0,0,1,1,0,1
https://api-v2.w3schools.com/session/2da8dbfa1u5my80tgh3s?ref=733&track=1,72,21,1,4,11,1,2,2,0,0,0,0,0,0
https://www.bbc.com/contact,27,13,1,0,0,0,2,0,0,0,0,0,0,0
http://netflix-verify-u8w9fz1apb1df67ui0aokuny8nl8vb9h.ml/verify/u8w9fz1apb1df67ui0aokuny8nl8vb9h,97,51,0,3,22,4,0,1,0,0,0,1,0,0
http://paypa1.cf/account-verify-confirm.html?id=8020,53,10,0,0,7,2,1,0,0,0,4,1,0,1
https://www.hdfcbank.com/docs/api,35,15,1,2,0,0,0,3,0,0,3,0,0,0
https://user-portal.python.org/session/98brzva9wdj?ref=274&track=1,64,23,1,2,5,0,3,0,0,0,0,0,0,0
http://verify.microsoft-update.xyz/verify.php,43,27,0,4,0,1,0,1,0,0,4,1,0,1
http://faceb00k.cf/billing-update-confirm.html?id=48726,57,12,0,1,8,3,3,0,0,0,4,1,0,0
http://update.microsoft-support.cf/update.php,45,25,0,3,0,1,0,3,0,0,3,1,0,1
http://sbi-signin-iafhe1fxcs4bkv9oxm-f5pheuo6a9xafjgo.tk/signin/iafhe1fxcs4bkv9oxm-f5pheuo6a9xafjgo,98,51,0,2,13,5,1,2,0,0,2,1,0,1
https://www.stackoverflow.com/home,35,22,1,0,0,0,1,2,0,0,0,0,0,0
https://www.flipkart.com/user/profile,39,14,1,2,0,0,0,3,0,1,1,0,0,0
http://85.154.58.72/confirm-password/index.php?session=68542,58,13,0,3,16,1,0,0,1,0,2,0,0,1
http://faceb00k.cf/account-verify-confirm.html?id=22701,55,9,0,3,7,2,4,1,0,0,3,1,0,1
https://reddit.com/course/aiml,29,10,1,3,0,1,1,0,0,1,0,0,0,0
https://www.sbi.co.in/products,31,11,1,3,0,2,1,4,0,0,0,0,0,0
https://www.hdfcbank.com/course/aiml,38,16,1,1,0,1,2,0,0,0,2,0,0,0
https://flipkart.com/blog/2024/article,37,12,1,1,6,2,0,2,0,1,0,0,0,0
https://en.microsoft.com/about,31,17,1,4,0,0,0,0,0,1,2,0,0,0
https://docs.reddit.com/docs/api,31,17,1,1,0,2,2,2,0,1,1,0,0,0
https://www.amazon.com/products,32,14,1,3,2,0,0,0,0,0,1,0,0,0
http://webscr.hdfcbank-update.info/webscr.php,44,25,0,3,0,1,0,0,0,0,1,1,0,1
https://en.microsoft.com/products,33,14,1,2,0,2,0,2,0,1,1,0,0,0
https://docs.irctc.co.in/user/profile,38,18,1,3,1,0,0,4,0,0,1,0,0,0
https://en.stackoverflow.com/home,32,20,1,3,0,0,0,1,0,0,0,0,0,0
https://user-portal.bbc.com/session/p0ij74nl03llu1a7boxf?ref=885&track=1,70,17,1,0,11,0,3,0,0,0,2,0,0,0
https://en.stackoverflow.com/home,31,22,1,2,0,0,1,3,0,0,0,0,0,0
https://cdn.nptel.ac.in/session/g6n6975j2?ref=149&track=1,55,15,1,3,10,0,3,2,0,0,0,0,0,0
https://api-v2.linkedin.com/session/of92y8lz8cv2a6pg4g?ref=632&track=1,70,19,1,1,10,3,5,3,0,0,0,0,0,0
http://paypal-login-m587m3zvq6mqb4dqhe.xyz/login/m587m3zvq6mqb4dqhe,66,34,0,0,12,1,1,2,0,0,0,1,0,1
https://api-v2.mit.edu/session/5e5rwsf5pae9z5j?ref=729&track=1,62,14,1,0,8,3,3,3,0,0,0,0,0,0
http://amazon-verify-ae1jyyp7hgd8luuc-65ai2389eqe22.cf/verify/ae1jyyp7hgd8luuc-65ai2389eqe22,92,46,0,0,23,4,0,1,0,0,0,1,0,1
http://webscr.microsoft-support.gq/webscr.php,47,25,0,3,2,1,0,2,0,0,3,1,0,1
https://reddit.com/search?q=machine+learning,42,12,1,0,0,0,4,2,0,1,0,0,0,0
http://confirm-password.microsoft-secure.club/confirm-password.php,65,39,0,2,0,3,2,1,0,0,5,1,0,1
http://bit.ly/6014xz,21,6,0,0,5,2,0,1,0,1,2,0,0,1
http://confirm-password.icicibank-secure.cf/confirm-password.php,65,34,0,4,2,4,0,0,0,0,4,1,0,1
https://www.microsoft.com/search?q=machine+learning,51,19,1,3,0,0,2,2,0,1,0,0,0,0
https://flipkart.com/products,30,11,1,0,0,2,1,0,0,1,0,0,0,0
http://sbi-login-z5a55vdjqda23j908do4p0amus8zo.ml/login/z5a55vdjqda23j908do4p0amus8zo,85,43,0,0,20,3,0,1,0,0,2,1,0,1
https://www.bbc.com,20,10,1,4,1,2,0,1,0,0,0,0,0,0
https://api-v2.google.com/session/9uri7ev4dh9ugf10oo1p?ref=427&track=1,70,17,1,0,12,0,2,3,0,0,1,0,0,0
http://amaz0n.ga/login-confirm.html?id=47562,42,10,0,4,8,2,3,2,0,0,1,1,0,1
http://sbi-signin-3dxhzs5us2boczlxs.cf/signin/3dxhzs5us2boczlxs,64,29,0,0,5,0,0,2,0,0,3,1,0,1
https://www.geeksforgeeks.org/docs/api,36,20,1,0,2,2,1,2,0,0,0,0,0,0
http://paypal-secure-0hs-x386380kqlrvd8-zvr.tk/secure/0hs-x386380kqlrvd8-zvr,76,40,0,2,15,4,0,0,0,0,1,1,0,1
https://www.bbc.com/home,25,10,1,2,0,1,0,2,0,0,0,0,0,0
https://microsoft.com/home,25,13,1,3,0,0,1,0,0,1,1,0,0,0
https://static-assets.sbi.co.in/session/f0n852n5fnp36f8?ref=197&track=1,72,24,1,3,10,3,4,1,0,0,2,0,0,0
https://www.icicibank.com/contact,31,19,1,2,0,1,0,0,0,0,1,0,0,0
https://www.w3schools.com/docs/api,33,15,1,3,0,2,2,2,0,0,2,0,0,0
http://goo.gl/7566xz,20,7,0,3,3,0,1,2,0,1,0,0,0,1
https://www.microsoft.com/user/profile,37,17,1,1,0,0,0,3,0,1,0,0,0,0
https://www.reddit.com/home,29,16,1,3,1,1,0,0,0,1,0,0,0,0
http://micros0ft.tk/account-verify-confirm.html?id=37760,56,10,0,0,8,3,0,0,0,0,5,1,0,1
https://www.nytimes.com/user/profile,35,15,1,2,1,2,2,3,0,0,0,0,0,0
http://goo.gl/5167xz,21,6,0,0,3,0,0,0,0,1,0,0,0,0
http://paypal-verify-i1agzgxwyc7tevsandde.xyz/verify/i1agzgxwyc7tevsandde,74,38,0,3,3,0,0,1,0,0,1,1,0,1
https://netflix-signin.ml/signin,34,19,1,0,0,3,1,0,0,0,0,1,0,1
https://www.flipkart.com/search?q=machine+learning,51,18,1,2,0,2,2,1,0,1,2,0,0,0
http://cutt.ly/9771xz,23,8,0,3,5,1,2,0,0,1,0,0,0,1
http://verify.paypal-support.ga/verify.php,41,26,0,3,0,3,1,2,0,0,3,1,0,1
http://netflix-webscr-3dyf8bod2gafvni8i4xzzkaucrgewpg4.info/webscr/3dyf8bod2gafvni8i4xzzkaucrgewpg4,99,51,0,0,14,0,2,2,0,0,1,1,0,1
https://icicibank-update.cf/update,34,19,1,0,0,0,1,2,0,0,3,1,0,1
http://micros0ft.info/bank-account-confirm.html?id=29299,57,13,0,4,5,3,2,0,0,0,1,1,0,1
http://amaz0n.info/confirm-password-confirm.html?id=47407,59,9,0,1,5,2,1,0,0,0,4,1,0,1
https://nytimes.com/blog/2024/article,35,10,1,3,6,0,0,2,0,0,0,0,0,0
http://ow.ly/5114xz,17,7,0,2,6,0,0,0,0,1,1,0,0,1
https://www.microsoft.com/search?q=machine+learning,49,19,1,4,1,0,3,0,0,1,1,0,0,0
https://www.hdfcbank.com/user/profile,39,14,1,2,0,2,0,0,0,0,0,0,0,0
https://netflix-webscr.ml/webscr,32,18,1,0,0,2,0,1,0,0,1,1,0,1
https://www.icicibank.com/user/profile,38,18,1,3,1,1,0,0,0,0,3,0,0,0
http://micros0ft.gq/billing-update-confirm.html?id=19325,57,10,0,1,7,0,0,0,0,0,2,1,0,1
http://login.paypal-secure.work/login.php,41,22,0,1,1,0,0,2,0,0,1,1,0,1
https://www.linkedin.com/about,31,16,1,0,0,0,1,0,0,0,1,0,0,0
http://micros0ft.gq/bank-account-confirm.html?id=79476,53,14,0,2,6,3,0,1,0,0,1,1,0,1
https://en.amazon.com/home,26,13,1,1,2,0,2,3,0,0,1,0,0,0
http://238.127.21.220/webscr/index.php?session=510537,51,14,0,3,17,2,2,2,1,0,2,0,0,1
https://user-portal.nytimes.com/session/5y21id9vvn?ref=956&track=1,64,22,1,4,8,0,3,2,0,0,0,0,0,0
http://faceb00k.ml/confirm-password-confirm.html?id=33245,57,10,0,0,6,1,3,0,0,0,3,1,0,1
https://en.irctc.co.in/about,29,15,1,3,2,0,0,1,0,0,0,0,0,0
http://signin.hdfcbank-update.tk/signin.php,41,26,0,3,1,3,0,1,0,0,1,1,0,1
https://www.linkedin.com/user/profile,37,14,1,3,2,2,0,0,0,0,0,0,0,0
https://cdn.hdfcbank.com/session/nrjapjc6kstcji?ref=173&track=1,61,17,1,2,3,2,6,3,0,0,2,0,0,0
https://netflix-account-verify.xyz/account-verify,47,28,1,0,0,3,0,0,0,0,1,1,0,1
https://static-assets.stackoverflow.com/session/3hxj3apn?ref=916&track=1,74,33,1,4,4,1,2,2,0,0,2,0,0,0
https://www.mit.edu/about,24,13,1,4,2,2,0,3,0,0,0,0,0,0
https://en.wikipedia.org/search?q=machine+learning,49,15,1,4,0,2,0,3,0,0,1,0,0,0
http://webscr.microsoft-update.ga/webscr.php,42,26,0,3,0,0,2,1,0,0,1,1,0,1
https://en.nytimes.com/search?q=machine+learning,46,16,1,4,0,1,0,3,0,0,1,0,0,0
https://amazon-bank-account.gq/bank-account,41,20,1,0,1,5,0,0,0,0,3,1,0,1
http://paypal-confirm-password-40a9e94ntebdve9t8d3to2kwtprp6-yer-.club/confirm-password/40a9e94ntebdve9t8d3to2kwtprp6-yer-,120,61,0,3,18,6,1,0,0,0,1,1,0,1
https://www.irctc.co.in/search?q=machine+learning,49,16,1,1,2,0,4,0,0,0,0,0,0,0
https://docs.stackoverflow.com/blog/2024/article,46,22,1,2,3,1,0,0,0,0,0,0,0,0
http://goo.gl/5819xz,20,7,0,3,6,2,0,2,0,1,2,0,0,1
https://www.geeksforgeeks.org/search?q=machine+learning,54,21,1,2,0,0,0,1,0,0,0,0,0,0
https://www.hdfcbank.com,25,18,1,3,0,1,0,1,0,0,3,0,0,0
https://www.mit.edu/contact,28,10,1,3,2,0,2,0,0,0,0,0,0,0
http://sbi-login-s8dki6bbkv0y-6k.tk/login/s8dki6bbkv0y-6k,58,27,0,0,8,5,1,0,0,0,2,1,0,1
https://icicibank.com/docs/api,32,12,1,2,0,0,0,2,0,0,1,0,0,0
http://gooogle.club/bank-account-confirm.html?id=3275,53,14,0,0,2,1,3,2,0,0,4,1,0,1
https://www.geeksforgeeks.org/products,40,21,1,4,0,2,0,0,0,0,0,0,0,0
http://micros0ft.top/signin-confirm.html?id=99854,48,12,0,4,7,0,1,1,0,0,4,1,0,1
https://www.nptel.ac.in/search?q=machine+learning,48,13,1,5,1,2,4,2,0,0,2,0,0,0
https://netflix-account-verify.gq/account-verify,48,26,1,3,0,3,1,0,0,0,1,1,0,1
https://cdn.flipkart.com/session/dqz05ev5kz3nwxrog983?ref=748&track=1,67,16,1,1,9,0,5,0,0,1,0,0,0,0
https://paypal-billing-update.work/billing-update,47,27,1,1,2,5,0,0,0,0,0,1,0,1
https://nptel.ac.in/course/aiml,33,9,1,3,2,1,0,0,0,0,0,0,0,0
http://paypal-verify-cpqzg006t7v9vmq4vyhqg.ga/verify/cpqzg006t7v9vmq4vyhqg,73,37,0,1,12,1,0,1,0,0,0,1,0,1
http://paypal-bank-account-hstt79cffg8uy245.club/bank-account/hstt79cffg8uy245,76,39,0,2,13,6,0,2,0,0,0,1,0,1
http://25.208.187.172/billing-update/index.php?session=385034,60,13,0,6,16,1,1,0,1,0,4,0,0,1
http://update.microsoft-support.gq/update.php,45,27,0,1,0,0,0,0,0,0,1,1,0,1
https://stackoverflow.com/about,29,17,1,2,1,0,0,0,0,0,0,0,0,0
https://www.amazon.com/user/profile,33,13,1,1,0,0,0,0,0,0,0,0,0,0
https://www.microsoft.com/docs/api,32,17,1,2,0,2,0,0,0,1,2,0,0,0
https://static-assets.nytimes.com/session/wysirrk1rd1zm4?ref=775&track=1,72,27,1,1,7,0,2,0,0,0,2,0,0,0
https://icicibank-signin.gq/signin,34,17,1,0,1,0,1,0,0,0,3,1,0,1
https://www.reddit.com/products,31,12,1,3,2,0,0,1,0,1,2,0,0,0
http://9.139.240.86/account-verify/index.php?session=947144,60,12,0,5,15,2,4,1,1,0,4,0,0,1
https://paypal-update.com/update,33,18,1,0,0,2,0,0,0,0,0,0,0,1
https://user-portal.python.org/session/tuf8cyotwg7nfdinu?ref=887&track=1,72,22,1,1,4,3,6,0,0,0,0,0,0,0
https://docs.sbi.co.in/products,30,13,1,4,2,0,1,4,0,0,1,0,0,0
https://static-assets.nptel.ac.in/session/xvssn7x5rrnyc?ref=416&track=1,70,27,1,2,5,0,4,4,0,0,1,0,0,0
http://webscr.icicibank-support.ga/webscr.php,47,26,0,5,0,0,0,1,0,0,3,1,0,1
https://en.nptel.ac.in/blog/2024/article,42,14,1,4,6,1,0,0,0,0,0,0,0,0
http://verify.paypal-secure.work/verify.php,44,24,0,5,0,0,0,3,0,0,4,1,0,1
https://www.linkedin.com/products,33,18,1,1,0,0,0,0,0,0,0,0,0,0
http://tinyurl.com/3842xz,27,11,0,1,3,0,2,0,0,1,0,0,0,1
https://docs.wikipedia.org/home,30,18,1,2,0,2,0,0,0,0,0,0,0,0
https://www.linkedin.com/blog/2024/article,40,16,1,2,4,2,0,1,0,0,0,0,0,0
https://www.irctc.co.in/home,27,15,1,2,0,0,0,4,0,0,0,0,0,0
https://www.hdfcbank.com/products,35,16,1,3,1,0,2,3,0,0,0,0,0,0
http://update.paypal-secure.ml/update.php,43,21,0,1,0,2,2,0,0,0,1,1,0,1
http://23.84.184.128/verify/index.php?session=40409,50,14,0,6,14,0,1,0,1,0,2,0,0,1
https://www.google.com/docs/api,33,12,1,2,0,1,0,0,0,0,0,0,0,0
https://www.python.org/contact,29,16,1,2,1,2,0,0,0,0,0,0,0,0
https://geeksforgeeks.org/about,33,18,1,0,0,0,0,0,0,0,2,0,0,0
https://en.nptel.ac.in/home,28,15,1,2,2,0,2,2,0,0,0,0,0,0
https://nptel.ac.in/course/aiml,33,10,1,3,1,0,0,2,0,0,1,0,0,0
http://cutt.ly/9508xz,22,9,0,3,3,0,2,0,0,1,0,0,0,1
https://en.google.com/course/aiml,33,12,1,1,0,0,1,1,0,0,1,0,0,0
http://update.icicibank-secure.gq/update.php,46,28,0,3,0,1,0,0,0,0,4,1,0,1
https://netflix-signin.club/signin,36,21,1,1,0,2,0,1,0,0,1,1,0,1
https://en.flipkart.com/docs/api,30,16,1,1,0,0,2,0,0,1,0,0,0,0
http://162.39.43.236/webscr/index.php?session=933384,53,12,0,4,14,1,3,3,1,0,0,0,0,1
https://www.flipkart.com/about,29,17,1,2,1,0,0,0,0,1,2,0,0,0
https://paypal-webscr.club/webscr,33,18,1,1,0,0,2,1,0,0,0,1,0,1
https://bbc.com/course/aiml,27,9,1,2,0,2,0,2,0,0,2,0,0,0
https://www.hdfcbank.com/search?q=machine+learning,50,16,1,3,0,2,2,0,0,0,1,0,0,0
https://docs.sbi.co.in/docs/api,29,13,1,4,0,0,1,2,0,0,0,0,0,0
http://bit.ly/4227xz,18,5,0,0,6,0,2,0,0,1,0,0,0,1
http://faceb00k.tk/verify-confirm.html?id=23581,45,9,0,0,6,1,1,0,0,0,0,1,0,1
http://confirm-password.paypal-support.work/confirm-password.php,63,34,0,3,0,3,0,3,0,0,1,1,0,1
https://www.linkedin.com/blog/2024/article,41,18,1,3,5,0,1,3,0,0,0,0,0,0
http://54.101.79.23/signin/index.php?session=342045,52,11,0,6,13,2,0,4,1,0,1,0,0,1
https://en.geeksforgeeks.org/blog/2024/article,48,22,1,2,5,0,0,2,0,0,0,0,0,0
https://docs.w3schools.com/blog/2024/article,42,17,1,1,3,0,0,3,0,0,1,0,0,0
https://docs.mit.edu/blog/2024/article,37,14,1,3,4,2,1,3,0,0,0,0,0,0
http://3.78.141.133/account-verify/index.php?session=452717,61,10,0,3,14,0,3,3,1,0,2,0,0,1
http://sbi-billing-update-qq5sv-24uw26cf9-lqbs1gzap.tk/billing-update/qq5sv-24uw26cf9-lqbs1gzap,94,49,0,1,12,7,0,0,0,0,1,1,0,1
https://icicibank.com/docs/api,28,11,1,3,1,0,0,0,0,0,1,0,0,0
https://netflix-webscr.tk/webscr,34,17,1,2,2,3,0,0,0,0,1,1,0,1
https://docs.flipkart.com,25,15,1,0,2,0,1,2,0,1,0,0,0,0
https://www.geeksforgeeks.org/docs/api,40,19,1,4,0,0,2,0,0,0,0,0,0,0
https://www.irctc.co.in/home,27,17,1,3,0,1,2,0,0,0,1,0,0,0
http://sbi-confirm-password-wnpqcfloig9b35eziw.club/confirm-password/wnpqcfloig9b35eziw,85,45,0,0,8,6,0,2,0,0,3,1,0,1
http://paypal-update-z6e8ggp57x2w2qxpi2z3brhpl4zz6s.top/update/z6e8ggp57x2w2qxpi2z3brhpl4zz6s,91,49,0,0,22,1,0,0,0,0,0,1,0,1
http://confirm-password.paypal-support.ga/confirm-password.php,61,34,0,5,0,3,0,3,0,0,1,1,0,1
http://login.paypal-secure.club/login.php,43,22,0,1,1,3,0,1,0,0,3,1,0,1
https://docs.irctc.co.in/about,31,18,1,1,0,1,0,3,0,0,1,0,0,0
https://python.org/blog/2024/article,35,8,1,0,5,0,0,0,0,0,1,0,0,0
http://netflix-signin-5gzbwkusregfvyh1ei-3fiqrp.cf/signin/5gzbwkusregfvyh1ei-3fiqrp,85,42,0,0,8,6,0,1,0,0,0,1,0,1
http://t.co/2446xz,18,5,0,1,3,0,1,1,0,1,1,0,0,1
https://en.icicibank.com/about,29,15,1,2,0,0,1,0,0,0,2,0,0,0
https://docs.mit.edu/docs/api,29,12,1,3,2,2,0,3,0,0,0,0,0,0
http://cutt.ly/8368xz,19,8,0,3,2,0,0,0,0,1,0,0,0,1
https://docs.google.com/contact,33,16,1,2,0,2,0,0,0,0,1,0,0,0
https://docs.python.org/home,28,13,1,4,0,1,0,0,0,0,0,0,0,0
https://www.github.com/home,29,15,1,0,1,2,0,3,0,0,0,0,0,0
http://sbi-confirm-password-2vitdj4xu1wawi3ey5ko.info/confirm-password/2vitdj4xu1wawi3ey5ko,90,47,0,3,11,5,0,0,0,0,2,1,0,1
https://amazon.com/about,24,8,1,3,1,1,0,1,0,0,0,0,0,0
https://www.github.com/docs/api,30,13,1,0,1,0,0,0,0,0,0,0,0,1
https://en.geeksforgeeks.org/blog/2024/article,48,20,1,1,6,0,2,0,0,0,0,0,0,0
http://paypa1.cf/login-confirm.html?id=41017,42,10,0,1,5,0,4,0,0,0,3,1,0,1
http://gooogle.club/account-verify-confirm.html?id=65130,54,12,0,3,5,4,2,1,0,0,4,1,0,1
https://www.reddit.com,24,12,1,1,2,0,1,3,0,1,1,0,0,0
https://www.python.org/home,26,13,1,2,2,2,2,0,0,0,2,0,0,0
http://faceb00k.ga/bank-account-confirm.html?id=53208,52,11,0,1,9,0,4,2,0,0,4,1,0,1
http://179.150.198.254/webscr/index.php?session=992953,52,16,0,4,18,0,0,1,1,0,0,0,0,1
https://www.microsoft.com/user/profile,38,18,1,0,2,0,2,3,0,1,0,0,0,0
http://sbi-verify-rfozg8fbv2i7pfvh.cf/verify/rfozg8fbv2i7pfvh,60,28,0,1,8,3,0,0,0,0,0,1,0,1
http://bit.ly/2574xz,21,7,0,3,5,0,1,0,0,1,0,0,0,0
http://68.225.243.171/verify/index.php?session=376015,52,15,0,2,15,0,1,4,1,0,3,0,0,1
http://228.124.244.14/bank-account/index.php?session=684043,59,14,0,5,18,0,1,1,1,0,0,0,0,1
http://cutt.ly/3104xz,20,9,0,2,4,0,1,2,0,1,2,0,0,1
https://www.nytimes.com,25,13,1,0,2,1,1,1,0,0,2,0,0,0
https://cdn.hdfcbank.com/session/bnqs3qt36qny?ref=292&track=1,61,17,1,1,9,0,4,0,0,0,0,0,0,0
http://202.213.78.32/login/index.php?session=330101,53,12,0,2,16,0,2,3,1,0,0,0,0,1
https://api-v2.amazon.com/session/d7r1930i6g61pcwe4c?ref=721&track=1,68,16,1,1,15,0,6,3,0,0,0,0,0,0
https://www.irctc.co.in/user/profile,35,13,1,5,1,0,1,4,0,0,2,0,0,0
http://44.11.123.120/signin/index.php?session=681383,54,15,0,5,17,0,4,4,1,0,2,0,0,1
http://t.co/3150xz,16,5,0,0,4,1,1,2,0,1,0,0,0,1
http://login.paypal-update.info/login.php,42,23,0,2,1,0,1,0,0,0,1,1,0,1
https://user-portal.amazon.com/session/taegry58vrw9my?ref=923&track=1,70,22,1,3,8,3,6,2,0,0,0,0,0,0
http://goo.gl/2427xz,19,8,0,3,2,2,0,0,0,1,2,0,0,1
https://static-assets.mit.edu/session/6gmd478mfs0iuduah?ref=388&track=1,73,23,1,4,11,1,2,0,0,0,0,0,0,0
https://static-assets.sbi.co.in/session/t3dgd8opocmvh0eqt8?ref=755&track=1,75,23,1,2,7,0,3,0,0,0,0,0,0,0
http://21.58.157.28/verify/index.php?session=351551,53,10,0,4,17,0,3,3,1,0,3,0,0,0
http://25.172.209.190/account-verify/index.php?session=850933,61,15,0,3,18,2,1,2,1,0,3,0,0,1
https://www.hdfcbank.com/user/profile,36,15,1,3,2,2,1,2,0,0,0,0,0,0
https://en.linkedin.com/course/aiml,35,14,1,4,1,0,2,0,0,0,0,0,0,0
https://www.nytimes.com/about,27,17,1,0,0,2,0,0,0,0,1,0,0,0
http://gooogle.gq/billing-update-confirm.html?id=82095,54,9,0,2,3,0,3,0,0,0,1,1,0,1
http://paypal-bank-account-0iyef83ghazbgji9krs62zerwf2v.info/bank-account/0iyef83ghazbgji9krs62zerwf2v,102,55,0,0,12,5,2,1,0,0,4,1,0,1
https://www.github.com/products,33,16,1,3,2,1,0,0,0,0,1,0,0,0
http://tinyurl.com/5676xz,25,11,0,3,2,0,1,2,0,1,2,0,0,1
http://123.159.155.173/billing-update/index.php?session=920783,61,14,0,2,20,1,0,3,1,0,0,0,0,1
http://update.hdfcbank-secure.xyz/update.php,43,28,0,1,0,2,0,1,0,0,1,1,0,1
https://sbi.co.in/about,24,11,1,0,1,0,0,0,0,0,0,0,0,0
http://micros0ft.ml/confirm-password-confirm.html?id=32123,57,13,0,4,4,4,3,1,0,0,0,1,0,1
https://user-portal.wikipedia.org/session/rprdvvkap6z?ref=896&track=1,71,23,1,4,7,0,6,0,0,0,0,0,0,0
http://234.124.154.124/verify/index.php?session=173820,56,13,0,3,17,1,0,4,1,0,2,0,0,1
https://amazon-verify.com/verify,31,17,1,3,0,3,2,0,0,0,0,0,0,1
http://t.co/8836xz,17,3,0,0,2,0,1,2,0,1,0,0,0,1
https://docs.microsoft.com/search?q=machine+learning,53,16,1,2,0,0,2,3,0,1,2,0,0,0
https://irctc.co.in/user/profile,34,11,1,4,0,0,0,0,0,0,0,0,0,0
https://icicibank-account-verify.xyz/account-verify,53,26,1,0,0,1,0,2,0,0,5,1,0,1
http://ow.ly/1351xz,20,7,0,1,5,0,0,1,0,1,0,0,0,1
https://www.geeksforgeeks.org/contact,36,23,1,3,0,0,1,2,0,0,0,0,0,0
https://www.nptel.ac.in,24,14,1,5,2,0,1,4,0,0,1,0,0,0
http://tinyurl.com/7921xz,26,11,0,0,6,1,0,0,0,1,0,0,0,1
https://netflix-billing-update.club/billing-update,49,28,1,1,1,2,0,1,0,0,2,1,0,1
https://www.mit.edu/course/aiml,29,13,1,3,2,1,0,0,0,0,1,0,0,0
http://8.168.232.68/secure/index.php?session=993481,50,11,0,3,16,0,0,4,1,0,3,0,0,1
http://account-verify.microsoft-update.cf/account-verify.php,58,32,0,5,1,5,0,1,0,0,4,1,0,0
https://www.nptel.ac.in/home,26,17,1,1,0,2,0,0,0,0,0,0,0,0
http://t.co/7113xz,17,5,0,2,3,0,0,0,0,1,0,0,0,1
http://paypal-account-verify-sgplcbtm-7p8efmrf4uf25gsu.top/account-verify/sgplcbtm-7p8efmrf4uf25gsu,99,51,0,0,11,6,0,2,0,0,1,1,0,1
http://verify.amazon-secure.club/verify.php,44,26,0,1,2,3,2,0,0,0,4,1,0,1
http://gooogle.gq/webscr-confirm.html?id=75512,44,8,0,0,3,0,0,0,0,0,2,1,0,1
https://www.wikipedia.org/blog/2024/article,41,16,1,1,5,1,0,1,0,0,0,0,0,0
https://api-v2.mit.edu/session/2ns8jr1vmymlinov?ref=994&track=1,64,14,1,2,9,1,4,1,0,0,0,0,0,0
http://is.gd/2209xz,20,7,0,0,6,0,1,0,0,1,0,0,0,1
https://en.microsoft.com/products,32,15,1,1,0,0,0,0,0,1,0,0,0,0
https://user-portal.wikipedia.org/session/60uglbb8nmt3?ref=856&track=1,71,23,1,2,8,2,6,2,0,0,0,0,0,0
https://docs.wikipedia.org/search?q=machine+learning,53,17,1,1,0,2,4,0,0,0,0,0,0,0
http://amaz0n.ga/bank-account-confirm.html?id=53121,51,9,0,2,8,2,3,0,0,0,4,1,0,1
http://amaz0n.top/secure-confirm.html?id=93239,44,12,0,0,7,3,2,0,0,0,3,1,0,1
http://is.gd/5515xz,19,4,0,3,5,0,0,0,0,1,0,0,0,1
http://micros0ft.tk/webscr-confirm.html?id=70245,47,14,0,0,7,2,0,0,0,0,4,1,0,1
http://netflix-verify-u4f1nfe1r55twhvx59up38.info/verify/u4f1nfe1r55twhvx59up38,77,40,0,0,20,1,2,0,0,0,2,1,0,1
http://update.amazon-secure.ml/update.php,40,25,0,2,1,2,0,0,0,0,4,1,0,1
http://t.co/9877xz,18,6,0,0,2,0,0,0,0,1,1,0,0,1
https://www.geeksforgeeks.org/contact,37,23,1,4,1,1,0,1,0,0,0,0,0,0
https://en.w3schools.com,25,15,1,2,1,0,0,2,0,0,0,0,0,0
http://netflix-account-verify--wd5to3o4440a5-yvd-rt8o.ml/account-verify/-wd5to3o4440a5-yvd-rt8o,93,49,0,3,18,11,1,1,0,0,4,1,0,1
http://ow.ly/3191xz,21,5,0,3,6,0,1,0,0,1,0,0,0,1
http://amazon-confirm-password-6mhtbdk643gpkp666.info/confirm-password/6mhtbdk643gpkp666,88,46,0,0,14,2,2,0,0,0,0,1,0,1
http://billing-update.icicibank-support.cf/billing-update.php,59,33,0,5,0,4,0,1,0,0,1,1,0,1
https://netflix-bank-account.gq/bank-account,45,23,1,0,0,3,0,2,0,0,0,1,0,1
https://linkedin.com/docs/api,30,10,1,0,1,2,0,0,0,0,2,0,0,0
http://secure.hdfcbank-secure.work/secure.php,43,26,0,5,0,3,0,0,0,0,4,1,0,1
https://www.linkedin.com/user/profile,38,18,1,3,0,0,2,1,0,0,0,0,0,0
http://paypa1.ga/billing-update-confirm.html?id=55891,54,7,0,3,5,2,1,0,0,0,2,1,0,1
https://python.org/contact,25,10,1,1,2,0,0,0,0,0,2,0,0,0
https://netflix-secure.ga/secure,34,17,1,0,0,1,2,0,0,0,0,1,0,1
https://docs.amazon.com/user/profile,36,15,1,4,2,0,0,2,0,0,0,0,0,0
https://en.flipkart.com,23,17,1,1,0,1,1,0,0,1,0,0,0,0
https://www.reddit.com/products,30,13,1,1,0,1,1,0,0,1,1,0,0,0
https://www.geeksforgeeks.org/about,37,20,1,2,0,0,1,1,0,0,2,0,0,0
https://www.irctc.co.in/contact,33,13,1,1,0,0,2,0,0,0,0,0,0,0
https://en.amazon.com/products,32,14,1,2,2,1,0,0,0,0,2,0,0,0
https://www.bbc.com/products,29,10,1,1,0,1,1,3,0,0,0,0,0,0
https://docs.mit.edu/search?q=machine+learning,48,14,1,2,0,0,4,3,0,0,2,0,0,0
https://www.irctc.co.in/docs/api,34,13,1,1,0,1,1,3,0,0,1,0,0,0
http://16.40.34.63/account-verify/index.php?session=73611,56,9,0,3,15,1,2,4,1,0,1,0,0,1
https://en.nytimes.com/blog/2024/article,38,16,1,2,4,0,0,0,0,0,0,0,0,0
https://paypal-confirm-password.cf/confirm-password,50,27,1,1,2,5,1,2,0,0,1,1,0,1
https://api-v2.hdfcbank.com/session/549ewho5qq8qmxetizu?ref=574&track=1,70,21,1,3,12,3,5,0,0,0,2,0,0,0
http://89.171.8.212/update/index.php?session=895428,50,11,0,3,16,0,0,3,1,0,1,0,0,1
http://117.89.193.181/webscr/index.php?session=161952,53,13,0,2,16,1,0,2,1,0,0,0,0,1
http://billing-update.microsoft-support.ml/billing-update.php,63,33,0,4,1,2,0,3,0,0,1,1,0,1
https://wikipedia.org/blog/2024/article,40,14,1,3,4,0,0,0,0,0,1,0,0,0
https://user-portal.amazon.com/session/j5cuyda9all2uncg?ref=286&track=1,72,22,1,4,7,1,6,3,0,0,2,0,0,0
https://netflix-webscr.ml/webscr,34,15,1,3,2,2,0,2,0,0,2,1,0,1
https://google.com/about,25,10,1,0,0,0,0,0,0,0,2,0,0,0
http://sbi-update-ietu-pmvq1s0uxo8erc5s7t35a2nfygi.cf/update/ietu-pmvq1s0uxo8erc5s7t35a2nfygi,93,48,0,1,16,4,0,1,0,0,0,1,0,1
https://cdn.flipkart.com/session/tpkq5c9035vu?ref=548&track=1,63,16,1,2,7,0,4,3,0,1,0,0,0,0
https://amazon-login.cf/login,27,17,1,2,0,3,0,0,0,0,0,1,0,1
http://confirm-password.amazon-update.top/confirm-password.php,64,32,0,2,2,3,0,2,0,0,5,1,0,1
https://static-assets.nptel.ac.in/session/7jvdikdtsgvb?ref=106&track=1,69,24,1,4,5,2,5,4,0,0,0,0,0,0
http://goo.gl/6383xz,20,4,0,0,3,2,2,0,0,1,0,0,0,1
https://user-portal.microsoft.com/session/jc5qph6gb?ref=450&track=1,69,24,1,4,6,0,6,3,0,1,2,0,0,0
https://www.irctc.co.in/blog/2024/article,41,14,1,4,4,0,2,4,0,0,0,0,0,0
https://www.geeksforgeeks.org/products,39,19,1,2,0,0,0,3,0,0,0,0,0,0
https://en.hdfcbank.com/docs/api,31,16,1,1,1,0,0,2,0,0,0,0,0,0
https://www.wikipedia.org/home,29,15,1,4,0,0,1,0,0,0,1,0,0,0
https://api-v2.sbi.co.in/session/xi64haa3?ref=311&track=1,57,15,1,1,10,0,6,3,0,0,2,0,0,0
http://cutt.ly/5929xz,23,8,0,3,4,0,2,0,0,1,1,0,0,1
https://www.nytimes.com/course/aiml,36,17,1,4,0,0,0,0,0,0,0,0,0,0
http://paypa1.info/login-confirm.html?id=8768,43,12,0,3,4,0,2,0,0,0,0,1,0,1
http://paypal-confirm-password-gf2fyy-xjuf7ihruj-yctsl6tmsbjmvz.ml/confirm-password/gf2fyy-xjuf7ihruj-yctsl6tmsbjmvz,114,61,0,2,7,10,0,2,0,0,4,1,0,1
https://docs.w3schools.com/course/aiml,39,20,1,3,0,0,0,0,0,0,0,0,0,0
http://verify.hdfcbank-update.xyz/verify.php,43,27,0,4,0,0,0,0,0,0,4,1,0,1
http://update.paypal-update.top/update.php,44,24,0,2,0,2,1,0,0,0,1,1,0,1
http://paypa1.tk/webscr-confirm.html?id=49102,43,9,0,4,4,1,2,1,0,0,3,1,0,1
http://netflix-verify-t1xu906rudckt-35x8x9uwt3j-owq8ol7d.gq/verify/t1xu906rudckt-35x8x9uwt3j-owq8ol7d,99,53,0,2,20,4,1,2,0,0,0,1,0,1
http://is.gd/6173xz,20,5,0,0,5,0,0,0,0,1,2,0,0,1
http://paypa1.ga/account-verify-confirm.html?id=19141,52,7,0,4,4,4,0,0,0,0,1,1,0,1
https://www.stackoverflow.com/docs/api,38,20,1,2,1,0,0,0,0,0,2,0,0,0
https://www.nptel.ac.in/home,27,14,1,5,0,1,1,1,0,0,0,0,0,0
http://196.102.136.207/update/index.php?session=659030,52,13,0,2,16,0,4,3,1,0,0,0,0,1
https://www.linkedin.com/user/profile,36,15,1,1,1,1,0,0,0,0,0,0,0,1
https://amazon-secure.cf/secure,33,15,1,2,2,0,2,0,0,0,2,1,0,1
https://www.bbc.com/contact,27,12,1,3,1,1,0,2,0,0,0,0,0,0
https://flipkart.com/products,30,12,1,1,0,0,0,2,0,1,1,0,0,0
http://85.95.132.244/account-verify/index.php?session=666621,59,15,0,3,16,3,4,1,1,0,2,0,0,1
http://sbi-bank-account-cu6xmg8f10ub91p.club/bank-account/cu6xmg8f10ub91p,75,38,0,1,10,4,2,0,0,0,4,1,0,1
https://www.geeksforgeeks.org/docs/api,39,20,1,4,0,0,0,2,0,0,0,0,0,0
http://paypal-bank-account-db0zizo73v901xie4-0wzec5udouvrakem.info/bank-account/db0zizo73v901xie4-0wzec5udouvrakem,112,61,0,3,17,6,0,1,0,0,2,1,0,1
http://tinyurl.com/3448xz,24,12,0,3,5,1,0,0,0,1,0,0,0,1
https://www.github.com/docs/api,31,15,1,0,0,2,0,0,0,0,0,0,0,0
http://185.141.97.184/signin/index.php?session=653959,55,12,0,5,19,2,4,2,1,0,1,0,0,0
http://update.icicibank-update.cf/update.php,46,24,0,4,0,2,2,1,0,0,0,1,0,1
http://tinyurl.com/3578xz,26,13,0,1,2,1,1,0,0,1,0,0,0,1
https://netflix-billing-update.top/billing-update,49,27,1,0,0,2,1,2,0,0,3,1,0,1
https://docs.sbi.co.in/home,25,16,1,4,0,0,0,3,0,0,2,0,0,0
https://cdn.stackoverflow.com/session/pgz6tpbwsx?ref=499&track=1,64,22,1,3,5,2,3,0,0,0,1,0,0,0
http://182.23.94.243/webscr/index.php?session=374811,54,15,0,3,17,0,4,4,1,0,3,0,0,1
http://micros0ft.ml/verify-confirm.html?id=81488,49,12,0,3,7,3,2,0,0,0,1,1,0,1
https://en.google.com/course/aiml,33,11,1,3,2,1,0,1,0,0,0,0,0,0
https://www.hdfcbank.com/user/profile,36,15,1,0,2,0,0,3,0,0,2,0,0,1
http://micros0ft.tk/webscr-confirm.html?id=83843,49,12,0,3,5,1,4,0,0,0,1,1,0,1
https://static-assets.amazon.com/session/8zvfsrhr8?ref=446&track=1,66,23,1,4,6,1,3,1,0,0,2,0,0,0
http://121.234.142.139/update/index.php?session=51624,52,15,0,4,19,0,1,0,1,0,3,0,0,1
http://190.64.101.33/login/index.php?session=691395,50,12,0,2,14,0,1,4,1,0,1,0,0,1
http://gooogle.cf/webscr-confirm.html?id=89023,46,12,0,3,5,0,4,0,0,0,4,1,0,0
https://amazon.com/about,25,9,1,2,0,1,0,0,0,0,0,0,0,0
http://secure.microsoft-update.club/secure.php,46,30,0,2,0,0,0,0,0,0,2,1,0,1
http://t.co/2486xz,19,5,0,0,2,0,0,2,0,1,0,0,0,1
https://sbi.co.in/user/profile,30,11,1,4,0,0,0,2,0,0,1,0,0,0
http://netflix-bank-account-657d3806q9q7u6ps4879tqw9do4qx-kdqi.gq/bank-account/657d3806q9q7u6ps4879tqw9do4qx-kdqi,114,56,0,1,33,5,0,1,0,0,3,1,0,1
http://amazon-confirm-password-qs9d7kzb37yky7zz7fs.top/confirm-password/qs9d7kzb37yky7zz7fs,89,48,0,0,10,5,2,2,0,0,4,1,0,1
https://api-v2.amazon.com/session/m6frm6gmft1pwvz0ri?ref=715&track=1,67,15,1,2,10,0,2,2,0,0,2,0,0,0
http://152.220.79.144/bank-account/index.php?session=37039,58,15,0,4,17,3,1,0,1,0,2,0,0,1
http://webscr.hdfcbank-secure.ml/webscr.php,41,24,0,3,0,0,0,3,0,0,2,1,0,1
http://254.168.87.226/update/index.php?session=646266,53,14,0,4,18,1,4,4,1,0,1,0,0,1
https://w3schools.com/contact,31,13,1,0,0,0,1,0,0,0,0,0,0,0
https://docs.hdfcbank.com/blog/2024/article,41,15,1,1,6,0,0,3,0,0,0,0,0,0
https://en.flipkart.com/docs/api,30,13,1,3,1,0,1,0,0,1,0,0,0,0
https://stackoverflow.com/user/profile,40,15,1,3,2,1,0,2,0,0,0,0,0,0
http://amaz0n.xyz/login-confirm.html?id=19473,45,9,0,1,8,0,4,0,0,0,1,1,0,1
http://paypal-billing-update-ppmbmc1-f1wiwij91n1g.ml/billing-update/ppmbmc1-f1wiwij91n1g,86,45,0,3,8,8,0,0,0,0,1,1,0,1
https://paypal-signin.work/signin,35,19,1,2,1,3,1,2,0,0,0,1,0,1
http://198.133.20.151/webscr/index.php?session=96559,50,14,0,6,18,0,0,0,1,0,3,0,0,1
https://static-assets.microsoft.com/session/64skbcbdpdxujjcsex?ref=905&track=1,78,27,1,1,7,1,4,0,0,1,0,0,0,0
http://paypal-login-92irvlhh-bte6qv24-ka8jk83mvqii.club/login/92irvlhh-bte6qv24-ka8jk83mvqii,93,50,0,0,15,4,0,0,0,0,1,1,0,1
http://cutt.ly/3947xz,21,7,0,2,6,2,0,0,0,1,2,0,0,1
https://www.microsoft.com/course/aiml,38,17,1,1,1,1,0,1,0,1,0,0,0,0
http://t.co/5908xz,18,6,0,0,5,0,0,0,0,1,0,0,0,1
https://www.google.com/search?q=machine+learning,49,13,1,1,2,1,2,3,0,0,1,0,0,0
https://docs.nptel.ac.in/home,29,14,1,4,0,2,1,3,0,0,2,0,0,0
http://update.paypal-update.ml/update.php,43,21,0,3,0,3,0,0,0,0,0,1,0,1
https://en.python.org/blog/2024/article,37,14,1,2,5,0,0,1,0,0,0,0,0,0
http://paypal-verify-30qozgxpw8l8j8z-7yg737n9a.ga/verify/30qozgxpw8l8j8z-7yg737n9a,81,44,0,1,19,4,0,0,0,0,3,1,0,0
https://www.stackoverflow.com/docs/api,40,22,1,3,2,1,0,0,0,0,0,0,0,0
http://ow.ly/2487xz,19,4,0,0,2,0,0,2,0,1,0,0,0,1
http://sbi-secure-4oa57n1abc08eq72mugc4v9no3tqx5lpcy.xyz/secure/4oa57n1abc08eq72mugc4v9no3tqx5lpcy,97,49,0,3,24,2,0,1,0,0,2,1,0,1
https://user-portal.reddit.com/session/ak32oouxqs1f?ref=333&track=1,66,24,1,0,5,0,5,0,0,1,2,0,0,0
https://google.com/search?q=machine+learning,46,12,1,0,0,0,3,0,0,0,2,0,0,0
https://api-v2.microsoft.com/session/8rnkowyps?ref=482&track=1,64,18,1,0,7,1,3,1,0,1,1,0,0,0
https://www.microsoft.com/contact,34,18,1,4,0,0,0,1,0,1,0,0,0,0
https://en.python.org/products,28,11,1,3,0,1,0,0,0,0,0,0,0,0
http://sbi-secure-8b8vza199reg0o0ihsc3glyv9riq7v.work/secure/8b8vza199reg0o0ihsc3glyv9riq7v,92,46,0,2,18,0,1,0,0,0,1,1,0,1
http://sbi-webscr-2q5m9nnlwcj9em5jn1e7fxvnibw1h.club/webscr/2q5m9nnlwcj9em5jn1e7fxvnibw1h,90,44,0,1,17,1,0,2,0,0,0,1,0,1
http://paypa1.gq/signin-confirm.html?id=17183,46,9,0,2,6,0,3,0,0,0,2,1,0,1
http://billing-update.hdfcbank-secure.top/billing-update.php,59,34,0,3,0,5,0,2,0,0,3,1,0,1
https://docs.nptel.ac.in,25,18,1,2,0,1,0,2,0,0,0,0,0,0
https://icicibank-confirm-password.gq/confirm-password,53,28,1,0,0,1,1,0,0,0,1,1,0,1
https://docs.amazon.com/course/aiml,35,14,1,4,1,0,0,0,0,0,0,0,0,0
https://docs.hdfcbank.com/course/aiml,36,18,1,2,2,0,0,2,0,0,0,0,0,0
https://www.python.org/docs/api,29,16,1,2,0,0,2,2,0,0,1,0,0,1
http://confirm-password.hdfcbank-update.ga/confirm-password.php,62,36,0,5,2,4,0,1,0,0,5,1,0,1
https://netflix-billing-update.com/billing-update,51,26,1,3,0,5,1,2,0,0,2,0,0,1
http://netflix-bank-account-u0gxlienfe-p1xgjogwsqj0lyxts2veiar3.ml/bank-account/u0gxlienfe-p1xgjogwsqj0lyxts2veiar3,114,59,0,1,9,4,0,0,0,0,0,1,0,1
https://geeksforgeeks.org,27,18,1,2,1,0,0,1,0,0,0,0,0,0
http://139.160.176.11/billing-update/index.php?session=884942,62,16,0,5,17,1,4,4,1,0,3,0,0,1
https://docs.icicibank.com/products,34,16,1,3,0,0,0,2,0,0,0,0,0,0
https://www.icicibank.com/search?q=machine+learning,51,18,1,3,2,1,0,0,0,0,3,0,0,0
https://geeksforgeeks.org,25,19,1,0,0,1,0,0,0,0,2,0,0,0
http://246.40.196.217/update/index.php?session=905564,55,12,0,2,19,2,1,1,1,0,0,0,0,1
https://wikipedia.org/about,27,12,1,3,2,0,0,0,0,0,0,0,0,0
https://www.wikipedia.org/contact,32,16,1,2,0,0,0,0,0,0,0,0,0,0
https://www.nptel.ac.in/course/aiml,37,13,1,1,2,0,1,3,0,0,0,0,0,0
https://reddit.com/blog/2024/article,37,11,1,0,6,0,1,0,0,1,0,0,0,0
http://gooogle.cf/bank-account-confirm.html?id=26109,53,10,0,3,5,0,3,2,0,0,5,1,0,1
https://api-v2.sbi.co.in/session/y5sic4s8pn?ref=215&track=1,58,18,1,4,6,3,5,2,0,0,0,0,0,0
https://user-portal.geeksforgeeks.org/session/nl9vfruk94iw54w487k?ref=846&track=1,79,28,1,2,10,2,3,3,0,0,2,0,0,0
http://160.54.216.60/webscr/index.php?session=490761,51,12,0,3,15,1,1,3,1,0,2,0,0,1
https://www.geeksforgeeks.org,29,22,1,2,2,1,1,2,0,0,1,0,0,0
http://113.228.74.17/webscr/index.php?session=489443,51,11,0,6,17,0,2,2,1,0,0,0,0,1
https://en.icicibank.com/contact,34,15,1,0,1,0,0,0,0,0,0,0,0,0
https://docs.reddit.com/docs/api,33,14,1,2,0,0,0,2,0,1,0,0,0,0
https://www.microsoft.com/home,29,18,1,1,0,1,0,1,0,1,0,0,0,0
http://confirm-password.paypal-update.xyz/confirm-password.php,63,36,0,2,0,3,1,0,0,0,1,1,0,1
http://billing-update.microsoft-support.gq/billing-update.php,60,34,0,4,2,5,2,1,0,0,3,1,0,1
https://nptel.ac.in/search?q=machine+learning,47,11,1,1,1,0,1,1,0,0,0,0,0,0
https://www.python.org/user/profile,33,16,1,3,0,0,0,1,0,0,1,0,0,0
http://paypal-billing-update-n0l0zdsz3ryqbhf4h99ptwj9.top/billing-update/n0l0zdsz3ryqbhf4h99ptwj9,95,51,0,0,16,4,0,0,0,0,4,1,0,1
http://t.co/4715xz,16,6,0,3,2,2,1,0,0,1,0,0,0,1
https://microsoft.com/user/profile,32,11,1,0,0,0,0,0,0,1,2,0,0,0
https://www.mit.edu,20,9,1,0,2,1,2,3,0,0,2,0,0,0
https://irctc.co.in/home,24,13,1,2,2,0,2,1,0,0,0,0,0,0
https://cdn.icicibank.com/session/wqaeex6iv9ry?ref=913&track=1,63,17,1,3,4,2,6,1,0,0,2,0,0,0
https://en.geeksforgeeks.org/blog/2024/article,46,19,1,0,2,0,0,2,0,0,1,0,0,0
http://cutt.ly/2113xz,22,5,0,3,5,0,0,1,0,1,0,0,0,1
http://53.231.115.88/account-verify/index.php?session=653354,59,15,0,3,16,3,0,1,1,0,2,0,0,1
https://user-portal.geeksforgeeks.org/session/i4bnvqrfxntf0mgoqmk3?ref=791&track=1,83,27,1,3,6,0,6,0,0,0,0,0,0,0
https://flipkart.com/products,31,10,1,1,0,0,0,0,0,1,0,0,0,1
https://www.reddit.com/course/aiml,32,16,1,0,0,0,0,0,0,1,2,0,0,0
http://t.co/5419xz,17,2,0,3,4,1,0,0,0,1,2,0,0,1
http://amaz0n.work/confirm-password-confirm.html?id=41286,55,13,0,3,5,0,2,0,0,0,2,1,0,1
http://account-verify.paypal-secure.ml/account-verify.php,55,31,0,2,0,1,2,1,0,0,2,1,0,1
http://sbi-login-r8vhuclr563e62dz84.info/login/r8vhuclr563e62dz84,65,31,0,1,16,3,1,1,0,0,3,1,0,1
http://53.70.79.119/webscr/index.php?session=609130,51,10,0,4,14,2,3,0,1,0,2,0,0,1
http://login.hdfcbank-update.xyz/login.php,41,24,0,4,0,2,0,0,0,0,2,1,0,1
http://paypa1.info/update-confirm.html?id=95830,45,12,0,3,6,1,3,0,0,0,3,1,0,1
https://api-v2.google.com/session/o13tb25iccp?ref=144&track=1,63,17,1,4,9,1,4,0,0,0,0,0,0,0
https://en.github.com,21,11,1,3,2,0,2,0,0,0,0,0,0,0
http://gooogle.cf/secure-confirm.html?id=54179,44,9,0,2,3,1,3,1,0,0,0,1,0,1
https://python.org/products,28,8,1,3,0,2,1,0,0,0,0,0,0,0
https://www.bbc.com/contact,27,13,1,0,0,0,0,0,0,0,0,0,0,0
https://docs.reddit.com,23,14,1,1,2,0,0,3,0,1,0,0,0,0
http://amaz0n.info/billing-update-confirm.html?id=10243,55,9,0,3,6,2,2,0,0,0,2,1,0,1
http://paypal-confirm-password-rpdxxsykrvoy2o60aneo-vax.gq/confirm-password/rpdxxsykrvoy2o60aneo-vax,98,52,0,0,4,8,2,2,0,0,2,1,0,1
http://faceb00k.club/signin-confirm.html?id=97691,48,15,0,4,5,0,2,0,0,0,2,1,0,1
https://icicibank-webscr.info/webscr,36,22,1,3,0,1,0,0,0,0,3,1,0,1
http://goo.gl/9162xz,18,8,0,0,2,2,2,0,0,1,2,0,0,1
https://docs.linkedin.com/products,35,19,1,2,0,0,0,2,0,0,2,0,0,0
http://ow.ly/2781xz,19,5,0,0,5,0,0,2,0,1,1,0,0,1
http://faceb00k.club/update-confirm.html?id=66533,49,11,0,0,8,1,3,0,0,0,4,1,0,1
https://www.wikipedia.org/docs/api,32,19,1,3,0,1,1,0,0,0,0,0,0,0
http://118.80.151.96/webscr/index.php?session=292352,53,11,0,5,18,0,4,1,1,0,0,0,0,1
http://goo.gl/7602xz,22,4,0,1,4,2,0,0,0,1,0,0,0,1
https://docs.linkedin.com/contact,31,19,1,0,2,1,2,0,0,0,1,0,0,0
https://en.amazon.com,23,14,1,3,0,1,0,2,0,0,1,0,0,0
https://www.stackoverflow.com,27,22,1,0,0,1,2,3,0,0,1,0,0,0
https://bbc.com/about,21,7,1,0,2,1,0,0,0,0,0,0,0,0
https://amazon-webscr.xyz/webscr,30,19,1,2,0,0,0,0,0,0,3,1,0,1
http://4.254.173.45/verify/index.php?session=651226,50,11,0,4,13,0,3,3,1,0,2,0,0,1
http://151.28.86.200/login/index.php?session=436182,53,13,0,5,15,0,1,2,1,0,0,0,0,1
https://www.geeksforgeeks.org/home,34,20,1,3,0,2,1,1,0,0,0,0,0,0
http://sbi-signin-xnnhn4k8ed2t57mh8g9zfh4xdvq9pld2ksc.gq/signin/xnnhn4k8ed2t57mh8g9zfh4xdvq9pld2ksc,101,47,0,2,19,3,2,0,0,0,2,1,0,0
http://amazon-confirm-password-79fr9rvj42qhztvkvew3c4j659fh.ml/confirm-password/79fr9rvj42qhztvkvew3c4j659fh,108,55,0,1,18,5,0,2,0,0,4,1,0,1
https://www.sbi.co.in/user/profile,33,15,1,1,2,0,0,2,0,0,2,0,0,0
http://sbi-account-verify-r-n15fdu0j3l83v19luspx4.ga/account-verify/r-n15fdu0j3l83v19luspx4,93,45,0,0,18,8,1,2,0,0,1,1,0,1
http://signin.microsoft-update.work/signin.php,45,26,0,2,0,3,0,0,0,0,4,1,0,1
https://www.flipkart.com/blog/2024/article,40,16,1,4,5,2,2,2,0,1,2,0,0,0
https://www.sbi.co.in/about,25,13,1,5,0,0,1,0,0,0,2,0,0,0
http://paypal-login-kq1esvtwiz8k7111v1r65.work/login/kq1esvtwiz8k7111v1r65,72,40,0,1,17,0,1,0,0,0,1,1,0,1
https://mit.edu/course/aiml,29,7,1,3,0,1,0,0,0,0,0,0,0,0
https://en.icicibank.com/about,29,16,1,2,0,2,2,2,0,0,0,0,0,1
http://micros0ft.top/update-confirm.html?id=72974,51,14,0,2,5,3,0,2,0,0,2,1,0,1
https://netflix-confirm-password.ml/confirm-password,53,29,1,0,0,4,0,1,0,0,0,1,0,1
http://146.147.45.153/bank-account/index.php?session=13000,57,16,0,2,14,2,3,4,1,0,2,0,0,1
http://paypa1.work/secure-confirm.html?id=62537,49,13,0,0,4,1,1,0,0,0,2,1,0,1
http://200.41.3.255/update/index.php?session=147210,51,13,0,4,14,0,0,2,1,0,2,0,0,1
http://113.192.82.243/secure/index.php?session=610583,55,14,0,3,15,1,2,2,1,0,0,0,0,1
http://micros0ft.club/signin-confirm.html?id=60349,49,14,0,3,7,0,3,0,0,0,0,1,0,1
http://13.218.80.168/login/index.php?session=943626,52,11,0,5,14,0,1,0,1,0,3,0,0,1
http://secure.icicibank-support.cf/secure.php,47,25,0,4,0,2,2,1,0,0,4,1,0,1
http://bit.ly/6379xz,20,5,0,0,6,0,0,0,0,1,2,0,0,1
http://gooogle.club/login-confirm.html?id=66393,47,12,0,3,6,3,2,0,0,0,1,1,0,1
https://www.geeksforgeeks.org/course/aiml,42,19,1,2,0,0,1,0,0,0,2,0,0,0
https://www.reddit.com/about,27,12,1,0,0,0,1,0,0,1,0,0,0,0
https://www.w3schools.com/products,33,15,1,2,0,1,0,3,0,0,0,0,0,0
http://amazon-signin-5zeo7qqzxh9ea43-hf2qx27sr.ml/signin/5zeo7qqzxh9ea43-hf2qx27sr,82,42,0,1,16,6,0,1,0,0,0,1,0,1
https://nptel.ac.in,17,13,1,1,2,0,0,2,0,0,2,0,0,0
http://netflix-webscr-k8vjj32w0gq45qggccj7rtses7m.ga/webscr/k8vjj32w0gq45qggccj7rtses7m,85,47,0,3,14,1,0,1,0,0,1,1,0,1
http://amaz0n.com/account-verify-confirm.html?id=66713,56,10,0,1,4,0,2,1,0,0,1,0,0,1
https://docs.mit.edu/course/aiml,33,14,1,3,1,0,1,2,0,0,0,0,0,0
https://user-portal.nptel.ac.in/session/d9gb9xv8?ref=350&track=1,65,25,1,4,7,0,6,0,0,0,2,0,0,0
http://micros0ft.ml/signin-confirm.html?id=5098,48,13,0,2,7,0,2,0,0,0,3,1,0,1
https://www.bbc.com/blog/2024/article,35,10,1,1,6,0,0,2,0,0,1,0,0,0
http://micros0ft.info/signin-confirm.html?id=46518,48,12,0,4,4,2,3,2,0,0,4,1,0,1
https://amazon-webscr.ga/webscr,32,14,1,2,0,3,0,0,0,0,3,1,0,1
https://www.hdfcbank.com/user/profile,39,18,1,0,0,1,0,2,0,0,0,0,0,0
http://69.11.127.10/confirm-password/index.php?session=478174,63,14,0,4,16,0,0,4,1,0,1,0,0,1
https://paypal-secure.com/secure,31,16,1,3,0,1,0,1,0,0,0,0,0,1
http://gooogle.ml/login-confirm.html?id=99474,43,10,0,2,3,1,3,2,0,0,0,1,0,1
https://www.sbi.co.in/docs/api,30,15,1,2,0,0,0,2,0,0,0,0,0,0
http://126.246.222.85/bank-account/index.php?session=442559,60,15,0,2,15,2,1,1,1,0,2,0,0,1
https://www.hdfcbank.com/user/profile,39,17,1,2,0,1,0,2,0,0,1,0,0,0
https://www.icicibank.com/docs/api,36,15,1,4,2,0,0,0,0,0,0,0,0,0
http://205.187.223.50/verify/index.php?session=584021,52,12,0,5,19,1,3,1,1,0,0,0,0,1
http://gooogle.club/signin-confirm.html?id=91205,47,11,0,2,3,2,2,0,0,0,4,1,0,1
https://www.mit.edu/blog/2024/article,36,11,1,1,5,1,2,1,0,0,0,0,0,0
http://signin.icicibank-update.ml/signin.php,45,27,0,1,0,3,0,1,0,0,3,1,0,1
https://www.geeksforgeeks.org/blog/2024/article,48,22,1,1,2,0,1,1,0,0,2,0,0,0
http://38.120.62.28/signin/index.php?session=991089,51,11,0,4,15,1,1,1,1,0,3,0,0,1
http://micros0ft.ga/signin-confirm.html?id=94493,47,11,0,4,5,2,4,0,0,0,1,1,0,1
https://api-v2.microsoft.com/session/a37dl9fc1xx6cwzxskoy?ref=838&track=1,72,19,1,1,10,2,6,3,0,1,2,0,0,0
https://docs.geeksforgeeks.org/products,41,24,1,2,2,1,2,2,0,0,1,0,0,0
https://icicibank-secure.info/secure,37,22,1,1,0,3,1,0,0,0,2,1,0,1
https://flipkart.com/contact,30,11,1,2,1,2,0,0,0,1,1,0,0,0
http://ow.ly/5562xz,20,5,0,3,2,0,0,0,0,1,0,0,0,1
http://bit.ly/3941xz,21,4,0,1,5,2,0,2,0,1,1,0,0,1
https://www.sbi.co.in/docs/api,28,11,1,5,2,1,2,2,0,0,2,0,0,0
https://docs.sbi.co.in/course/aiml,36,15,1,4,2,0,0,3,0,0,0,0,0,0
https://www.w3schools.com/products,34,17,1,3,1,0,0,2,0,0,1,0,0,0
https://www.w3schools.com/course/aiml,35,16,1,1,1,0,1,1,0,0,0,0,0,0
https://www.hdfcbank.com/contact,31,18,1,1,2,0,0,2,0,0,1,0,0,0
https://www.linkedin.com/home,30,16,1,4,0,0,1,2,0,0,2,0,0,0
https://www.google.com/contact,29,12,1,0,2,2,2,1,0,0,0,0,0,0
https://en.python.org/course/aiml,33,11,1,0,0,0,0,0,0,0,1,0,0,0
https://www.mit.edu/user/profile,32,12,1,2,0,0,0,3,0,0,0,0,0,1
http://201.45.76.104/verify/index.php?session=111782,52,14,0,5,18,2,2,3,1,0,0,0,0,1
https://www.linkedin.com/blog/2024/article,44,15,1,3,4,2,2,3,0,0,0,0,0,0
https://netflix-update.info/update,36,17,1,2,2,3,0,0,0,0,0,1,0,1
https://docs.amazon.com/docs/api,31,14,1,1,0,0,0,1,0,0,0,0,0,0
https://hdfcbank.com/blog/2024/article,37,11,1,2,3,2,1,2,0,0,2,0,0,0
https://en.geeksforgeeks.org/about,33,22,1,3,2,0,0,0,0,0,1,0,0,0
http://verify.icicibank-support.gq/verify.php,47,27,0,4,0,0,0,0,0,0,3,1,0,1
http://faceb00k.info/bank-account-confirm.html?id=63456,57,12,0,4,6,1,1,0,0,0,5,1,0,1
http://micros0ft.info/confirm-password-confirm.html?id=94858,59,16,0,0,8,3,3,0,0,0,0,1,0,1
https://cdn.icicibank.com/session/u3dyms1mwnpr4?ref=960&track=1,61,16,1,1,7,0,2,3,0,0,0,0,0,0
http://is.gd/1326xz,19,5,0,2,6,0,0,0,0,1,0,0,0,1
http://sbi-update-lx8y9aubpm-ebeza-agulm6frjzyiis52.ga/update/lx8y9aubpm-ebeza-agulm6frjzyiis52,95,48,0,3,12,4,0,1,0,0,0,1,0,1
https://static-assets.mit.edu/session/qnngs2wpze5e?ref=296&track=1,67,19,1,4,8,0,4,0,0,0,1,0,0,1
http://billing-update.paypal-secure.work/billing-update.php,59,33,0,4,1,3,0,0,0,0,4,1,0,1
https://www.github.com/products,29,15,1,4,1,1,0,3,0,0,0,0,0,0
https://en.github.com/home,24,12,1,4,1,0,1,2,0,0,0,0,0,0
https://docs.wikipedia.org/user/profile,41,19,1,0,0,0,0,2,0,0,0,0,0,0
http://login.hdfcbank-update.xyz/login.php,43,24,0,3,1,3,0,0,0,0,2,1,0,1
http://paypa1.xyz/confirm-password-confirm.html?id=80009,54,10,0,4,5,4,4,0,0,0,2,1,0,1
https://docs.nptel.ac.in/products,31,14,1,1,2,0,0,4,0,0,2,0,0,0
https://paypal-billing-update.club/billing-update,48,28,1,2,2,1,1,0,0,0,4,1,0,1
https://docs.icicibank.com/search?q=machine+learning,54,18,1,1,0,1,3,1,0,0,0,0,0,0
https://www.hdfcbank.com/contact,30,15,1,3,2,1,1,1,0,0,3,0,0,0
https://geeksforgeeks.org/home,29,17,1,2,1,1,0,0,0,0,0,0,0,0
http://webscr.paypal-support.gq/webscr.php,41,24,0,4,0,0,1,1,0,0,1,1,0,1
https://python.org/home,24,10,1,0,0,2,0,0,0,0,0,0,0,1
https://www.flipkart.com/products,33,16,1,3,0,2,0,3,0,1,1,0,0,0
http://175.49.202.115/verify/index.php?session=622191,54,16,0,4,16,0,3,3,1,0,3,0,0,1
https://irctc.co.in/home,25,13,1,0,0,0,0,0,0,0,1,0,0,0
http://account-verify.hdfcbank-update.cf/account-verify.php,58,32,0,1,0,3,1,0,0,0,3,1,0,1
http://billing-update.icicibank-secure.ga/billing-update.php,59,36,0,2,2,5,0,3,0,0,3,1,0,1
https://www.sbi.co.in/contact,30,11,1,1,0,0,0,3,0,0,0,0,0,0
http://47.32.114.178/signin/index.php?session=321580,52,14,0,4,14,1,3,2,1,0,2,0,0,1
https://paypal-verify.com/verify,33,19,1,0,2,2,0,1,0,0,0,0,0,1
https://www.linkedin.com/about,32,17,1,4,2,1,0,0,0,0,0,0,0,0
http://cutt.ly/2667xz,23,9,0,0,2,0,1,2,0,1,0,0,0,1
http://netflix-secure-c4xstco-pbyc66kvxqwmsxd4o4.info/secure/c4xstco-pbyc66kvxqwmsxd4o4,87,45,0,0,11,3,0,0,0,0,0,1,0,1
https://www.nptel.ac.in,23,17,1,5,2,0,0,4,0,0,0,0,0,1
https://www.bbc.com,20,11,1,4,1,0,0,0,0,0,0,0,0,0
http://t.co/6871xz,18,6,0,3,5,0,0,0,0,1,0,0,0,1
https://netflix-bank-account.top/bank-account,46,26,1,2,0,1,0,0,0,0,3,1,0,1
https://www.stackoverflow.com,27,21,1,4,0,2,1,3,0,0,0,0,0,0
http://paypal-billing-update-mxqzkrofi7airi9s8e0tzky31au6i.info/billing-update/mxqzkrofi7airi9s8e0tzky31au6i,110,54,0,0,16,6,2,0,0,0,4,1,0,1
http://bit.ly/9581xz,22,7,0,2,4,1,0,0,0,1,0,0,0,1
http://billing-update.paypal-update.gq/billing-update.php,57,32,0,2,0,5,0,0,0,0,3,1,0,1
http://paypal-login-czdq4x7bdk8h8redz1vr.cf/login/czdq4x7bdk8h8redz1vr,69,36,0,1,9,3,0,1,0,0,1,1,0,1
http://faceb00k.gq/update-confirm.html?id=38856,45,11,0,1,6,3,4,1,0,0,3,1,0,1
https://irctc.co.in/course/aiml,32,10,1,4,2,0,2,3,0,0,0,0,0,0
https://netflix-verify.top/verify,32,19,1,1,0,2,1,1,0,0,2,1,0,1
https://www.microsoft.com/user/profile,37,16,1,0,0,0,2,0,0,1,0,0,0,0
https://www.google.com/docs/api,32,12,1,1,0,2,0,0,0,0,0,0,0,0
http://paypal-verify-8p3-evr4qv0hhprblb9tnjxcmm0uj9-.xyz/verify/8p3-evr4qv0hhprblb9tnjxcmm0uj9-,97,50,0,3,13,5,2,0,0,0,0,1,0,1
https://www.irctc.co.in/blog/2024/article,43,15,1,4,3,0,0,2,0,0,0,0,0,0
https://user-portal.reddit.com/session/b34kuqaaj84rx6p?ref=804&track=1,69,21,1,4,7,2,4,0,0,1,0,0,0,0
http://update.amazon-update.gq/update.php,39,23,0,4,0,1,0,1,0,0,3,1,0,1
http://bank-account.icicibank-secure.info/bank-account.php,58,35,0,3,0,1,0,0,0,0,4,1,0,1
https://www.irctc.co.in/search?q=machine+learning,47,13,1,3,0,1,0,0,0,0,0,0,0,0
http://sbi-bank-account-0bsrw526-hnq3q125y6dmx.tk/bank-account/0bsrw526-hnq3q125y6dmx,87,42,0,2,19,4,0,0,0,0,2,1,0,1
http://t.co/1831xz,20,4,0,0,4,2,2,2,0,1,0,0,0,1
https://www.github.com/home,29,14,1,2,2,0,0,0,0,0,0,0,0,0
https://icicibank-billing-update.top/billing-update,53,27,1,0,1,4,2,0,0,0,5,1,0,1
http://signin.paypal-update.ml/signin.php,40,23,0,4,0,0,0,3,0,0,1,1,0,1
https://www.amazon.com/about,28,14,1,0,0,2,0,0,0,0,2,0,0,0
https://www.mit.edu/about,23,11,1,1,0,0,0,2,0,0,0,0,0,0
https://en.flipkart.com/contact,30,16,1,2,2,0,0,2,0,1,0,0,0,0
http://verify.paypal-update.ga/verify.php,43,23,0,1,2,3,0,0,0,0,4,1,0,1
https://user-portal.sbi.co.in/session/r8o1kjwv?ref=614&track=1,64,22,1,3,8,3,2,1,0,0,0,0,0,0
http://update.icicibank-support.tk/update.php,43,29,0,1,2,0,0,0,0,0,0,1,0,1
https://www.sbi.co.in/docs/api,31,13,1,1,1,2,1,3,0,0,0,0,0,0
http://amazon-bank-account-68l2487rwvggri8f06yb.tk/bank-account/68l2487rwvggri8f06yb,85,43,0,0,16,2,1,0,0,0,1,1,0,1
http://paypa1.gq/update-confirm.html?id=35044,44,7,0,0,5,2,1,0,0,0,0,1,0,1
https://reddit.com/products,27,8,1,0,0,2,1,0,0,1,0,0,0,0
https://api-v2.nptel.ac.in/session/8nkdat5l0n2t?ref=343&track=1,62,17,1,2,10,1,4,0,0,0,0,0,0,0
http://goo.gl/2366xz,19,7,0,0,2,0,0,0,0,1,0,0,0,1
http://bit.ly/3197xz,21,8,0,0,6,0,0,0,0,1,0,0,0,1
http://134.78.181.227/account-verify/index.php?session=711322,60,15,0,2,17,2,3,1,1,0,2,0,0,1
https://www.wikipedia.org/home,28,17,1,4,0,1,0,1,0,0,0,0,0,0
https://docs.icicibank.com/contact,36,20,1,1,0,0,2,0,0,0,2,0,0,0
https://www.icicibank.com/docs/api,36,19,1,3,0,0,1,0,0,0,0,0,0,0
http://paypa1.xyz/confirm-password-confirm.html?id=81920,55,9,0,0,6,0,4,0,0,0,0,1,0,0
http://ow.ly/4091xz,20,4,0,2,4,0,0,0,0,1,0,0,0,1
https://www.irctc.co.in/search?q=machine+learning,50,13,1,2,0,0,2,2,0,0,0,0,0,0
https://reddit.com/about,23,9,1,1,0,0,1,0,0,1,0,0,0,0
https://netflix-signin.ga/signin,31,17,1,0,2,1,0,0,0,0,3,1,0,1
https://nytimes.com/contact,26,11,1,3,0,0,1,0,0,0,0,0,0,0
https://www.microsoft.com/home,32,17,1,1,1,0,0,0,0,1,0,0,0,0
https://en.hdfcbank.com/search?q=machine+learning,51,15,1,1,2,0,4,1,0,0,0,0,0,1
https://en.icicibank.com/blog/2024/article,41,18,1,2,3,0,0,3,0,0,0,0,0,0
http://paypal-bank-account-4ymbau2m08kp1rl4.ga/bank-account/4ymbau2m08kp1rl4,76,37,0,0,13,5,0,1,0,0,0,1,0,1
https://github.com/home,25,11,1,3,1,0,2,1,0,0,2,0,0,0
http://121.56.187.182/login/index.php?session=133814,53,14,0,3,17,0,0,1,1,0,0,0,0,1
http://amazon-update-u16vr9gzot0127r2z5c-wf7rgsm66y-f.xyz/update/u16vr9gzot0127r2z5c-wf7rgsm66y-f,98,48,0,0,24,4,1,1,0,0,0,1,0,1
http://paypal-verify-uo0zi794bpwt69db0q8ib49g6y1s.xyz/verify/uo0zi794bpwt69db0q8ib49g6y1s,87,44,0,0,25,4,0,0,0,0,3,1,0,1
http://bit.ly/8454xz,22,4,0,2,5,0,0,2,0,1,1,0,0,1
https://paypal-billing-update.xyz/billing-update,48,25,1,3,1,2,0,0,0,0,3,1,0,1
http://verify.amazon-support.info/verify.php,42,25,0,2,1,0,0,0,0,0,3,1,0,1
https://api-v2.mit.edu/session/376zugfldt8bemc57xhf?ref=338&track=1,65,15,1,4,13,2,3,2,0,0,1,0,0,0
https://docs.bbc.com/course/aiml,31,12,1,3,2,0,0,0,0,0,0,0,0,0
http://203.55.156.138/secure/index.php?session=89106,51,12,0,3,16,0,0,0,1,0,1,0,0,1
https://www.reddit.com/about,28,15,1,4,0,1,0,3,0,1,1,0,0,0
http://paypa1.work/confirm-password-confirm.html?id=48003,59,11,0,3,8,1,0,1,0,0,1,1,0,1
https://www.nptel.ac.in/course/aiml,37,14,1,2,1,0,1,2,0,0,2,0,0,0
http://t.co/4289xz,16,2,0,0,5,0,2,1,0,1,2,0,0,1
https://www.nytimes.com/search?q=machine+learning,47,13,1,0,0,0,0,2,0,0,1,0,0,0
http://billing-update.paypal-update.top/billing-update.php,60,32,0,4,1,5,1,1,0,0,1,1,0,1
https://cdn.microsoft.com/session/kw7bzyi9v8u9d?ref=246&track=1,65,19,1,2,7,0,5,2,0,1,0,0,0,0
https://www.amazon.com,21,12,1,3,1,0,1,1,0,0,2,0,0,0
https://docs.hdfcbank.com/search?q=machine+learning,50,19,1,0,2,0,4,3,0,0,3,0,0,0
http://webscr.paypal-support.info/webscr.php,44,26,0,1,2,0,0,0,0,0,0,1,0,1
https://www.github.com/docs/api,32,12,1,3,2,0,2,3,0,0,0,0,0,0
http://tinyurl.com/5481xz,25,13,0,0,5,0,0,1,0,1,2,0,0,1
https://api-v2.bbc.com/session/mdnhqnjvdp?ref=728&track=1,56,12,1,3,6,0,5,0,0,0,0,0,0,0
http://signin.hdfcbank-support.top/signin.php,47,29,0,1,2,2,0,0,0,0,0,1,0,1
https://www.icicibank.com,25,18,1,2,0,2,0,3,0,0,0,0,0,0
http://faceb00k.top/bank-account-confirm.html?id=92024,52,12,0,4,5,0,4,0,0,0,4,1,0,1
https://amazon-webscr.info/webscr,34,16,1,0,2,0,0,0,0,0,1,1,0,1
https://www.sbi.co.in,21,12,1,5,0,0,0,3,0,0,2,0,0,0
http://ow.ly/3602xz,20,5,0,3,6,2,0,2,0,1,2,0,0,1
https://www.microsoft.com/home,32,16,1,2,0,0,0,0,0,1,0,0,0,0
https://www.amazon.com/blog/2024/article,41,14,1,4,2,1,0,2,0,0,2,0,0,0
http://cutt.ly/7547xz,22,6,0,0,3,0,0,1,0,1,1,0,0,1
https://en.bbc.com,17,11,1,4,0,0,0,0,0,0,0,0,0,1
http://cutt.ly/2023xz,20,8,0,2,4,0,0,0,0,1,0,0,0,1
https://www.w3schools.com/user/profile,37,17,1,2,2,0,0,0,0,0,0,0,0,0
https://www.w3schools.com/blog/2024/article,45,17,1,4,7,2,0,0,0,0,1,0,0,0
https://www.nytimes.com/course/aiml,37,15,1,3,2,1,0,0,0,0,0,0,0,0
https://reddit.com/search?q=machine+learning,44,8,1,1,0,0,1,0,0,1,2,0,0,0
http://billing-update.paypal-secure.ga/billing-update.php,55,30,0,2,2,2,0,2,0,0,2,1,0,1
http://cutt.ly/2052xz,23,6,0,0,5,2,0,0,0,1,0,0,0,1
https://flipkart.com/about,27,12,1,0,1,1,0,2,0,1,0,0,0,1
http://billing-update.hdfcbank-update.gq/billing-update.php,59,33,0,5,0,2,0,1,0,0,1,1,0,1
https://www.python.org/products,29,12,1,1,2,1,2,3,0,0,2,0,0,0
http://paypa1.info/confirm-password-confirm.html?id=79334,56,11,0,0,6,4,1,1,0,0,3,1,0,1
http://amazon-signin-nvdchw8m0tl896hs0dimopw-.ga/signin/nvdchw8m0tl896hs0dimopw-,81,41,0,2,13,4,0,0,0,0,0,1,0,1
http://sbi-confirm-password-qt172atm23qwbnl0tckwth4mokbnjmuvqg.info/confirm-password/qt172atm23qwbnl0tckwth4mokbnjmuvqg,117,59,0,2,15,3,2,0,0,0,1,1,0,0
http://bank-account.paypal-update.top/bank-account.php,53,32,0,3,2,1,1,0,0,0,3,1,0,1
https://en.bbc.com/products,28,11,1,2,1,0,0,2,0,0,0,0,0,0
https://www.linkedin.com/products,31,15,1,0,0,0,0,0,0,0,0,0,0,0
https://www.linkedin.com/course/aiml,37,14,1,2,0,0,0,1,0,0,1,0,0,0
https://netflix-bank-account.ml/bank-account,44,24,1,2,0,2,2,0,0,0,0,1,0,1
https://www.google.com/blog/2024/article,42,15,1,3,5,2,1,2,0,0,0,0,0,1
http://sbi-billing-update-8j4i3wmdm3oyhk8x3vauun2v.ml/billing-update/8j4i3wmdm3oyhk8x3vauun2v,93,45,0,3,14,4,0,2,0,0,2,1,0,1
http://micros0ft.com/billing-update-confirm.html?id=79848,58,11,0,4,5,1,0,0,0,1,3,0,0,1
https://en.irctc.co.in/about,28,15,1,1,0,0,1,3,0,0,0,0,0,0
https://w3schools.com/home,26,11,1,2,1,0,1,0,0,0,0,0,0,0
http://97.36.168.8/signin/index.php?session=101249,48,12,0,5,14,0,3,4,1,0,2,0,0,1
http://paypal-login-6hjciz1gqff66dequ0g91gozd2oseq831p.xyz/login/6hjciz1gqff66dequ0g91gozd2oseq831p,98,52,0,0,24,0,0,0,0,0,0,1,0,1
http://sbi-webscr-7lcqz-npgjrd4jqeu23tba73udo2.xyz/webscr/7lcqz-npgjrd4jqeu23tba73udo2,85,41,0,0,15,2,1,0,0,0,2,1,0,1
https://reddit.com/docs/api,29,8,1,0,0,0,1,2,0,1,0,0,0,0
https://www.nytimes.com/user/profile,36,16,1,1,2,0,0,3,0,0,0,0,0,0
http://micros0ft.xyz/webscr-confirm.html?id=16853,48,14,0,1,7,1,0,2,0,0,2,1,0,1
http://bank-account.paypal-secure.cf/bank-account.php,51,29,0,3,0,3,2,3,0,0,3,1,0,1
https://docs.sbi.co.in/blog/2024/article,41,15,1,5,2,1,2,0,0,0,2,0,0,0
https://icicibank-account-verify.ml/account-verify,50,29,1,2,1,3,2,0,0,0,3,1,0,1
https://www.linkedin.com,24,15,1,3,0,0,0,0,0,0,1,0,0,0
https://api-v2.geeksforgeeks.org/session/v9777tnqetm?ref=244&track=1,68,22,1,4,7,0,5,0,0,0,0,0,0,0
http://sbi-webscr-jwhpirnd9n63gcf-sqqdnbmxd9m8amndi6u.gq/webscr/jwhpirnd9n63gcf-sqqdnbmxd9m8amndi6u,101,50,0,3,12,2,0,0,0,0,0,1,0,1
https://geeksforgeeks.org/home,29,17,1,3,0,2,0,0,0,0,1,0,0,0
https://docs.w3schools.com/search?q=machine+learning,54,16,1,1,2,0,0,0,0,0,1,0,0,0
https://static-assets.geeksforgeeks.org/session/94tevwlq6exnwzr?ref=228&track=1,78,30,1,4,9,0,5,0,0,0,2,0,0,0
http://faceb00k.cf/secure-confirm.html?id=1321,48,12,0,0,5,1,1,2,0,0,2,1,0,1
http://billing-update.hdfcbank-support.info/billing-update.php,63,34,0,1,0,3,2,1,0,0,2,1,0,1
https://user-portal.sbi.co.in/session/jjbfsa5uzlzukzyf2ev?ref=363&track=1,72,19,1,5,4,0,4,3,0,0,2,0,0,0
http://micros0ft.top/confirm-password-confirm.html?id=41307,59,15,0,1,8,0,3,2,0,0,2,1,0,1
http://ow.ly/5108xz,19,6,0,2,2,0,2,0,0,1,0,0,0,1
http://bank-account.amazon-support.work/bank-account.php,57,32,0,1,0,1,0,0,0,0,1,1,0,1
http://confirm-password.paypal-secure.ga/confirm-password.php,61,31,0,1,0,5,0,1,0,0,4,1,0,1
http://tinyurl.com/1964xz,26,11,0,3,4,2,2,2,0,1,0,0,0,1
http://175.184.134.135/webscr/index.php?session=213570,56,13,0,3,20,0,4,1,1,0,0,0,0,1
https://amazon-secure.cf/secure,33,15,1,2,0,2,0,2,0,0,3,1,0,1
https://stackoverflow.com/user/profile,39,15,1,3,0,0,0,0,0,0,2,0,0,0
https://en.nptel.ac.in,21,15,1,1,2,0,0,1,0,0,0,0,0,1
http://gooogle.ml/webscr-confirm.html?id=61871,46,9,0,3,4,0,0,1,0,0,3,1,0,0
https://amazon-account-verify.com/account-verify,49,25,1,3,0,5,0,1,0,0,3,0,0,1
https://netflix-verify.com/verify,34,16,1,0,0,2,2,0,0,0,3,0,0,1
https://w3schools.com/course/aiml,31,13,1,0,2,2,0,0,0,0,0,0,0,0
https://icicibank-update.com/update,34,20,1,0,1,2,0,0,0,0,2,0,0,1
http://bank-account.icicibank-update.tk/bank-account.php,54,30,0,3,1,4,2,3,0,0,4,1,0,1
http://185.97.152.253/account-verify/index.php?session=222794,63,14,0,4,15,3,1,2,1,0,2,0,0,1
http://158.105.105.26/webscr/index.php?session=982936,52,14,0,6,15,0,0,1,1,0,1,0,0,1
http://amazon-webscr-z-9opbi5fr4vrew202k4bdg.top/webscr/z-9opbi5fr4vrew202k4bdg,79,40,0,2,12,4,0,0,0,0,3,1,0,1
https://docs.icicibank.com,28,20,1,4,0,0,0,3,0,0,3,0,0,0
http://paypal-confirm-password-pviddz1nys3yq4840o5roues1.gq/confirm-password/pviddz1nys3yq4840o5roues1,104,51,0,1,14,5,1,2,0,0,2,1,0,1
http://cutt.ly/3042xz,20,8,0,0,6,2,0,2,0,1,2,0,0,1
http://t.co/9287xz,19,4,0,2,6,2,0,0,0,1,0,0,0,1
https://amazon-billing-update.info/billing-update,50,27,1,0,1,3,0,0,0,0,4,1,0,0
https://www.reddit.com/course/aiml,33,13,1,3,0,2,1,1,0,1,0,0,0,0
http://webscr.amazon-secure.xyz/webscr.php,41,25,0,2,0,0,0,0,0,0,3,1,0,1
http://amaz0n.gq/webscr-confirm.html?id=22066,46,7,0,2,5,0,0,0,0,0,3,1,0,1
http://login.amazon-support.cf/login.php,42,24,0,1,0,2,2,0,0,0,2,1,0,1
http://59.243.210.221/signin/index.php?session=833511,55,15,0,2,18,0,4,0,1,0,0,0,0,1
http://paypa1.info/verify-confirm.html?id=16681,48,13,0,2,7,0,3,0,0,0,4,1,0,1
http://paypal-signin-wgh5oq4d9j3y818ulydts6b19vzdxpx070y.gq/signin/wgh5oq4d9j3y818ulydts6b19vzdxpx070y,100,52,0,2,27,3,2,0,0,0,0,1,0,1
https://www.google.com/contact,30,15,1,3,0,0,0,3,0,0,0,0,0,0
http://221.241.68.65/confirm-password/index.php?session=557859,62,12,0,3,14,0,4,3,1,0,4,0,0,1
http://goo.gl/9384xz,21,8,0,3,3,2,0,2,0,1,0,0,0,1
http://amaz0n.gq/webscr-confirm.html?id=22704,46,8,0,1,8,1,1,0,0,0,3,1,0,1
https://www.google.com,20,14,1,4,0,0,2,0,0,0,0,0,0,0
https://docs.mit.edu/blog/2024/article,38,11,1,4,3,0,1,1,0,0,0,0,0,0
https://en.python.org/search?q=machine+learning,49,13,1,3,0,1,4,1,0,0,1,0,0,0
https://api-v2.nptel.ac.in/session/ycw8ihyfz9?ref=558&track=1,59,19,1,4,5,2,3,1,0,0,2,0,0,0
http://amaz0n.ga/secure-confirm.html?id=16275,45,11,0,0,4,1,2,0,0,0,4,1,0,1
https://cdn.wikipedia.org/session/pzf761hjr?ref=781&track=1,61,15,1,4,8,2,5,0,0,0,0,0,0,0
https://www.microsoft.com,27,18,1,4,0,2,0,3,0,1,2,0,0,0
http://is.gd/9348xz,21,6,0,0,5,0,0,0,0,1,1,0,0,1
https://paypal-secure.cf/secure,31,14,1,3,0,1,0,1,0,0,0,1,0,1
https://www.bbc.com/about,26,12,1,1,1,0,0,1,0,0,1,0,0,0
https://www.geeksforgeeks.org/search?q=machine+learning,55,22,1,0,0,0,0,0,0,0,2,0,0,0
http://micros0ft.xyz/secure-confirm.html?id=99303,47,14,0,3,8,0,1,0,0,0,2,1,0,1
https://www.flipkart.com,26,14,1,4,0,0,0,0,0,1,1,0,0,0
https://www.reddit.com/user/profile,37,12,1,3,2,0,0,0,0,1,2,0,0,0
https://nytimes.com/contact,26,13,1,3,0,0,2,1,0,0,2,0,0,1
https://amazon-webscr.gq/webscr,29,15,1,0,0,1,2,0,0,0,0,1,0,1
http://netflix-login-1u1i-2kcjvvqcww6876ek-uen.tk/login/1u1i-2kcjvvqcww6876ek-uen,82,44,0,1,14,8,0,0,0,0,1,1,0,1
https://www.irctc.co.in/about,30,14,1,3,0,0,0,3,0,0,0,0,0,0
http://netflix-verify-6emcdspdb0m94k9.info/verify/6emcdspdb0m94k9,65,36,0,0,12,3,0,0,0,0,0,1,0,1
https://www.nytimes.com/docs/api,30,16,1,4,1,1,1,0,0,0,1,0,0,0
https://stackoverflow.com/products,36,19,1,0,2,0,0,0,0,0,0,0,0,0
http://135.165.252.243/secure/index.php?session=242844,54,13,0,2,20,0,1,4,1,0,3,0,0,1
https://docs.irctc.co.in/user/profile,39,14,1,1,2,0,0,3,0,0,0,0,0,0
http://billing-update.hdfcbank-secure.club/billing-update.php,60,37,0,5,0,4,2,3,0,0,5,1,0,1
https://docs.mit.edu/user/profile,31,11,1,1,0,0,2,0,0,0,1,0,0,0
http://paypa1.work/update-confirm.html?id=39807,46,10,0,4,6,2,3,2,0,0,1,1,0,1
https://icicibank-secure.club/secure,37,23,1,3,1,2,0,0,0,0,0,1,0,1
http://billing-update.microsoft-secure.top/billing-update.php,61,35,0,5,2,2,0,3,0,0,5,1,0,1
https://user-portal.microsoft.com/session/4rqvfx2zvl9e?ref=746&track=1,69,25,1,2,8,3,3,0,0,1,2,0,0,0
https://api-v2.github.com/session/537qo4z533zs?ref=530&track=1,64,18,1,1,13,2,5,2,0,0,0,0,0,0
http://23.161.68.254/billing-update/index.php?session=197646,58,15,0,6,15,3,2,1,1,0,2,0,0,1
https://en.reddit.com/contact,27,12,1,3,0,0,0,0,0,1,1,0,0,0
https://www.reddit.com/user/profile,34,13,1,4,0,0,0,1,0,1,0,0,0,0
http://gooogle.work/login-confirm.html?id=87382,48,12,0,4,5,3,0,0,0,0,2,1,0,1
http://amazon-confirm-password--k8mncuiceaaf6e0fryzmn3.tk/confirm-password/-k8mncuiceaaf6e0fryzmn3,99,52,0,2,10,6,2,2,0,0,4,1,0,1
https://en.google.com/about,29,11,1,1,0,2,2,1,0,0,0,0,0,0
http://cutt.ly/1480xz,19,5,0,0,2,0,0,0,0,1,0,0,0,1
https://docs.wikipedia.org/home,31,17,1,3,0,1,0,1,0,0,2,0,0,0
https://docs.geeksforgeeks.org/search?q=machine+learning,58,22,1,2,0,0,4,0,0,0,1,0,0,0
https://paypal-bank-account.ga/bank-account,42,20,1,0,2,3,0,2,0,0,4,1,0,1
https://www.bbc.com/course/aiml,29,13,1,1,0,0,0,0,0,0,0,0,0,0
http://netflix-confirm-password-hr0bc6f-e0kmlirp8yy0l07yn.gq/confirm-password/hr0bc6f-e0kmlirp8yy0l07yn,105,55,0,1,12,6,1,0,0,0,4,1,0,1
http://155.159.56.116/webscr/index.php?session=739802,51,16,0,6,18,1,3,3,1,0,2,0,0,1
https://en.google.com/search?q=machine+learning,48,13,1,3,0,2,4,3,0,0,2,0,0,0
https://amazon-bank-account.info/bank-account,46,24,1,1,0,1,2,0,0,0,0,1,0,1
https://en.sbi.co.in,21,12,1,5,2,0,0,4,0,0,0,0,0,0
https://www.nytimes.com/user/profile,38,16,1,4,2,0,0,1,0,0,2,0,0,0
https://en.linkedin.com/search?q=machine+learning,51,13,1,4,0,1,3,2,0,0,2,0,0,0
https://en.nytimes.com,23,14,1,4,2,2,2,3,0,0,0,0,0,0
http://verify.hdfcbank-update.work/verify.php,45,27,0,4,0,0,1,3,0,0,2,1,0,1
https://docs.geeksforgeeks.org/products,38,20,1,2,0,0,1,2,0,0,0,0,0,0
https://user-portal.python.org/session/uzv3zbxpq5bo2?ref=785&track=1,70,20,1,1,6,0,5,0,0,0,0,0,0,0
https://en.icicibank.com/home,31,15,1,2,2,0,0,0,0,0,0,0,0,0
https://www.hdfcbank.com/search?q=machine+learning,51,18,1,3,0,2,2,2,0,0,0,0,0,0
https://cdn.python.org/session/6yxv2meosfr5hgqgp1zq?ref=229&track=1,67,12,1,0,9,1,3,0,0,0,2,0,0,0
http://paypa1.cf/account-verify-confirm.html?id=30591,53,9,0,4,5,0,1,0,0,0,1,1,0,1
http://billing-update.icicibank-support.info/billing-update.php,65,37,0,1,0,2,1,0,0,0,2,1,0,1
http://ow.ly/7421xz,17,5,0,0,5,0,0,0,0,1,1,0,0,1
http://amaz0n.ga/update-confirm.html?id=60535,47,10,0,2,8,0,4,0,0,0,1,1,0,1
https://en.nptel.ac.in/blog/2024/article,39,16,1,5,3,1,0,1,0,0,2,0,0,0
https://en.python.org/user/profile,32,11,1,1,0,1,0,3,0,0,1,0,0,0
http://bit.ly/7811xz,20,8,0,0,4,0,0,0,0,1,0,0,0,1
https://en.irctc.co.in/search?q=machine+learning,46,12,1,1,0,0,4,0,0,0,0,0,0,0
https://www.sbi.co.in/search?q=machine+learning,47,15,1,1,0,0,4,3,0,0,1,0,0,0
https://en.mit.edu/home,21,9,1,2,2,0,0,3,0,0,0,0,0,0
https://static-assets.sbi.co.in/session/50op7xmr8f?ref=389&track=1,68,24,1,2,9,0,3,2,0,0,0,0,0,0
https://docs.bbc.com/blog/2024/article,40,12,1,1,3,1,0,0,0,0,0,0,0,1
https://www.amazon.com/products,33,13,1,2,0,0,0,1,0,0,1,0,0,1
https://www.nptel.ac.in/user/profile,38,14,1,1,2,0,0,0,0,0,0,0,0,0
http://151.125.171.120/webscr/index.php?session=131362,53,17,0,4,20,2,0,1,1,0,0,0,0,1
https://api-v2.reddit.com/session/tea7187f8t?ref=762&track=1,59,16,1,2,9,3,6,0,0,1,1,0,0,0
https://en.reddit.com/products,29,15,1,2,2,2,0,2,0,1,0,0,0,0
https://docs.icicibank.com/about,34,20,1,2,0,0,1,2,0,0,3,0,0,0
http://56.82.232.251/bank-account/index.php?session=529272,59,11,0,2,16,3,0,3,1,0,1,0,0,1
http://amazon-account-verify-l7x2p03imb41jguc4tgmqlb.tk/account-verify/l7x2p03imb41jguc4tgmqlb,96,46,0,0,12,4,2,0,0,0,3,1,0,1
http://amaz0n.xyz/confirm-password-confirm.html?id=51150,57,8,0,2,5,0,0,0,0,0,0,1,0,1
http://confirm-password.microsoft-support.gq/confirm-password.php,66,39,0,5,1,3,0,3,0,0,0,1,0,1
https://docs.flipkart.com/about,32,18,1,2,0,2,2,1,0,1,0,0,0,0
https://docs.linkedin.com/blog/2024/article,45,16,1,3,2,1,1,0,0,0,0,0,0,0
https://www.geeksforgeeks.org/home,35,22,1,3,2,0,0,3,0,0,2,0,0,0
https://api-v2.python.org/session/3ubm9xhcgryqy4um?ref=528&track=1,67,19,1,1,10,0,2,3,0,0,0,0,0,0
https://www.sbi.co.in/search?q=machine+learning,45,14,1,4,1,2,3,0,0,0,0,0,0,0
https://user-portal.hdfcbank.com/session/7savzebu2y0oy58f?ref=675&track=1,72,24,1,3,8,0,2,2,0,0,1,0,0,0
https://www.github.com/about,30,16,1,0,2,1,0,3,0,0,0,0,0,0
https://www.reddit.com/home,27,15,1,3,0,0,1,2,0,1,0,0,0,0
https://www.sbi.co.in/products,30,14,1,2,0,2,0,1,0,0,1,0,0,0
http://amaz0n.work/secure-confirm.html?id=36848,46,9,0,4,7,2,3,0,0,0,3,1,0,1
http://goo.gl/7355xz,20,8,0,0,5,1,0,0,0,1,1,0,0,1
https://www.mit.edu/home,26,9,1,1,0,2,0,2,0,0,1,0,0,0
https://www.flipkart.com/docs/api,33,18,1,0,0,0,2,3,0,1,2,0,0,0
https://www.google.com/home,29,13,1,0,0,0,1,1,0,0,2,0,0,0
http://faceb00k.info/login-confirm.html?id=77254,46,12,0,4,6,1,2,0,0,0,3,1,0,1
https://www.flipkart.com/about,29,14,1,1,0,0,2,0,0,1,2,0,0,0
https://en.linkedin.com/about,30,14,1,0,0,2,0,0,0,0,0,0,0,0
http://bank-account.amazon-support.cf/bank-account.php,52,30,0,2,2,5,1,3,0,0,4,1,0,1
http://micros0ft.com/billing-update-confirm.html?id=30945,58,15,0,0,8,4,1,1,0,1,5,0,0,1
https://cdn.icicibank.com/session/vhauva7sszj4kj?ref=275&track=1,66,15,1,2,4,0,3,1,0,0,3,0,0,0
http://netflix-secure-4vkjgejx1cnar3zouot98nw011tpss3hwn.cf/secure/4vkjgejx1cnar3zouot98nw011tpss3hwn,102,53,0,1,19,1,0,2,0,0,3,1,0,1
https://docs.python.org/blog/2024/article,42,15,1,4,5,0,0,3,0,0,2,0,0,0
https://cdn.mit.edu/session/g5zmtga46ayn?ref=446&track=1,58,11,1,0,6,2,2,3,0,0,2,0,0,0
https://amazon-signin.info/signin,33,19,1,0,2,3,0,0,0,0,2,1,0,1
https://www.amazon.com/about,28,16,1,1,0,0,2,0,0,0,2,0,0,0
https://en.python.org/products,30,15,1,1,2,0,1,3,0,0,0,0,0,0
http://is.gd/3956xz,18,7,0,1,3,2,2,0,0,1,1,0,0,1
https://api-v2.icicibank.com/session/o667vgp52f1joh?ref=187&track=1,65,21,1,0,9,1,5,2,0,0,0,0,0,0
https://www.geeksforgeeks.org/search?q=machine+learning,53,22,1,0,0,0,3,3,0,0,0,0,0,0
https://amazon-webscr.xyz/webscr,31,18,1,0,0,1,1,1,0,0,2,1,0,1
http://133.21.113.17/secure/index.php?session=930922,52,11,0,5,14,2,3,3,1,0,2,0,0,1
https://en.reddit.com/contact,28,12,1,4,0,1,2,1,0,1,0,0,0,0
http://paypal-account-verify-o2y8ss4kgyusr1v-8rxjvie7dvepsujsy3.gq/account-verify/o2y8ss4kgyusr1v-8rxjvie7dvepsujsy3,114,61,0,2,15,8,0,2,0,0,1,1,0,1
https://en.python.org/products,29,12,1,0,0,0,2,0,0,0,0,0,0,0
https://netflix-login.top/login,30,15,1,2,2,1,0,1,0,0,0,1,0,1
http://paypal-bank-account-jhyqn3fm83c7z6uqwy0uu0g3v.work/bank-account/jhyqn3fm83c7z6uqwy0uu0g3v,94,51,0,2,17,5,0,2,0,0,2,1,0,1
https://www.linkedin.com/docs/api,31,18,1,1,0,0,0,2,0,0,0,0,0,0
http://netflix-secure-k73btq93337aqgg3k6c40.tk/secure/k73btq93337aqgg3k6c40,74,39,0,2,21,3,0,0,0,0,2,1,0,1
https://www.nytimes.com/products,34,16,1,1,0,0,0,0,0,0,2,0,0,0
http://bank-account.icicibank-update.info/bank-account.php,56,36,0,5,2,3,2,0,0,0,5,1,0,1
http://122.114.212.219/billing-update/index.php?session=318039,62,13,0,3,20,2,0,1,1,0,2,0,0,1
http://t.co/1542xz,17,6,0,1,2,2,2,1,0,1,2,0,0,1
http://signin.icicibank-support.cf/signin.php,44,26,0,1,2,2,0,1,0,0,1,1,0,1
https://www.sbi.co.in/user/profile,32,14,1,1,0,1,2,1,0,0,0,0,0,0
https://en.amazon.com/search?q=machine+learning,46,11,1,1,0,0,1,0,0,0,0,0,0,0
https://www.google.com/blog/2024/article,39,13,1,0,2,0,0,0,0,0,0,0,0,0
https://www.wikipedia.org/blog/2024/article,45,18,1,3,5,2,0,1,0,0,2,0,0,0
http://tinyurl.com/9101xz,26,12,0,2,2,0,0,0,0,1,1,0,0,1
https://docs.wikipedia.org,25,19,1,2,1,0,0,3,0,0,1,0,0,0
https://en.bbc.com/products,28,9,1,4,1,1,1,0,0,0,1,0,0,0
https://www.sbi.co.in/products,31,12,1,3,0,1,0,3,0,0,0,0,0,0
http://confirm-password.icicibank-secure.top/confirm-password.php,63,38,0,4,2,4,0,0,0,0,3,1,0,1
https://wikipedia.org/search?q=machine+learning,48,11,1,0,0,0,0,2,0,0,0,0,0,0
https://hdfcbank.com/blog/2024/article,38,11,1,1,6,0,1,0,0,0,2,0,0,0
https://www.reddit.com/search?q=machine+learning,47,15,1,2,0,0,0,0,0,1,0,0,0,0
https://www.mit.edu/blog/2024/article,37,11,1,4,5,2,0,0,0,0,2,0,0,0
http://sbi-verify-rtxwf50195795-a7z.club/verify/rtxwf50195795-a7z,66,32,0,0,17,6,0,0,0,0,3,1,0,1
http://netflix-billing-update-lc52-v883ns9esk.top/billing-update/lc52-v883ns9esk,81,41,0,1,14,7,1,1,0,0,3,1,0,0
http://184.43.180.60/bank-account/index.php?session=726253,57,14,0,4,17,3,1,2,1,0,2,0,0,1
https://www.bbc.com/about,23,10,1,3,1,0,0,3,0,0,1,0,0,0
https://nytimes.com/search?q=machine+learning,46,13,1,0,1,0,0,2,0,0,0,0,0,0
http://229.211.151.138/webscr/index.php?session=868510,55,13,0,3,19,2,2,2,1,0,0,0,0,1
http://goo.gl/8170xz,19,7,0,2,2,0,0,1,0,1,0,0,0,1
http://is.gd/3877xz,21,7,0,1,5,1,0,0,0,1,0,0,0,1
http://webscr.icicibank-update.cf/webscr.php,43,27,0,3,2,2,0,0,0,0,3,1,0,1
https://docs.bbc.com/user/profile,31,10,1,2,1,0,0,2,0,0,0,0,0,0
https://www.flipkart.com/contact,32,14,1,1,1,1,0,0,0,1,1,0,0,0
http://184.70.243.131/bank-account/index.php?session=272127,61,12,0,6,15,1,0,3,1,0,1,0,0,1
https://www.hdfcbank.com/home,31,15,1,2,1,0,2,0,0,0,1,0,0,0
https://www.flipkart.com/search?q=machine+learning,52,14,1,4,2,0,1,2,0,1,0,0,0,0
https://en.hdfcbank.com/search?q=machine+learning,48,15,1,2,0,0,4,0,0,0,0,0,0,0
http://faceb00k.info/webscr-confirm.html?id=1664,49,15,0,3,4,3,2,1,0,0,0,1,0,1
http://179.89.252.177/update/index.php?session=580651,51,13,0,4,17,0,3,4,1,0,0,0,0,1
http://ow.ly/5080xz,20,6,0,0,2,1,0,0,0,1,2,0,0,1
https://amazon-account-verify.com/account-verify,49,27,1,0,0,4,0,1,0,0,3,0,0,1
https://en.w3schools.com/home,28,16,1,0,0,2,1,0,0,0,1,0,0,1
http://account-verify.hdfcbank-update.xyz/account-verify.php,61,35,0,5,1,4,0,2,0,0,5,1,0,1
https://www.w3schools.com/user/profile,39,16,1,0,0,2,2,0,0,0,0,0,0,0
http://paypa1.work/update-confirm.html?id=60828,47,13,0,4,8,3,4,1,0,0,3,1,0,1
http://signin.paypal-support.tk/signin.php,41,23,0,3,0,2,0,0,0,0,0,1,0,1
http://paypal-secure-uwtx5iyfjkskhe1tep9n.tk/secure/uwtx5iyfjkskhe1tep9n,74,35,0,0,8,3,0,2,0,0,0,1,0,1
https://nytimes.com/docs/api,29,10,1,1,0,0,1,0,0,0,2,0,0,0
http://cutt.ly/9034xz,20,6,0,2,6,0,2,0,0,1,1,0,0,1
https://netflix-verify.info/verify,33,19,1,0,0,3,2,2,0,0,0,1,0,1
http://ow.ly/3032xz,21,3,0,2,3,1,1,1,0,1,0,0,0,1
http://verify.hdfcbank-secure.club/verify.php,44,26,0,3,0,2,2,3,0,0,2,1,0,1
https://en.bbc.com/products,29,12,1,2,0,2,0,0,0,0,0,0,0,0
http://paypal-confirm-password-jb-1c14v1npczwv1.tk/confirm-password/jb-1c14v1npczwv1,85,42,0,3,10,6,1,1,0,0,4,1,0,1
https://en.wikipedia.org/products,35,15,1,0,0,1,2,1,0,0,1,0,0,0
http://login.microsoft-support.xyz/login.php,44,29,0,2,2,0,0,1,0,0,1,1,0,1
https://www.microsoft.com/products,34,19,1,3,2,0,0,0,0,1,0,0,0,0
https://docs.github.com/user/profile,37,15,1,4,1,2,1,1,0,0,2,0,0,0
https://www.bbc.com/contact,25,11,1,1,2,0,0,2,0,0,2,0,0,0
https://www.google.com/about,27,16,1,1,1,0,0,0,0,0,0,0,0,0
http://ow.ly/8856xz,19,7,0,2,5,0,0,0,0,1,2,0,0,1
http://ow.ly/3326xz,19,5,0,0,3,0,0,1,0,1,1,0,0,1
http://login.microsoft-update.gq/login.php,42,23,0,1,0,1,1,0,0,0,1,1,0,1
http://webscr.icicibank-secure.ga/webscr.php,42,28,0,3,1,1,0,0,0,0,3,1,0,1
https://netflix-update.top/update,31,16,1,0,2,0,0,0,0,0,1,1,0,1
https://en.nytimes.com/blog/2024/article,38,14,1,0,2,2,1,0,0,0,2,0,0,0
http://paypal-account-verify-rh8cjjez8rxxp7nlpwec-u6ahd0.work/account-verify/rh8cjjez8rxxp7nlpwec-u6ahd0,105,55,0,1,9,5,2,0,0,0,1,1,0,1
https://microsoft.com/course/aiml,33,14,1,3,0,2,0,0,0,1,1,0,0,0
http://is.gd/4140xz,17,4,0,2,3,0,0,0,0,1,1,0,0,1
https://en.mit.edu/about,25,8,1,0,0,1,1,2,0,0,0,0,0,0
https://en.linkedin.com/contact,30,15,1,1,0,0,0,0,0,0,0,0,0,0
http://paypal-login-19f2ih6lb4k6svxq-jyi.club/login/19f2ih6lb4k6svxq-jyi,74,36,0,1,12,4,0,1,0,0,0,1,0,1
http://t.co/7407xz,19,6,0,2,2,2,1,0,0,1,2,0,0,1
http://webscr.amazon-secure.cf/webscr.php,40,24,0,2,0,2,0,0,0,0,4,1,0,1
https://www.w3schools.com/about,30,17,1,1,0,1,2,3,0,0,0,0,0,0
https://netflix-update.com/update,32,20,1,1,2,3,2,0,0,0,3,0,0,1
https://amazon-billing-update.ga/billing-update,48,25,1,3,0,4,1,0,0,0,1,1,0,1
https://en.wikipedia.org/blog/2024/article,44,14,1,4,4,0,0,3,0,0,1,0,0,0
http://cutt.ly/9841xz,20,8,0,3,2,2,1,1,0,1,0,0,0,1
http://paypal-webscr-50omzofe-9wq-5q5jxr4yvxnb-e.work/webscr/50omzofe-9wq-5q5jxr4yvxnb-e,87,44,0,1,13,8,0,0,0,0,3,1,0,1
https://w3schools.com/products,30,13,1,0,0,0,0,0,0,0,0,0,0,0
https://api-v2.irctc.co.in/session/zhg8q3gcg1?ref=992&track=1,60,20,1,2,6,1,5,0,0,0,1,0,0,0
http://paypa1.com/billing-update-confirm.html?id=59603,56,11,0,1,6,1,0,1,0,0,1,0,0,1
http://16.32.5.158/update/index.php?session=381828,49,9,0,5,14,1,2,2,1,0,0,0,0,1
https://paypal-verify.tk/verify,29,15,1,0,0,3,0,2,0,0,2,1,0,1
https://netflix-confirm-password.xyz/confirm-password,52,28,1,3,2,4,2,2,0,0,0,1,0,1
https://www.nytimes.com/blog/2024/article,41,16,1,3,5,2,0,0,0,0,1,0,0,0
https://www.github.com/user/profile,33,13,1,0,1,1,0,0,0,0,0,0,0,0
https://en.python.org/about,25,14,1,2,1,0,0,0,0,0,2,0,0,0
https://cdn.sbi.co.in/session/ahcua09pciflw?ref=128&track=1,58,12,1,1,6,1,2,4,0,0,1,0,0,0
http://account-verify.amazon-secure.work/account-verify.php,61,31,0,1,0,4,0,1,0,0,2,1,0,1
http://micros0ft.info/account-verify-confirm.html?id=59930,56,16,0,0,4,2,0,0,0,0,4,1,0,1
https://en.nytimes.com/user/profile,33,16,1,0,0,1,1,2,0,0,1,0,0,0
http://paypa1.top/signin-confirm.html?id=92297,47,8,0,1,7,0,1,0,0,0,3,1,0,1
https://www.w3schools.com/products,32,15,1,2,3,0,0,2,0,0,1,0,0,0
http://is.gd/2684xz,18,3,0,0,4,1,2,0,0,1,0,0,0,1
https://www.bbc.com/user/profile,30,9,1,2,0,2,0,0,0,0,2,0,0,0
https://en.python.org/user/profile,35,14,1,1,0,2,0,3,0,0,0,0,0,0
https://www.wikipedia.org,23,15,1,1,0,2,1,0,0,0,2,0,0,0
https://www.nptel.ac.in/course/aiml,35,15,1,5,0,1,0,0,0,0,0,0,0,0
https://en.geeksforgeeks.org/products,39,19,1,0,2,0,0,0,0,0,0,0,0,0
https://en.amazon.com/contact,31,13,1,2,0,1,2,3,0,0,0,0,0,0
http://182.213.233.39/confirm-password/index.php?session=440415,65,12,0,3,17,3,4,1,1,0,0,0,0,1
https://docs.nptel.ac.in/course/aiml,38,16,1,3,0,0,0,4,0,0,0,0,0,0
https://en.stackoverflow.com,29,18,1,3,2,1,0,2,0,0,0,0,0,0
http://140.80.41.39/verify/index.php?session=4063,48,12,0,2,15,1,1,1,1,0,1,0,0,1
http://faceb00k.tk/bank-account-confirm.html?id=39267,51,13,0,2,5,4,2,1,0,0,5,1,0,0
http://amaz0n.info/bank-account-confirm.html?id=43674,53,9,0,0,6,0,0,0,0,0,1,1,0,1
http://bank-account.hdfcbank-secure.tk/bank-account.php,55,30,0,3,2,5,2,1,0,0,1,1,0,1
https://www.amazon.com/search?q=machine+learning,46,16,1,0,1,1,2,0,0,0,2,0,0,0
https://www.python.org/course/aiml,35,15,1,2,0,0,1,2,0,0,2,0,0,0
https://en.linkedin.com/about,28,13,1,2,0,0,0,2,0,0,1,0,0,0
https://user-portal.linkedin.com/session/wwvtmnyeurani8y66w?ref=905&track=1,77,24,1,1,9,3,6,1,0,0,1,0,0,0
http://netflix-bank-account-iagwlr38h5kynhwkcyblltsgk8qis.top/bank-account/iagwlr38h5kynhwkcyblltsgk8qis,104,52,0,2,10,6,1,0,0,0,2,1,0,1
https://sbi.co.in,19,8,1,0,0,0,0,0,0,0,1,0,0,0
http://paypa1.ml/account-verify-confirm.html?id=90127,51,8,0,3,4,4,4,2,0,0,2,1,0,1
http://verify.microsoft-update.ga/verify.php,44,28,0,3,0,2,0,1,0,0,4,1,0,1
http://amazon-secure-rrbs067wk4v1rj07qezmp5.info/secure/rrbs067wk4v1rj07qezmp5,77,42,0,0,14,3,2,1,0,0,3,1,0,1
http://micros0ft.gq/bank-account-confirm.html?id=69614,52,11,0,3,4,3,4,0,0,0,4,1,0,1
https://netflix-bank-account.com/bank-account,44,25,1,2,2,4,0,0,0,1,2,0,0,1
https://paypal-confirm-password.info/confirm-password,51,28,1,0,0,5,2,0,0,0,1,1,0,1
http://billing-update.icicibank-secure.info/billing-update.php,60,34,0,1,0,2,2,2,0,0,5,1,0,1
https://static-assets.mit.edu/session/9jpdmn1s3y?ref=137&track=1,64,19,1,0,6,2,5,2,0,0,1,0,0,0
https://en.w3schools.com/course/aiml,35,15,1,0,0,2,0,3,0,0,0,0,0,0
https://cdn.python.org/session/0rs210q2lg1zhqunue7?ref=611&track=1,65,12,1,3,9,0,3,0,0,0,0,0,0,0
http://t.co/5491xz,19,5,0,1,3,2,0,0,0,1,0,0,0,1
https://docs.reddit.com/search?q=machine+learning,51,17,1,1,0,0,2,0,0,1,0,0,0,0
http://sbi-bank-account-qi5wxzmuhiovrem25wcojxeosvv9vh.gq/bank-account/qi5wxzmuhiovrem25wcojxeosvv9vh,103,49,0,2,9,4,0,2,0,0,2,1,0,1
https://www.nytimes.com/course/aiml,36,15,1,3,2,0,2,3,0,0,0,0,0,0
https://icicibank-confirm-password.top/confirm-password,57,28,1,0,0,2,2,0,0,0,1,1,0,1
https://linkedin.com/products,27,12,1,1,2,0,0,0,0,0,0,0,0,0
http://paypa1.ga/signin-confirm.html?id=68209,47,8,0,1,7,0,1,1,0,0,3,1,0,1
http://secure.hdfcbank-support.cf/secure.php,43,26,0,4,0,0,1,3,0,0,4,1,0,1
https://www.microsoft.com/search?q=machine+learning,51,18,1,2,2,0,1,1,0,1,2,0,0,0
http://sbi-account-verify-cu4m-gy17axk0c0vwwt7nokv9ic.ga/account-verify/cu4m-gy17axk0c0vwwt7nokv9ic,97,50,0,1,15,6,0,2,0,0,0,1,0,1
http://is.gd/2051xz,20,5,0,3,6,2,0,1,0,1,0,0,0,1
http://bit.ly/2585xz,20,6,0,0,6,0,0,1,0,1,1,0,0,1
https://docs.w3schools.com/blog/2024/article,44,18,1,1,3,0,1,3,0,0,0,0,0,0
http://cutt.ly/8216xz,21,9,0,0,2,2,1,0,0,1,1,0,0,1
https://www.nytimes.com/home,28,15,1,1,0,0,0,2,0,0,1,0,0,0
https://www.hdfcbank.com/blog/2024/article,41,17,1,4,2,1,0,0,0,0,1,0,0,0
http://update.paypal-support.xyz/update.php,42,27,0,1,1,2,0,0,0,0,0,1,0,1
https://www.flipkart.com/blog/2024/article,42,14,1,3,4,2,0,3,0,1,0,0,0,0
https://www.wikipedia.org/blog/2024/article,41,19,1,1,2,0,0,3,0,0,0,0,0,0
https://www.nptel.ac.in/home,27,15,1,2,1,0,0,4,0,0,1,0,0,0
https://api-v2.reddit.com/session/2pw5uesdrb?ref=123&track=1,58,19,1,1,5,0,6,0,0,1,0,0,0,0
https://user-portal.linkedin.com/session/eaea84hxx?ref=962&track=1,66,24,1,3,8,3,5,1,0,0,1,0,0,1
https://nptel.ac.in,21,12,1,3,0,1,0,3,0,0,0,0,0,1
https://static-assets.nytimes.com/session/fx3030a67rl2yj097?ref=749&track=1,77,27,1,0,13,0,3,3,0,0,2,0,0,0
https://www.w3schools.com/course/aiml,38,17,1,0,0,1,1,0,0,0,2,0,0,1
https://www.amazon.com/search?q=machine+learning,47,14,1,4,0,0,2,0,0,0,0,0,0,0
https://www.icicibank.com/blog/2024/article,45,16,1,1,5,1,0,0,0,0,1,0,0,0
https://stackoverflow.com/course/aiml,35,19,1,3,1,0,0,1,0,0,0,0,0,0
https://en.linkedin.com/products,34,15,1,1,0,0,0,0,0,0,0,0,0,0
https://amazon-billing-update.top/billing-update,46,24,1,3,1,5,0,0,0,0,0,1,0,1
https://en.geeksforgeeks.org/user/profile,43,20,1,2,1,2,0,3,0,0,2,0,0,0
http://netflix-webscr-5frktd8hdp-jj48z4d3gnc4cji2.gq/webscr/5frktd8hdp-jj48z4d3gnc4cji2,89,43,0,0,15,2,0,1,0,0,3,1,0,1
http://paypa1.xyz/verify-confirm.html?id=63398,44,12,0,2,4,0,0,1,0,0,3,1,0,1
http://webscr.hdfcbank-secure.ga/webscr.php,42,24,0,3,0,1,2,1,0,0,1,1,0,1
https://icicibank-login.info/login,33,21,1,1,0,1,1,1,0,0,1,1,0,1
https://www.bbc.com/home,24,13,1,0,1,0,0,0,0,0,0,0,0,0
https://google.com/user/profile,32,12,1,1,0,1,2,1,0,0,2,0,0,0
https://www.irctc.co.in,21,17,1,1,0,1,2,2,0,0,0,0,0,0
http://ow.ly/9977xz,21,7,0,0,6,2,2,1,0,1,0,0,0,1
http://ow.ly/1433xz,18,5,0,0,2,0,2,2,0,1,0,0,0,1
http://is.gd/1586xz,21,5,0,0,2,0,0,0,0,1,0,0,0,1
https://www.geeksforgeeks.org/contact,39,22,1,0,0,0,1,3,0,0,1,0,0,0
http://amazon-confirm-password-jgatxpy0qv4p2-4y34cus61aw8i5vckv4.tk/confirm-password/jgatxpy0qv4p2-4y34cus61aw8i5vckv4,118,58,0,1,21,4,0,0,0,0,1,1,0,1
http://cutt.ly/6517xz,21,8,0,2,6,0,0,0,0,1,2,0,0,1
http://paypal-account-verify-pckwuejuvin849av3g.club/account-verify/pckwuejuvin849av3g,87,46,0,0,10,3,0,2,0,0,3,1,0,1
https://docs.microsoft.com/about,34,20,1,2,2,0,0,0,0,1,2,0,0,0
https://www.stackoverflow.com/blog/2024/article,45,20,1,0,5,2,2,0,0,0,1,0,0,0
https://amazon-bank-account.club/bank-account,44,22,1,0,0,1,1,0,0,0,4,1,0,1
https://www.python.org/contact,31,15,1,0,0,2,0,2,0,0,1,0,0,0
http://sbi-signin-opssvnuc4lr-cm2-auulpsehwzspnb.ga/signin/opssvnuc4lr-cm2-auulpsehwzspnb,89,43,0,0,5,5,2,2,0,0,1,1,0,1
http://secure.amazon-support.club/secure.php,45,28,0,1,0,0,0,1,0,0,0,1,0,1
https://paypal-secure.club/secure,35,19,1,0,0,0,2,0,0,0,1,1,0,1
https://www.geeksforgeeks.org/about,37,21,1,1,0,1,0,1,0,0,1,0,0,0
http://sbi-bank-account-eo-1d45j-y4nm4a.info/bank-account/eo-1d45j-y4nm4a,71,35,0,0,12,7,0,0,0,0,3,1,0,1
https://hdfcbank.com/course/aiml,31,10,1,2,0,0,2,0,0,0,3,0,0,0
https://en.nptel.ac.in/contact,29,15,1,5,1,2,0,0,0,0,0,0,0,0
https://www.flipkart.com/products,34,17,1,4,0,1,0,0,0,1,2,0,0,0
http://login.paypal-support.gq/login.php,39,25,0,5,0,0,0,2,0,0,3,1,0,1
https://en.hdfcbank.com/docs/api,31,15,1,2,0,2,2,0,0,0,0,0,0,1
https://static-assets.flipkart.com/session/v69eoxxc7hz36?ref=554&track=1,74,25,1,4,8,0,5,0,0,1,0,0,0,0
https://amazon-confirm-password.info/confirm-password,51,30,1,0,2,5,2,0,0,0,3,1,0,1
https://en.amazon.com/blog/2024/article,41,13,1,4,4,1,1,0,0,0,0,0,0,0
https://paypal-bank-account.club/bank-account,46,23,1,2,2,2,1,2,0,0,4,1,0,1
http://ow.ly/7052xz,20,4,0,3,4,0,0,0,0,1,0,0,0,1
https://www.geeksforgeeks.org/blog/2024/article,48,20,1,4,5,0,0,2,0,0,0,0,0,0
http://amaz0n.ga/verify-confirm.html?id=63003,44,11,0,0,8,3,2,2,0,0,1,1,0,1
http://paypa1.com/login-confirm.html?id=87264,44,12,0,4,7,3,2,0,0,0,0,0,0,1
http://login.icicibank-support.xyz/login.php,46,25,0,5,0,0,1,2,0,0,4,1,0,1
https://www.geeksforgeeks.org/contact,39,20,1,0,0,0,0,3,0,0,2,0,0,0
https://github.com/user/profile,29,11,1,2,2,0,2,2,0,0,0,0,0,0
http://bit.ly/9276xz,18,4,0,3,4,2,0,0,0,1,0,0,0,1
https://amazon-secure.com/secure,34,17,1,3,0,0,0,2,0,0,3,0,0,1
https://en.stackoverflow.com/products,37,20,1,4,0,0,0,2,0,0,0,0,0,0
https://user-portal.stackoverflow.com/session/m2z682u6zv3iu6l5?ref=868&track=1,78,28,1,2,13,0,5,1,0,0,0,0,0,0
https://docs.nptel.ac.in/search?q=machine+learning,50,14,1,3,2,1,3,3,0,0,2,0,0,0
https://docs.amazon.com/about,29,17,1,0,1,1,0,1,0,0,0,0,0,0
https://www.linkedin.com/home,28,16,1,1,1,2,0,3,0,0,0,0,0,0
https://docs.nytimes.com/contact,33,16,1,0,0,1,2,0,0,0,1,0,0,0
https://www.nytimes.com/blog/2024/article,39,16,1,4,6,0,2,2,0,0,2,0,0,0
https://google.com/docs/api,27,9,1,0,0,2,0,2,0,0,2,0,0,0
https://paypal-confirm-password.top/confirm-password,50,26,1,1,2,1,0,2,0,0,1,1,0,1
https://icicibank-bank-account.tk/bank-account,48,26,1,3,1,2,2,0,0,0,1,1,0,1
https://nptel.ac.in/blog/2024/article,39,11,1,0,3,0,2,3,0,0,1,0,0,0
https://netflix-webscr.gq/webscr,31,17,1,1,0,0,0,0,0,0,3,1,0,1
https://user-portal.nytimes.com/session/khqnzjnn?ref=516&track=1,64,22,1,4,3,0,3,2,0,0,0,0,0,1
https://www.github.com/products,31,14,1,0,0,0,0,0,0,0,2,0,0,0
http://paypa1.ga/signin-confirm.html?id=18037,43,11,0,1,8,2,2,1,0,0,3,1,0,0
http://webscr.paypal-secure.xyz/webscr.php,44,22,0,5,2,2,0,1,0,0,3,1,0,1
https://en.irctc.co.in/search?q=machine+learning,50,13,1,4,0,0,2,2,0,0,0,0,0,0
http://webscr.amazon-support.gq/webscr.php,40,23,0,5,2,0,2,0,0,0,3,1,0,0
https://paypal-update.tk/update,30,17,1,1,0,2,0,1,0,0,1,1,0,1
http://bank-account.paypal-support.tk/bank-account.php,55,28,0,3,1,2,0,1,0,0,4,1,0,1
https://api-v2.stackoverflow.com/session/n3dkvr5nbhgpbktma?ref=948&track=1,75,24,1,4,7,3,5,1,0,0,0,0,0,1
https://icicibank-update.info/update,35,19,1,1,2,0,0,0,0,0,0,1,0,1
https://amazon-account-verify.club/account-verify,48,27,1,2,2,4,0,0,0,0,0,1,0,0
https://wikipedia.org/contact,28,12,1,1,1,2,1,2,0,0,0,0,0,0
http://124.245.255.148/login/index.php?session=496616,53,13,0,2,17,0,4,3,1,0,3,0,0,1
https://paypal-signin.ga/signin,29,14,1,3,0,0,2,0,0,0,0,1,0,1
http://faceb00k.club/secure-confirm.html?id=73654,51,14,0,2,7,0,3,0,0,0,1,1,0,1
http://netflix-bank-account-5ogyebnih0mk9j1-34xvlcy8mn1i.work/bank-account/5ogyebnih0mk9j1-34xvlcy8mn1i,102,55,0,0,18,8,2,2,0,0,1,1,0,1
http://signin.amazon-support.xyz/signin.php,42,24,0,3,0,0,0,3,0,0,3,1,0,1
https://static-assets.flipkart.com/session/bypjdfaw1lxxd8t1?ref=868&track=1,73,28,1,1,6,0,2,1,0,1,0,0,0,0
http://netflix-bank-account-uf8z2gfrobia-ru4qc1pyiixm6190r.club/bank-account/uf8z2gfrobia-ru4qc1pyiixm6190r,105,56,0,3,15,8,2,0,0,0,2,1,0,1
http://account-verify.icicibank-secure.cf/account-verify.php,60,35,0,5,1,1,0,0,0,0,5,1,0,1
http://bank-account.microsoft-update.club/bank-account.php,57,36,0,1,0,4,2,3,0,0,5,1,0,1
https://www.python.org/products,33,13,1,1,0,0,0,3,0,0,1,0,0,0
https://www.stackoverflow.com/products,39,23,1,0,0,1,0,2,0,0,1,0,0,0
https://en.python.org/about,27,12,1,1,0,0,0,0,0,0,0,0,0,0
http://246.220.137.33/update/index.php?session=895258,52,16,0,3,18,1,1,0,1,0,1,0,0,1
https://netflix-confirm-password.work/confirm-password,56,28,1,2,0,3,0,0,0,0,0,1,0,1
https://bbc.com/blog/2024/article,31,5,1,0,6,0,0,2,0,0,0,0,0,0
https://en.linkedin.com,25,15,1,2,2,0,0,0,0,0,1,0,0,0
http://amazon-update-2l615k45evz-rj5wbisbhtp6ch.cf/update/2l615k45evz-rj5wbisbhtp6ch,86,44,0,3,17,3,0,0,0,0,0,1,0,1
https://icicibank-webscr.top/webscr,37,20,1,1,0,0,0,0,0,0,3,1,0,1
https://www.github.com/blog/2024/article,38,12,1,4,2,0,1,3,0,0,0,0,0,0
http://update.hdfcbank-secure.gq/update.php,44,26,0,4,2,1,1,2,0,0,5,1,0,1
https://www.hdfcbank.com/blog/2024/article,44,17,1,0,3,0,0,3,0,0,0,0,0,0
http://83.60.131.206/secure/index.php?session=853137,54,11,0,2,14,0,1,3,1,0,3,0,0,1
http://account-verify.microsoft-secure.top/account-verify.php,59,33,0,4,1,3,0,1,0,0,1,1,0,1
https://www.stackoverflow.com/home,34,19,1,1,0,0,0,2,0,0,1,0,0,0
https://en.geeksforgeeks.org/about,33,22,1,1,0,1,0,1,0,0,1,0,0,0
https://static-assets.geeksforgeeks.org/session/x37jw34670c?ref=473&track=1,75,29,1,3,10,3,6,2,0,0,0,0,0,0
https://www.stackoverflow.com/contact,35,22,1,4,1,0,1,2,0,0,0,0,0,0
http://netflix-verify-5xj766wa-7k0b6f.top/verify/5xj766wa-7k0b6f,66,32,0,2,16,5,0,1,0,0,0,1,0,1
http://tinyurl.com/9653xz,25,11,0,0,6,2,0,0,0,1,1,0,0,1
https://www.nytimes.com/products,33,17,1,2,2,0,1,1,0,0,1,0,0,0
https://www.sbi.co.in/home,25,12,1,5,0,0,0,2,0,0,1,0,0,0
https://en.nptel.ac.in/docs/api,30,16,1,3,1,1,1,0,0,0,0,0,0,0
https://irctc.co.in/blog/2024/article,35,11,1,0,3,0,0,1,0,0,2,0,0,0
http://micros0ft.cf/billing-update-confirm.html?id=21931,56,14,0,0,8,3,1,1,0,0,5,1,0,1
http://209.113.203.95/billing-update/index.php?session=817719,63,14,0,2,17,0,1,3,1,0,4,0,0,1
http://176.124.75.149/signin/index.php?session=870750,51,13,0,5,15,2,4,0,1,0,0,0,0,1
https://en.python.org/search?q=machine+learning,46,15,1,1,2,0,4,2,0,0,0,0,0,0
https://static-assets.w3schools.com/session/s8jltcbw6atvd1xeuq4s?ref=482&track=1,80,29,1,0,10,1,4,1,0,0,0,0,0,0
http://t.co/8501xz,17,6,0,3,5,1,0,0,0,1,1,0,0,1
http://t.co/7063xz,16,4,0,1,4,2,2,0,0,1,0,0,0,1
https://www.geeksforgeeks.org/home,33,20,1,2,0,1,1,3,0,0,0,0,0,0
http://173.101.31.12/account-verify/index.php?session=840871,58,11,0,4,18,0,1,0,1,0,3,0,0,1
https://www.reddit.com/docs/api,29,13,1,3,2,0,1,0,0,1,0,0,0,0
http://paypal-secure-ahicatjk0oieatv2-ee3a95o1.xyz/secure/ahicatjk0oieatv2-ee3a95o1,82,42,0,0,13,6,2,0,0,0,2,1,0,1
https://icicibank-login.work/login,34,18,1,1,2,0,0,0,0,0,1,1,0,1
https://en.linkedin.com/contact,30,14,1,1,0,1,1,1,0,0,0,0,0,0
https://api-v2.flipkart.com/session/d56r7wyqhr?ref=926&track=1,63,20,1,4,8,0,3,0,0,1,0,0,0,0
https://www.flipkart.com/docs/api,33,17,1,2,0,0,0,3,0,1,0,0,0,0
http://micros0ft.xyz/confirm-password-confirm.html?id=89788,61,12,0,4,5,4,3,2,0,0,3,1,0,1
http://66.34.121.93/update/index.php?session=805371,50,11,0,3,16,2,4,1,1,0,0,0,0,1
https://en.geeksforgeeks.org/contact,35,21,1,1,2,1,1,1,0,0,0,0,0,0
https://en.irctc.co.in/course/aiml,32,15,1,5,0,1,0,2,0,0,0,0,0,0
https://docs.w3schools.com/search?q=machine+learning,52,20,1,2,0,0,0,1,0,0,2,0,0,0
https://mit.edu/search?q=machine+learning,43,7,1,0,0,0,3,0,0,0,1,0,0,0
https://api-v2.google.com/session/vxsogb205hu03y5?ref=469&track=1,65,16,1,1,9,3,5,1,0,0,0,0,0,0
http://170.67.227.63/login/index.php?session=397252,51,15,0,4,14,0,2,2,1,0,3,0,0,1
http://t.co/5540xz,17,5,0,1,4,0,0,0,0,1,0,0,0,1
https://www.google.com/user/profile,37,16,1,0,2,0,2,2,0,0,0,0,0,0
http://202.208.22.36/billing-update/index.php?session=144765,62,14,0,4,16,3,4,2,1,0,2,0,0,1
http://update.icicibank-update.club/update.php,47,28,0,5,1,0,0,2,0,0,3,1,0,1
http://133.71.151.206/billing-update/index.php?session=441166,63,12,0,6,17,2,3,0,1,0,0,0,0,1
http://171.77.70.13/update/index.php?session=892388,49,11,0,2,13,0,1,2,1,0,3,0,0,1
https://www.github.com,22,12,1,1,2,1,1,3,0,0,2,0,0,0
https://en.github.com/products,30,14,1,2,0,0,0,1,0,0,1,0,0,0
http://tinyurl.com/6907xz,23,12,0,0,2,1,0,0,0,1,0,0,0,1
http://amazon-webscr-f7opiwoxj1au2army7z8wcrnfzkdl2my.xyz/webscr/f7opiwoxj1au2army7z8wcrnfzkdl2my,98,51,0,0,13,1,0,1,0,0,1,1,0,1
https://en.google.com/about,27,12,1,4,0,1,0,1,0,0,0,0,0,0
http://43.181.28.17/update/index.php?session=372020,49,12,0,6,14,0,4,2,1,0,3,0,0,1
https://www.python.org/course/aiml,35,16,1,0,2,0,0,2,0,0,0,0,0,0
https://docs.microsoft.com/course/aiml,37,17,1,1,0,1,1,0,0,1,0,0,0,0
http://gooogle.gq/verify-confirm.html?id=45740,47,10,0,4,5,1,2,0,0,0,4,1,0,1
http://tinyurl.com/4121xz,23,10,0,1,2,0,2,0,0,1,2,0,0,1
https://netflix-bank-account.cf/bank-account,45,24,1,1,0,5,0,2,0,0,1,1,0,1
http://is.gd/1031xz,17,7,0,1,4,0,0,1,0,1,0,0,0,1
http://bit.ly/5451xz,19,6,0,0,3,2,0,0,0,1,2,0,0,1
https://docs.icicibank.com/search?q=machine+learning,54,18,1,4,0,0,0,2,0,0,3,0,0,0
https://nptel.ac.in/about,26,11,1,3,2,0,0,2,0,0,1,0,0,0
https://www.wikipedia.org/products,34,16,1,1,1,1,0,0,0,0,0,0,0,0
http://amazon-account-verify-3y7mpd7d9e311i30rhw.ml/account-verify/3y7mpd7d9e311i30rhw,84,46,0,3,16,3,2,0,0,0,2,1,0,1
http://login.hdfcbank-support.work/login.php,46,27,0,2,0,2,0,3,0,0,4,1,0,1
https://icicibank-secure.ml/secure,35,18,1,0,0,3,0,0,0,0,0,1,0,1
http://242.144.165.179/signin/index.php?session=790638,52,16,0,6,16,0,1,1,1,0,3,0,0,1
https://www.nytimes.com/course/aiml,36,15,1,4,2,0,1,0,0,0,1,0,0,0
https://www.bbc.com/docs/api,29,11,1,1,0,0,0,0,0,0,2,0,0,0
https://www.irctc.co.in/docs/api,31,14,1,3,0,1,2,4,0,0,2,0,0,0
https://docs.nytimes.com/about,29,16,1,1,1,1,0,0,0,0,0,0,0,0
https://www.python.org/home,26,13,1,3,0,2,0,1,0,0,0,0,0,0
https://www.flipkart.com/docs/api,35,18,1,4,0,0,1,3,0,1,0,0,0,0
https://www.linkedin.com/search?q=machine+learning,49,15,1,4,0,1,0,0,0,0,1,0,0,0
http://124.79.171.209/signin/index.php?session=568129,52,12,0,6,15,0,2,3,1,0,3,0,0,1
http://micros0ft.ga/webscr-confirm.html?id=67413,47,10,0,3,4,0,2,1,0,0,1,1,0,1
https://api-v2.microsoft.com/session/s8q0pxaecxvgfop8qzj?ref=826&track=1,73,18,1,4,6,3,4,2,0,1,2,0,0,0
http://is.gd/6920xz,19,6,0,0,2,0,0,1,0,1,0,0,0,1
http://24.114.4.120/login/index.php?session=584202,52,10,0,3,14,0,0,1,1,0,2,0,0,1
https://www.google.com,21,14,1,4,0,0,0,0,0,0,2,0,0,0
https://www.icicibank.com/docs/api,36,17,1,0,0,2,0,0,0,0,1,0,0,0
https://www.google.com,21,16,1,4,1,0,1,0,0,0,1,0,0,0
https://en.nptel.ac.in/search?q=machine+learning,49,13,1,5,2,0,3,1,0,0,1,0,0,0
https://sbi.co.in/products,28,11,1,4,1,0,0,3,0,0,0,0,0,0
https://www.geeksforgeeks.org/docs/api,38,19,1,4,0,0,1,1,0,0,0,0,0,0
http://verify.amazon-support.xyz/verify.php,41,23,0,4,0,1,1,0,0,0,1,1,0,1
https://www.github.com,22,12,1,0,2,1,2,3,0,0,0,0,0,0
https://www.mit.edu/home,22,10,1,2,2,0,0,3,0,0,0,0,0,0
https://en.amazon.com/search?q=machine+learning,45,15,1,2,0,0,4,1,0,0,0,0,0,0
https://www.linkedin.com/user/profile,35,15,1,0,0,0,0,2,0,0,1,0,0,0
https://api-v2.nytimes.com/session/o0ipfg8pjvrn8lpy857?ref=586&track=1,71,20,1,1,11,1,5,0,0,0,0,0,0,0
http://bank-account.amazon-support.ml/bank-account.php,53,30,0,4,2,5,0,3,0,0,3,1,0,1
https://static-assets.hdfcbank.com/session/pgsf3yn72b?ref=413&track=1,67,26,1,0,6,0,2,2,0,0,0,0,0,0
https://user-portal.reddit.com/session/kb9oi0d4dmc?ref=537&track=1,66,23,1,0,6,0,6,3,0,1,1,0,0,0
https://www.microsoft.com/about,32,18,1,1,2,0,0,3,0,1,0,0,0,0
https://docs.sbi.co.in/blog/2024/article,41,16,1,2,2,0,0,0,0,0,0,0,0,0
http://verify.hdfcbank-secure.ga/verify.php,44,27,0,3,2,0,1,0,0,0,3,1,0,1
https://www.linkedin.com/home,30,16,1,0,2,0,2,2,0,0,2,0,0,0
http://verify.hdfcbank-secure.work/verify.php,45,27,0,5,1,2,0,3,0,0,5,1,0,1
https://docs.bbc.com/home,26,14,1,4,2,0,1,1,0,0,2,0,0,0
https://netflix-login.cf/login,30,18,1,0,1,0,0,2,0,0,1,1,0,1
https://docs.geeksforgeeks.org/home,36,21,1,3,1,0,0,3,0,0,1,0,0,0
https://www.microsoft.com/home,32,17,1,2,0,0,0,3,0,1,1,0,0,0
https://netflix-account-verify.ga/account-verify,48,25,1,3,0,5,1,0,0,0,1,1,0,1
https://www.linkedin.com/docs/api,34,14,1,1,0,0,0,0,0,0,1,0,0,0
http://billing-update.microsoft-update.ml/billing-update.php,60,34,0,4,2,3,0,2,0,0,0,1,0,1
https://icicibank-webscr.ml/webscr,35,19,1,2,0,0,2,0,0,0,4,1,0,1
http://190.103.196.213/secure/index.php?session=401223,54,15,0,3,18,0,0,4,1,0,2,0,0,1
http://180.213.221.231/secure/index.php?session=625880,55,17,0,2,20,0,3,1,1,0,0,0,0,1
http://cutt.ly/3885xz,23,8,0,3,5,0,2,2,0,1,0,0,0,1
http://16.105.247.125/login/index.php?session=598053,53,15,0,4,17,0,1,4,1,0,3,0,0,1
http://paypal-update-co3k4ayiuleuf6c2gyskov0yolkrnjcg.ml/update/co3k4ayiuleuf6c2gyskov0yolkrnjcg,95,51,0,0,8,4,0,1,0,0,0,1,0,1
https://user-portal.stackoverflow.com/session/y8gy39bu?ref=672&track=1,68,28,1,4,5,0,3,2,0,0,2,0,0,0
http://login.hdfcbank-support.top/login.php,43,28,0,3,0,0,1,1,0,0,3,1,0,1
https://www.geeksforgeeks.org/products,39,19,1,3,1,1,2,1,0,0,0,0,0,0
https://www.reddit.com/home,27,14,1,4,0,0,0,0,0,1,0,0,0,0
https://amazon-signin.top/signin,32,16,1,2,0,1,1,1,0,0,3,1,0,1
http://amazon-billing-update-j-whrcojbqt0qcu27dlpmwno-j1s7yh8abm.ml/billing-update/j-whrcojbqt0qcu27dlpmwno-j1s7yh8abm,120,60,0,3,14,10,1,0,0,0,3,1,0,1
https://paypal-signin.ga/signin,33,18,1,3,2,0,2,0,0,0,3,1,0,1
https://icicibank-update.top/update,36,19,1,0,0,1,0,0,0,0,1,1,0,1
https://icicibank-billing-update.ga/billing-update,51,28,1,0,1,2,1,2,0,0,1,1,0,1
https://netflix-account-verify.cf/account-verify,47,25,1,0,0,5,0,0,0,0,4,1,0,1
https://www.nytimes.com/docs/api,33,13,1,1,2,0,0,2,0,0,2,0,0,0
http://tinyurl.com/7079xz,24,12,0,2,5,1,0,0,0,1,2,0,0,1
http://158.115.217.6/verify/index.php?session=578150,54,11,0,5,16,0,0,4,1,0,0,0,0,1
http://bank-account.amazon-secure.tk/bank-account.php,55,28,0,1,2,2,0,3,0,0,4,1,0,1
https://www.hdfcbank.com/about,32,15,1,1,0,0,2,1,0,0,0,0,0,0
http://26.63.63.72/signin/index.php?session=394527,51,11,0,6,15,1,0,2,1,0,0,0,0,1
http://tinyurl.com/3622xz,23,10,0,1,5,2,1,0,0,1,0,0,0,1
https://static-assets.hdfcbank.com/session/tia41ss2bka?ref=134&track=1,68,28,1,3,7,0,5,3,0,0,0,0,0,0
http://paypal-update-amxkpiwvju5fuli3.info/update/amxkpiwvju5fuli3,68,35,0,2,2,2,1,2,0,0,2,1,0,1
https://en.sbi.co.in/blog/2024/article,38,11,1,2,6,0,2,3,0,0,0,0,0,0
http://t.co/5407xz,19,3,0,0,3,1,0,1,0,1,0,0,0,1
https://www.flipkart.com/docs/api,35,17,1,2,0,0,0,0,0,1,0,0,0,0
https://geeksforgeeks.org/products,35,19,1,0,0,1,0,2,0,0,0,0,0,0
https://www.stackoverflow.com/about,36,22,1,1,0,2,1,1,0,0,2,0,0,0
https://docs.wikipedia.org/about,30,17,1,4,2,2,2,3,0,0,1,0,0,0
http://micros0ft.cf/secure-confirm.html?id=40432,47,11,0,0,4,0,4,2,0,0,4,1,0,1
http://paypa1.info/secure-confirm.html?id=17604,45,9,0,2,7,2,0,0,0,0,0,1,0,1
https://www.hdfcbank.com/contact,33,17,1,1,2,0,0,2,0,0,0,0,0,0
https://docs.mit.edu/search?q=machine+learning,45,13,1,3,0,0,3,0,0,0,0,0,0,0
https://github.com/user/profile,29,8,1,0,0,0,0,0,0,0,1,0,0,0
https://docs.sbi.co.in/home,25,15,1,3,1,0,0,0,0,0,0,0,0,0
http://paypal-confirm-password-dpfubaqx27pen-nnc9zci09p3lbt.cf/confirm-password/dpfubaqx27pen-nnc9zci09p3lbt,107,55,0,0,13,7,0,0,0,0,3,1,0,1
https://static-assets.bbc.com/session/752e77dy?ref=202&track=1,62,23,1,2,10,2,5,1,0,0,0,0,0,1
http://webscr.paypal-support.cf/webscr.php,43,22,0,3,2,1,0,3,0,0,1,1,0,1
http://65.24.46.205/account-verify/index.php?session=752356,61,10,0,4,15,0,4,4,1,0,4,0,0,0
https://en.mit.edu/contact,24,9,1,1,0,2,2,3,0,0,0,0,0,0
https://www.geeksforgeeks.org/search?q=machine+learning,56,21,1,2,0,0,4,1,0,0,2,0,0,0
http://13.233.207.196/bank-account/index.php?session=93722,60,15,0,2,18,1,4,2,1,0,4,0,0,1
https://docs.stackoverflow.com/course/aiml,44,20,1,3,0,1,2,2,0,0,0,0,0,0
http://t.co/4938xz,17,6,0,2,6,2,2,0,0,1,1,0,0,1
http://137.139.4.39/webscr/index.php?session=411771,51,14,0,3,14,2,4,4,1,0,1,0,0,1
https://docs.icicibank.com/search?q=machine+learning,51,18,1,3,0,0,1,1,0,0,0,0,0,0
https://docs.flipkart.com/products,35,18,1,1,1,0,0,2,0,1,0,0,0,0
https://linkedin.com/docs/api,27,10,1,3,1,1,1,1,0,0,2,0,0,0
http://14.240.154.251/webscr/index.php?session=164657,54,16,0,3,19,0,3,1,1,0,0,0,0,1
https://www.wikipedia.org/home,29,17,1,3,0,1,1,0,0,0,0,0,0,0
https://www.amazon.com/course/aiml,36,12,1,1,0,0,1,1,0,0,2,0,0,0
http://t.co/6857xz,20,3,0,0,4,0,0,0,0,1,2,0,0,1
http://179.119.246.243/account-verify/index.php?session=340035,62,17,0,3,20,0,0,3,1,0,3,0,0,1
https://www.irctc.co.in/home,27,16,1,4,0,2,1,2,0,0,1,0,0,0
https://en.linkedin.com/products,31,14,1,3,0,0,2,1,0,0,2,0,0,0
https://docs.google.com/user/profile,38,13,1,0,0,0,0,3,0,0,1,0,0,0
https://docs.wikipedia.org/blog/2024/article,43,17,1,4,4,0,0,0,0,0,0,0,0,0
http://account-verify.icicibank-secure.top/account-verify.php,63,37,0,4,0,4,0,1,0,0,3,1,0,1
https://www.linkedin.com/search?q=machine+learning,52,15,1,3,0,0,4,0,0,0,2,0,0,0
https://user-portal.nptel.ac.in/session/om62hdxc6rijk?ref=438&track=1,68,24,1,5,6,0,4,3,0,0,2,0,0,0
http://83.5.105.38/verify/index.php?session=717512,49,12,0,2,15,0,1,4,1,0,3,0,0,1
http://netflix-secure-m-iilaof5phjcj6doh6-g6.club/secure/m-iilaof5phjcj6doh6-g6,77,44,0,2,9,7,0,1,0,0,1,1,0,1
https://www.microsoft.com/home,31,19,1,4,2,0,2,0,0,1,0,0,0,0
http://tinyurl.com/1777xz,26,11,0,0,5,0,0,2,0,1,0,0,0,1
https://www.linkedin.com/contact,33,16,1,0,2,1,0,3,0,0,0,0,0,0
https://amazon-update.work/update,31,19,1,2,2,1,0,0,0,0,0,1,0,1
http://sbi-account-verify-gb6or7m183hvn9fiuo0abdj.gq/account-verify/gb6or7m183hvn9fiuo0abdj,89,47,0,2,14,4,2,0,0,0,1,1,0,1
http://secure.microsoft-secure.xyz/secure.php,43,26,0,5,0,1,0,0,0,0,0,1,0,1
https://docs.reddit.com/search?q=machine+learning,47,15,1,0,0,1,2,3,0,1,0,0,0,0
https://stackoverflow.com/home,31,15,1,0,0,0,0,2,0,0,0,0,0,0
http://faceb00k.work/webscr-confirm.html?id=86747,49,15,0,0,9,1,0,0,0,0,3,1,0,1
http://is.gd/7071xz,20,4,0,2,5,0,0,0,0,1,0,0,0,1
https://stackoverflow.com/home,28,17,1,0,1,2,0,1,0,0,0,0,0,0
https://icicibank-signin.club/signin,34,22,1,2,0,1,0,1,0,0,3,1,0,1
http://netflix-confirm-password-rbx788lrc7g1iav7yh-m.xyz/confirm-password/rbx788lrc7g1iav7yh-m,96,47,0,0,11,4,2,1,0,0,0,1,0,1
https://www.github.com/contact,32,15,1,2,0,1,0,0,0,0,1,0,0,0
http://amaz0n.com/confirm-password-confirm.html?id=90981,58,8,0,1,7,3,0,0,0,0,1,0,0,1
https://user-portal.amazon.com/session/eyylh9p1ear?ref=143&track=1,65,21,1,4,7,2,3,0,0,0,0,0,0,0
http://micros0ft.tk/update-confirm.html?id=11500,48,14,0,0,4,3,2,0,0,0,2,1,0,1
https://en.nptel.ac.in/search?q=machine+learning,48,16,1,3,0,1,4,2,0,0,0,0,0,0
http://165.216.217.139/webscr/index.php?session=393284,56,15,0,3,18,2,3,1,1,0,2,0,0,1
https://en.bbc.com/search?q=machine+learning,46,10,1,1,0,0,0,2,0,0,0,0,0,0
https://www.google.com/course/aiml,36,14,1,0,0,0,0,3,0,0,0,0,0,0
http://ow.ly/2320xz,17,4,0,1,2,0,0,1,0,1,0,0,0,1
http://micros0ft.info/account-verify-confirm.html?id=31879,60,14,0,0,5,3,4,2,0,0,4,1,0,1
https://amazon-account-verify.tk/account-verify,46,22,1,0,0,2,0,0,0,0,0,1,0,1
https://api-v2.wikipedia.org/session/70fe07s387j5ie?ref=437&track=1,69,19,1,2,14,0,3,3,0,0,0,0,0,0
http://billing-update.paypal-update.work/billing-update.php,58,35,0,2,0,2,0,1,0,0,4,1,0,1
https://icicibank.com/contact,30,13,1,0,0,0,1,0,0,0,2,0,0,0
https://www.bbc.com,17,9,1,1,0,0,0,1,0,0,0,0,0,0
http://paypa1.club/account-verify-confirm.html?id=61439,53,13,0,0,5,0,0,2,0,0,1,1,0,1
https://www.irctc.co.in/products,33,17,1,3,0,1,2,0,0,0,0,0,0,0
https://docs.python.org/home,26,17,1,1,0,1,1,3,0,0,2,0,0,0
http://98.104.27.34/verify/index.php?session=958649,52,11,0,4,16,0,3,3,1,0,0,0,0,1
https://www.geeksforgeeks.org/user/profile,44,19,1,4,2,0,0,0,0,0,0,0,0,0
http://netflix-secure-jthl-7equ7aar28rr.tk/secure/jthl-7equ7aar28rr,67,33,0,0,10,4,2,0,0,0,2,1,0,1
https://www.bbc.com/about,26,10,1,4,0,2,2,3,0,0,0,0,0,0
http://13.13.224.51/webscr/index.php?session=143537,49,12,0,5,14,0,2,1,1,0,2,0,0,1
https://www.python.org/blog/2024/article,41,13,1,1,5,0,0,0,0,0,0,0,0,0
http://t.co/9447xz,16,6,0,2,4,0,2,2,0,1,2,0,0,1
http://secure.microsoft-secure.cf/secure.php,44,28,0,3,0,0,0,3,0,0,0,1,0,1
http://sbi-login-ubobwgslxd4x3lb7jy6r2.tk/login/ubobwgslxd4x3lb7jy6r2,71,35,0,0,11,2,2,2,0,0,1,1,0,1
http://220.85.9.6/bank-account/index.php?session=427462,57,10,0,5,12,0,4,1,1,0,4,0,0,1
https://docs.github.com/contact,29,14,1,0,1,0,0,2,0,0,0,0,0,0
http://secure.microsoft-support.info/secure.php,45,29,0,3,1,3,0,0,0,0,0,1,0,1
http://gooogle.xyz/billing-update-confirm.html?id=92937,56,11,0,2,6,2,2,2,0,0,2,1,0,1
https://en.icicibank.com/course/aiml,34,16,1,0,0,1,2,0,0,0,1,0,0,0
https://docs.hdfcbank.com/about,33,19,1,2,1,0,1,2,0,0,3,0,0,0
http://netflix-secure-hqgpyaiqvsz3o44b3-y07v.tk/secure/hqgpyaiqvsz3o44b3-y07v,76,40,0,0,11,6,0,0,0,0,1,1,0,1
http://56.207.209.45/billing-update/index.php?session=742936,58,12,0,4,17,2,1,0,1,0,2,0,0,1
https://nytimes.com/search?q=machine+learning,43,10,1,0,2,2,3,0,0,0,0,0,0,1
https://www.irctc.co.in,23,13,1,3,0,1,2,2,0,0,1,0,0,0
http://bit.ly/6129xz,19,5,0,0,2,0,0,2,0,1,2,0,0,1
http://13.97.191.240/bank-account/index.php?session=719894,56,12,0,5,14,3,4,1,1,0,3,0,0,1
http://amazon-verify-pjahylq1s6smjqc0b4tfgho4qhcg8.info/verify/pjahylq1s6smjqc0b4tfgho4qhcg8,92,48,0,2,14,1,0,1,0,0,1,1,0,1
https://cdn.nytimes.com/session/dnx80nkxkb?ref=409&track=1,57,17,1,0,8,1,4,0,0,0,0,0,0,0
http://is.gd/1526xz,21,3,0,0,3,2,0,0,0,1,0,0,0,1
https://user-portal.nytimes.com/session/b66h3rem5puu62?ref=954&track=1,71,22,1,2,10,2,3,3,0,0,0,0,0,0
http://gooogle.tk/account-verify-confirm.html?id=44528,53,9,0,2,4,1,0,0,0,0,4,1,0,1
http://tinyurl.com/3154xz,23,10,0,0,2,1,0,0,0,1,0,0,0,1
https://www.linkedin.com/user/profile,37,18,1,0,0,1,0,3,0,0,0,0,0,0
http://bit.ly/5952xz,21,6,0,2,4,0,2,0,0,1,2,0,0,1
https://www.geeksforgeeks.org/products,39,22,1,3,0,0,1,0,0,0,2,0,0,0
https://api-v2.reddit.com/session/mpv5lmq15fbs4w?ref=653&track=1,64,18,1,4,7,3,5,3,0,1,2,0,0,0
https://www.github.com/search?q=machine+learning,48,14,1,1,1,1,4,1,0,0,0,0,0,0
http://login.hdfcbank-update.cf/login.php,42,24,0,4,1,0,0,1,0,0,2,1,0,1
http://netflix-webscr-k51iv9ukhvlvstfhak8uj3gxd9vb1w.gq/webscr/k51iv9ukhvlvstfhak8uj3gxd9vb1w,93,50,0,0,14,2,0,2,0,0,1,1,0,1
http://cutt.ly/3912xz,19,6,0,1,3,1,1,1,0,1,2,0,0,1
https://docs.geeksforgeeks.org/contact,38,20,1,0,0,0,2,1,0,0,0,0,0,0
http://cutt.ly/2812xz,19,6,0,3,4,0,0,0,0,1,0,0,0,1
http://67.139.12.108/login/index.php?session=498347,50,12,0,4,18,0,0,1,1,0,1,0,0,1
https://www.wikipedia.org/docs/api,33,15,1,0,0,2,0,2,0,0,2,0,0,0
https://docs.bbc.com/blog/2024/article,38,14,1,1,5,0,0,0,0,0,0,0,0,0
http://account-verify.microsoft-update.top/account-verify.php,60,35,0,5,0,1,0,1,0,0,4,1,0,1
http://sbi-signin-ikshsdgkov4o908-ok44a.work/signin/ikshsdgkov4o908-ok44a,72,36,0,0,11,3,0,0,0,0,0,1,0,1
http://confirm-password.paypal-support.tk/confirm-password.php,63,33,0,1,1,1,0,0,0,0,3,1,0,1
http://sbi-signin-rzy8x6pw1ql4gfyz2jxcdkm0qb3zn7-i8-2.gq/signin/rzy8x6pw1ql4gfyz2jxcdkm0qb3zn7-i8-2,99,49,0,1,22,6,1,2,0,0,0,1,0,1
http://goo.gl/1697xz,20,7,0,3,5,1,1,0,0,1,0,0,0,1
http://netflix-webscr-1de8fds867tsy93u.gq/webscr/1de8fds867tsy93u,66,33,0,0,16,1,0,0,0,0,3,1,0,1
https://www.google.com/contact,31,15,1,4,0,2,1,1,0,0,0,0,0,0
https://en.bbc.com/products,25,9,1,3,1,0,1,2,0,0,1,0,0,0
https://docs.wikipedia.org/search?q=machine+learning,50,17,1,4,2,0,3,0,0,0,2,0,0,0
https://netflix-account-verify.info/account-verify,51,28,1,0,2,5,0,0,0,0,0,1,0,1
https://icicibank-confirm-password.com/confirm-password,56,32,1,3,0,2,1,0,0,0,5,0,0,1
https://linkedin.com/about,26,13,1,2,1,0,1,2,0,0,1,0,0,0
https://wikipedia.org/contact,27,13,1,0,0,0,1,2,0,0,0,0,0,0
https://api-v2.mit.edu/session/mgoloqc3x?ref=144&track=1,54,14,1,2,5,3,4,0,0,0,0,0,0,0
http://paypal-account-verify-nd84lq73umlp1sbny15t9ushcvjlc2l.ml/account-verify/nd84lq73umlp1sbny15t9ushcvjlc2l,109,58,0,1,19,6,1,0,0,0,3,1,0,1
http://paypa1.cf/signin-confirm.html?id=56835,46,7,0,2,5,3,0,2,0,0,3,1,0,1
https://www.irctc.co.in/contact,33,16,1,5,1,0,0,1,0,0,0,0,0,0
http://confirm-password.microsoft-secure.ga/confirm-password.php,62,37,0,4,2,3,0,1,0,0,3,1,0,1
http://update.microsoft-secure.gq/update.php,42,28,0,4,0,3,0,2,0,0,2,1,0,1
https://www.mit.edu/search?q=machine+learning,46,11,1,4,0,2,3,3,0,0,0,0,0,0
https://www.flipkart.com/course/aiml,35,18,1,4,0,1,0,0,0,1,0,0,0,0
https://docs.hdfcbank.com/contact,33,15,1,1,0,0,0,2,0,0,3,0,0,0
http://156.198.191.173/verify/index.php?session=94571,53,17,0,5,15,0,4,3,1,0,1,0,0,1
http://58.212.222.27/update/index.php?session=82452,53,12,0,5,15,0,1,0,1,0,0,0,0,1
http://netflix-verify-4b6ud7gka0u3r9bgj6h2hog9e.club/verify/4b6ud7gka0u3r9bgj6h2hog9e,87,47,0,1,20,2,0,2,0,0,2,1,0,1
https://amazon-billing-update.info/billing-update,48,24,1,0,1,2,0,1,0,0,4,1,0,1
https://docs.github.com/products,33,15,1,4,2,2,0,2,0,0,0,0,0,0
http://billing-update.amazon-support.gq/billing-update.php,57,34,0,3,0,2,2,3,0,0,1,1,0,0
https://www.github.com/about,26,13,1,1,1,0,0,3,0,0,1,0,0,0
https://netflix-account-verify.gq/account-verify,48,25,1,3,0,2,0,0,0,0,4,1,0,1
http://2.94.94.144/confirm-password/index.php?session=673225,60,9,0,6,15,1,3,2,1,0,1,0,0,1
https://mit.edu/about,23,6,1,0,2,2,2,1,0,0,0,0,0,0
https://geeksforgeeks.org/search?q=machine+learning,52,15,1,0,0,1,3,2,0,0,0,0,0,0
https://en.bbc.com/blog/2024/article,38,8,1,2,6,2,0,0,0,0,0,0,0,0
https://docs.microsoft.com,28,19,1,3,0,0,0,0,0,1,0,0,0,0
https://www.reddit.com/home,27,15,1,1,2,0,2,1,0,1,0,0,0,0
https://docs.flipkart.com,26,19,1,3,1,0,0,1,0,1,0,0,0,0
http://76.52.32.176/webscr/index.php?session=414392,49,14,0,3,13,0,0,4,1,0,2,0,0,1
https://en.microsoft.com/contact,33,17,1,2,0,0,0,0,0,1,0,0,0,0
http://199.175.7.210/webscr/index.php?session=222371,54,13,0,5,16,1,0,4,1,0,1,0,0,1
https://www.flipkart.com/contact,31,18,1,2,0,2,0,0,0,1,0,0,0,0
http://confirm-password.paypal-secure.tk/confirm-password.php,62,35,0,2,1,2,1,0,0,0,4,1,0,1
http://is.gd/9119xz,17,7,0,3,3,0,2,1,0,1,1,0,0,1
https://www.nytimes.com/blog/2024/article,41,14,1,2,5,1,2,3,0,0,0,0,0,0
https://en.icicibank.com/course/aiml,38,16,1,3,0,1,0,0,0,0,0,0,0,0
https://amazon-webscr.xyz/webscr,32,18,1,0,1,0,0,0,0,0,3,1,0,1
http://goo.gl/7541xz,21,8,0,2,3,0,1,0,0,1,0,0,0,1
https://irctc.co.in,20,10,1,3,0,1,0,3,0,0,0,0,0,0
https://amazon-webscr.gq/webscr,31,16,1,0,0,3,1,0,0,0,0,1,0,1
https://en.reddit.com/user/profile,33,12,1,3,0,0,2,2,0,1,0,0,0,0
https://www.w3schools.com/home,29,18,1,2,0,0,0,1,0,0,2,0,0,0
http://gooogle.gq/webscr-confirm.html?id=43695,47,12,0,0,4,2,4,1,0,0,4,1,0,1
https://www.microsoft.com/contact,35,16,1,3,0,0,2,0,0,1,0,0,0,0
https://www.github.com/home,25,16,1,1,1,0,0,2,0,0,2,0,0,0
https://docs.microsoft.com/products,36,17,1,3,0,0,0,3,0,1,1,0,0,0
https://microsoft.com/blog/2024/article,37,12,1,2,4,1,0,0,0,1,0,0,0,1
http://23.110.251.185/signin/index.php?session=281670,52,12,0,4,16,0,0,0,1,0,2,0,0,1
https://static-assets.mit.edu/session/k8c3fz47i07140k?ref=122&track=1,67,20,1,3,12,0,2,1,0,0,0,0,0,0
https://paypal-billing-update.cf/billing-update,45,23,1,0,0,2,2,0,0,0,1,1,0,1
http://faceb00k.info/update-confirm.html?id=96686,48,12,0,0,6,1,3,0,0,0,4,1,0,1
https://docs.irctc.co.in/course/aiml,34,16,1,5,0,0,0,4,0,0,0,0,0,0
https://geeksforgeeks.org/user/profile,40,18,1,2,0,0,0,0,0,0,1,0,0,0
https://www.sbi.co.in/contact,31,15,1,5,0,2,1,3,0,0,2,0,0,0
http://faceb00k.xyz/webscr-confirm.html?id=57514,49,13,0,2,6,3,3,0,0,0,3,1,0,1
http://ow.ly/4777xz,20,5,0,3,5,0,2,2,0,1,0,0,0,1
https://www.irctc.co.in/contact,31,17,1,4,0,0,1,0,0,0,0,0,0,0
https://irctc.co.in/user/profile,31,9,1,0,0,0,0,3,0,0,0,0,0,0
http://cutt.ly/1324xz,21,9,0,0,6,1,1,0,0,1,2,0,0,1
http://ow.ly/5537xz,20,5,0,2,3,0,0,0,0,1,2,0,0,1
http://micros0ft.cf/billing-update-confirm.html?id=42123,54,11,0,1,5,2,3,0,0,0,2,1,0,1
http://is.gd/2347xz,18,7,0,1,2,0,2,0,0,1,0,0,0,1
https://irctc.co.in/search?q=machine+learning,44,11,1,3,2,2,4,2,0,0,0,0,0,0
http://sbi-billing-update-g88q-vkuhbp-wroeg.tk/billing-update/g88q-vkuhbp-wroeg,78,39,0,2,2,7,0,1,0,0,2,1,0,1
http://cutt.ly/8434xz,21,9,0,0,2,0,2,0,0,1,2,0,0,1
https://www.bbc.com/blog/2024/article,38,9,1,0,2,1,1,1,0,0,1,0,0,0
https://cdn.amazon.com/session/7rln36v1mz?ref=862&track=1,57,16,1,1,7,1,2,1,0,0,0,0,0,0
http://confirm-password.microsoft-support.info/confirm-password.php,66,40,0,3,2,1,0,0,0,0,3,1,0,1
https://docs.icicibank.com,27,19,1,2,2,2,0,2,0,0,2,0,0,0
https://www.python.org,20,14,1,2,0,0,0,2,0,0,2,0,0,0
https://paypal-billing-update.ml/billing-update,46,24,1,3,0,5,0,1,0,0,2,1,0,1
http://153.142.88.123/billing-update/index.php?session=239944,63,14,0,2,18,3,0,2,1,0,1,0,0,1
https://docs.sbi.co.in/contact,30,15,1,1,2,0,2,3,0,0,2,0,0,0
http://45.212.196.74/secure/index.php?session=526772,53,13,0,6,17,1,0,1,1,0,1,0,0,1
https://icicibank-update.cf/update,34,17,1,1,2,1,0,0,0,0,1,1,0,0
https://en.irctc.co.in/home,26,16,1,5,1,1,1,3,0,0,0,0,0,0
https://en.reddit.com/blog/2024/article,40,15,1,4,3,0,0,1,0,1,0,0,0,0
http://16.131.91.37/bank-account/index.php?session=24511,54,14,0,3,12,0,0,4,1,0,1,0,0,1
http://gooogle.club/secure-confirm.html?id=61443,46,13,0,2,5,0,1,0,0,0,3,1,0,1
http://sbi-billing-update-z06ynit83834ba-iodv3l.xyz/billing-update/z06ynit83834ba-iodv3l,90,44,0,0,18,8,0,0,0,0,2,1,0,1
https://www.flipkart.com/home,31,18,1,2,1,0,1,1,0,1,0,0,0,0
https://www.icicibank.com,26,16,1,2,1,0,0,0,0,0,0,0,0,0
https://www.amazon.com/products,31,13,1,4,0,1,0,0,0,0,0,0,0,0
https://docs.github.com/products,34,17,1,4,0,0,0,0,0,0,0,0,0,0
http://account-verify.paypal-support.xyz/account-verify.php,58,34,0,3,0,2,1,0,0,0,0,1,0,1
https://en.reddit.com/docs/api,28,15,1,0,0,0,0,0,0,1,1,0,0,0
https://en.hdfcbank.com/home,26,13,1,1,2,1,0,0,0,0,3,0,0,0
https://www.python.org/contact,30,16,1,2,0,2,0,3,0,0,2,0,0,0
http://account-verify.paypal-secure.ml/account-verify.php,57,32,0,2,1,3,1,0,0,0,2,1,0,1
https://amazon-update.info/update,31,18,1,1,0,0,0,0,0,0,0,1,0,1
http://webscr.hdfcbank-support.club/webscr.php,46,26,0,1,0,2,0,1,0,0,0,1,0,1
https://en.linkedin.com,23,15,1,4,2,0,0,3,0,0,0,0,0,0
http://is.gd/2386xz,17,4,0,2,6,0,0,2,0,1,1,0,0,1
https://www.nytimes.com/search?q=machine+learning,49,16,1,3,2,0,0,0,0,0,0,0,0,0
https://linkedin.com/blog/2024/article,37,13,1,1,4,0,0,0,0,0,0,0,0,0
http://login.microsoft-secure.work/login.php,44,25,0,2,0,0,0,2,0,0,0,1,0,1
https://icicibank-webscr.work/webscr,38,23,1,1,0,0,0,2,0,0,3,1,0,1
https://www.w3schools.com/blog/2024/article,44,15,1,4,5,0,1,0,0,0,0,0,0,0
https://www.geeksforgeeks.org/contact,36,20,1,0,0,1,1,0,0,0,0,0,0,0
http://34.47.102.115/account-verify/index.php?session=80705,59,13,0,6,14,3,1,2,1,0,2,0,0,1
http://143.132.177.193/verify/index.php?session=159593,52,16,0,3,17,0,4,0,1,0,0,0,0,1
https://www.irctc.co.in/about,31,14,1,4,0,2,0,0,0,0,0,0,0,0
https://amazon.com,17,10,1,0,0,0,1,0,0,0,0,0,0,0
https://www.irctc.co.in/course/aiml,37,14,1,1,0,2,1,3,0,0,0,0,0,0
https://microsoft.com/user/profile,36,15,1,2,0,0,0,0,0,1,0,0,0,0
https://python.org/blog/2024/article,36,9,1,1,4,2,0,2,0,0,0,0,0,0
https://www.github.com/course/aiml,35,14,1,2,0,0,0,3,0,0,2,0,0,0
http://gooogle.ml/update-confirm.html?id=95188,45,10,0,4,4,1,2,0,0,0,3,1,0,1
https://www.hdfcbank.com/user/profile,35,17,1,0,0,2,0,2,0,0,0,0,0,0
https://www.wikipedia.org/docs/api,36,17,1,1,0,0,0,0,0,0,0,0,0,0
https://docs.github.com/products,34,15,1,4,2,0,2,0,0,0,2,0,0,0
https://google.com/user/profile,31,12,1,3,0,0,2,1,0,0,1,0,0,0
https://user-portal.nytimes.com/session/d6vnxnpsv8dkmu6u?ref=392&track=1,74,23,1,2,6,0,2,2,0,0,0,0,0,0
https://github.com/products,26,12,1,0,1,0,0,0,0,0,1,0,0,0
http://confirm-password.paypal-secure.top/confirm-password.php,61,34,0,1,2,2,2,0,0,0,3,1,0,1
http://micros0ft.com/account-verify-confirm.html?id=97332,59,11,0,0,5,1,0,2,0,1,4,0,0,1
http://ow.ly/3510xz,19,3,0,2,4,2,1,1,0,1,0,0,0,1
http://is.gd/2624xz,21,4,0,0,5,0,0,2,0,1,0,0,0,1
http://223.111.242.98/update/index.php?session=549357,51,14,0,5,16,0,1,2,1,0,3,0,0,1
https://api-v2.stackoverflow.com/session/dbl1g3y2t5ovjyzxf?ref=154&track=1,73,26,1,1,10,0,4,1,0,0,0,0,0,0
https://www.w3schools.com/home,31,17,1,2,3,0,1,2,0,0,0,0,0,0
http://goo.gl/6838xz,22,6,0,1,6,0,1,0,0,1,0,0,0,1
https://paypal-signin.work/signin,33,20,1,1,0,0,1,0,0,0,3,1,0,1
http://cutt.ly/2181xz,19,6,0,0,5,0,2,0,0,1,0,0,0,1
https://en.stackoverflow.com/contact,38,18,1,0,2,2,0,0,0,0,0,0,0,0
http://paypal-confirm-password-2n1nryzcp9sbu5obls4ii4.work/confirm-password/2n1nryzcp9sbu5obls4ii4,96,50,0,0,12,3,1,2,0,0,0,1,0,1
https://www.sbi.co.in/blog/2024/article,37,12,1,1,2,1,2,0,0,0,2,0,0,0
https://www.flipkart.com/user/profile,39,18,1,3,2,1,1,0,0,1,0,0,0,0
https://www.geeksforgeeks.org/user/profile,40,20,1,0,2,2,0,2,0,0,1,0,0,0
http://micros0ft.top/confirm-password-confirm.html?id=27249,58,12,0,1,7,3,4,2,0,0,2,1,0,1
https://paypal-webscr.work/webscr,33,19,1,3,2,2,2,1,0,0,1,1,0,1
http://goo.gl/5823xz,20,4,0,1,3,1,0,1,0,1,0,0,0,1
https://w3schools.com/search?q=machine+learning,45,14,1,0,0,0,0,2,0,0,2,0,0,0
https://www.flipkart.com/about,32,17,1,4,0,1,0,0,0,1,0,0,0,0
http://signin.paypal-support.cf/signin.php,43,25,0,5,0,1,0,2,0,0,2,1,0,1
https://www.hdfcbank.com/search?q=machine+learning,51,14,1,4,2,2,3,1,0,0,0,0,0,0
http://billing-update.icicibank-update.xyz/billing-update.php,63,36,0,5,0,4,2,1,0,0,4,1,0,0
https://netflix-signin.tk/signin,31,17,1,0,0,3,0,2,0,0,0,1,0,1
http://sbi-secure-1jry2n85xln3oug.ga/secure/1jry2n85xln3oug,57,31,0,2,11,4,0,1,0,0,3,1,0,1
https://www.reddit.com/docs/api,30,14,1,0,1,1,0,2,0,1,0,0,0,0
http://account-verify.paypal-support.work/account-verify.php,62,34,0,2,0,1,1,2,0,0,1,1,0,1
http://faceb00k.xyz/confirm-password-confirm.html?id=63052,60,11,0,1,5,4,3,0,0,0,1,1,0,1
http://signin.microsoft-update.ga/signin.php,44,25,0,4,0,0,0,3,0,0,2,1,0,1
http://tinyurl.com/4589xz,24,10,0,0,4,0,0,0,0,1,0,0,0,1
http://t.co/4090xz,18,3,0,0,2,1,0,0,0,1,2,0,0,1
http://76.152.255.9/signin/index.php?session=532922,49,10,0,6,16,0,2,2,1,0,2,0,0,1
https://cdn.microsoft.com/session/1igcuidc00m6cu88wlxw?ref=821&track=1,70,16,1,1,12,1,4,0,0,1,0,0,0,0
http://139.77.161.158/verify/index.php?session=955054,55,12,0,5,16,1,2,4,1,0,1,0,0,1
https://en.sbi.co.in/contact,30,13,1,2,2,0,2,0,0,0,1,0,0,0
http://amazon-account-verify-2xrq5jdwa898uag3m0-42kkz6ofttvl19.xyz/account-verify/2xrq5jdwa898uag3m0-42kkz6ofttvl19,117,58,0,3,25,4,0,0,0,0,1,1,0,1
https://www.flipkart.com/search?q=machine+learning,49,15,1,1,0,2,1,0,0,1,0,0,0,0
https://www.bbc.com/products,26,10,1,2,0,0,1,0,0,0,0,0,0,0
https://cdn.github.com/session/g13iwpfvb71ghl?ref=256&track=1,61,12,1,3,6,0,3,3,0,0,0,0,0,0
https://www.wikipedia.org/products,35,18,1,4,0,1,0,2,0,0,0,0,0,0
https://www.nytimes.com,23,14,1,4,0,0,0,1,0,0,2,0,0,0
http://billing-update.amazon-support.cf/billing-update.php,57,33,0,2,0,1,0,0,0,0,3,1,0,1
http://verify.hdfcbank-support.top/verify.php,47,28,0,5,0,0,0,2,0,0,0,1,0,1
http://sbi-login-jokb0vzy9d29l-wak2wpaogw4qajwg-i71.gq/login/jokb0vzy9d29l-wak2wpaogw4qajwg-i71,96,45,0,2,18,7,0,2,0,0,1,1,0,1
https://amazon.com/contact,26,8,1,0,1,0,0,2,0,0,2,0,0,0
http://90.202.198.147/secure/index.php?session=29877,50,16,0,4,16,0,3,4,1,0,3,0,0,1
http://27.29.192.199/billing-update/index.php?session=283438,59,11,0,6,15,1,4,2,1,0,2,0,0,1
https://www.hdfcbank.com/about,28,15,1,0,0,0,1,0,0,0,0,0,0,0
https://cdn.wikipedia.org/session/hqiv929s?ref=922&track=1,58,17,1,3,6,2,3,1,0,0,0,0,0,0
https://www.sbi.co.in/user/profile,36,14,1,1,0,0,2,2,0,0,0,0,0,0
http://login.microsoft-support.club/login.php,43,27,0,3,0,0,0,0,0,0,1,1,0,1
https://www.hdfcbank.com,26,16,1,3,0,2,0,1,0,0,3,0,0,0
http://paypal-update-gvp40m1s--m2lktbl6q35u.cf/update/gvp40m1s--m2lktbl6q35u,74,37,0,0,14,7,2,0,0,0,3,1,0,1
https://paypal-update.gq/update,29,17,1,0,0,2,0,0,0,0,0,1,0,1
https://netflix-account-verify.com/account-verify,50,26,1,3,1,1,0,0,0,0,2,0,0,1
http://amaz0n.club/verify-confirm.html?id=96206,49,10,0,1,8,0,1,2,0,0,4,1,0,1
http://amazon-bank-account-eawoarwb52qbovxv.top/bank-account/eawoarwb52qbovxv,78,42,0,3,2,4,2,1,0,0,2,1,0,1
http://100.81.97.138/bank-account/index.php?session=593840,57,13,0,5,14,0,0,3,1,0,0,0,0,1
https://geeksforgeeks.org/search?q=machine+learning,50,17,1,2,2,1,1,0,0,0,0,0,0,0
https://docs.github.com/contact,33,17,1,0,0,0,1,0,0,0,0,0,0,0
https://en.nytimes.com/blog/2024/article,40,14,1,1,4,2,0,0,0,0,0,0,0,1
http://login.microsoft-update.ga/login.php,40,26,0,3,0,2,0,0,0,0,0,1,0,1
https://icicibank-verify.work/verify,34,22,1,3,0,0,1,0,0,0,0,1,0,1
https://api-v2.flipkart.com/session/7qhvkvlab?ref=665&track=1,59,20,1,4,7,1,3,0,0,1,0,0,0,0
http://ow.ly/7958xz,20,3,0,0,3,0,0,1,0,1,1,0,0,1
https://api-v2.wikipedia.org/session/xoq8jxlfiuefz1c25x?ref=732&track=1,72,20,1,0,8,3,4,3,0,0,0,0,0,0
http://bank-account.microsoft-support.tk/bank-account.php,59,34,0,2,2,3,1,3,0,0,0,1,0,1
http://tinyurl.com/8063xz,23,13,0,0,6,2,0,0,0,1,0,0,0,1
https://docs.nytimes.com/products,32,18,1,3,0,0,1,3,0,0,2,0,0,0
https://en.nytimes.com/blog/2024/article,42,15,1,2,5,2,0,2,0,0,1,0,0,0
http://amaz0n.top/signin-confirm.html?id=53985,46,8,0,1,8,1,2,0,0,0,1,1,0,1
http://amaz0n.tk/bank-account-confirm.html?id=31167,52,11,0,2,4,4,3,0,0,0,1,1,0,1
https://www.icicibank.com/user/profile,38,17,1,3,2,2,2,1,0,0,3,0,0,0
http://signin.microsoft-update.xyz/signin.php,44,25,0,2,0,2,0,2,0,0,2,1,0,1
http://signin.paypal-support.xyz/signin.php,45,24,0,2,2,3,0,2,0,0,0,1,0,1
http://64.140.8.32/billing-update/index.php?session=415231,60,11,0,5,13,3,3,4,1,0,0,0,0,1
http://micros0ft.cf/account-verify-confirm.html?id=28500,54,11,0,2,7,1,3,0,0,0,2,1,0,1
https://icicibank-billing-update.gq/billing-update,49,28,1,3,0,4,0,2,0,0,1,1,0,0
http://secure.icicibank-secure.tk/secure.php,45,27,0,5,1,1,1,0,0,0,0,1,0,1
http://goo.gl/1849xz,20,5,0,2,2,1,0,2,0,1,0,0,0,1
http://132.96.235.211/update/index.php?session=571412,53,16,0,5,19,0,0,0,1,0,3,0,0,1
https://www.stackoverflow.com/products,39,20,1,2,0,2,0,2,0,0,1,0,0,0
https://www.mit.edu/contact,29,10,1,4,0,0,1,0,0,0,0,0,0,1
https://cdn.reddit.com/session/m09hzbgtj54696qz6?ref=594&track=1,65,12,1,3,10,0,3,0,0,1,0,0,0,0
https://www.microsoft.com/course/aiml,36,15,1,0,0,0,1,3,0,1,0,0,0,0
https://docs.irctc.co.in/docs/api,35,14,1,1,0,0,0,1,0,0,0,0,0,0
http://micros0ft.club/confirm-password-confirm.html?id=56135,59,13,0,2,4,2,1,0,0,0,0,1,0,1
http://verify.paypal-support.info/verify.php,43,25,0,5,0,2,0,0,0,0,0,1,0,1
https://www.amazon.com/blog/2024/article,38,12,1,0,5,1,0,0,0,0,1,0,0,0
https://docs.nytimes.com,25,14,1,0,0,1,0,1,0,0,2,0,0,0
http://paypal-login-p5886c6now42ozc8h92.ml/login/p5886c6now42ozc8h92,68,36,0,2,20,3,0,1,0,0,0,1,0,1
https://en.geeksforgeeks.org/search?q=machine+learning,54,21,1,3,2,1,2,0,0,0,1,0,0,0
http://paypal-confirm-password-laylf4zcxu22uo0bogcc2v97ah3v2swyutf.xyz/confirm-password/laylf4zcxu22uo0bogcc2v97ah3v2swyutf,124,64,0,3,18,5,0,0,0,0,0,1,0,1
https://amazon-verify.gq/verify,30,15,1,3,0,1,2,0,0,0,0,1,0,0
https://en.microsoft.com/home,30,17,1,3,2,1,0,1,0,1,0,0,0,0
https://www.wikipedia.org/search?q=machine+learning,53,18,1,2,1,0,1,2,0,0,0,0,0,0
https://www.google.com/course/aiml,36,13,1,0,0,2,0,0,0,0,0,0,0,0
http://netflix-login-a764bvpgrkb0wb2vj2tgf4d9i5z.top/login/a764bvpgrkb0wb2vj2tgf4d9i5z,84,46,0,0,18,4,2,0,0,0,1,1,0,1
http://micros0ft.ga/secure-confirm.html?id=96339,50,13,0,2,6,0,0,1,0,0,4,1,0,1
http://netflix-webscr-uy12921oae2dxboumibtt.ga/webscr/uy12921oae2dxboumibtt,75,38,0,2,14,2,1,1,0,0,0,1,0,1
https://en.mit.edu/blog/2024/article,35,8,1,0,2,2,1,0,0,0,0,0,0,0
http://227.232.30.23/secure/index.php?session=403680,53,13,0,5,18,2,3,2,1,0,0,0,0,1
https://en.bbc.com/home,24,9,1,1,2,0,0,3,0,0,0,0,0,0
https://www.google.com/docs/api,32,13,1,3,2,1,2,2,0,0,0,0,0,0
https://www.hdfcbank.com/course/aiml,37,15,1,2,2,1,0,2,0,0,2,0,0,0
https://en.stackoverflow.com/search?q=machine+learning,54,21,1,0,0,1,4,2,0,0,0,0,0,0
https://flipkart.com/products,30,13,1,2,2,0,0,2,0,1,0,0,0,0
http://is.gd/8778xz,17,7,0,0,3,0,1,0,0,1,1,0,0,1
http://cutt.ly/5872xz,23,6,0,0,5,0,2,0,0,1,0,0,0,1
https://docs.amazon.com/contact,29,13,1,2,2,1,0,2,0,0,0,0,0,0
http://verify.microsoft-support.xyz/verify.php,44,28,0,3,0,0,0,0,0,0,3,1,0,1
https://www.stackoverflow.com/course/aiml,42,21,1,2,1,0,0,0,0,0,1,0,0,0
http://paypal-verify--puck92rtaph0e6yfffgfakmfh-vkad0uq3.tk/verify/-puck92rtaph0e6yfffgfakmfh-vkad0uq3,101,52,0,3,11,5,0,2,0,0,3,1,0,1
https://www.irctc.co.in/contact,33,15,1,2,0,0,0,1,0,0,2,0,0,0
https://static-assets.bbc.com/session/sidaso7kr?ref=939&track=1,64,22,1,3,7,1,6,0,0,0,2,0,0,0
http://193.41.17.212/verify/index.php?session=203666,54,14,0,5,16,2,4,1,1,0,0,0,0,1
https://amazon-webscr.tk/webscr,33,14,1,3,0,0,1,1,0,0,0,1,0,1
https://www.reddit.com,24,16,1,4,0,0,1,0,0,1,2,0,0,0
http://paypal-login-4350bm6l0hcmz3soo7czswvhi.work/login/4350bm6l0hcmz3soo7czswvhi,82,45,0,0,15,4,0,0,0,0,3,1,0,1
https://netflix-webscr.com/webscr,34,16,1,0,2,2,0,2,0,0,3,0,0,1
https://api-v2.google.com/session/ykis11d2mrmtxjq3k?ref=630&track=1,68,15,1,3,7,2,5,0,0,0,0,0,0,0
https://en.w3schools.com/contact,32,17,1,2,0,0,0,2,0,0,2,0,0,0
http://sbi-billing-update-7dvtjto-14ybovs8qtjlm1oo.top/billing-update/7dvtjto-14ybovs8qtjlm1oo,93,47,0,0,9,5,0,0,0,0,4,1,0,1
http://update.paypal-support.top/update.php,41,26,0,3,0,2,0,0,0,0,0,1,0,1
http://sbi-webscr-ouegy9yikpigkox9y5t82m11.xyz/webscr/ouegy9yikpigkox9y5t82m11,80,40,0,0,14,2,0,0,0,0,0,1,0,1
https://netflix-account-verify.club/account-verify,50,27,1,0,0,3,1,0,0,0,0,1,0,1
https://netflix-confirm-password.gq/confirm-password,50,28,1,1,0,2,0,2,0,0,1,1,0,1
https://en.nptel.ac.in/user/profile,35,14,1,1,2,0,2,0,0,0,0,0,0,0
https://www.mit.edu/docs/api,30,12,1,1,1,0,2,2,0,0,0,0,0,0
http://confirm-password.hdfcbank-update.info/confirm-password.php,65,39,0,1,2,2,1,0,0,0,4,1,0,1
http://update.microsoft-update.cf/update.php,46,28,0,5,1,2,0,0,0,0,0,1,0,1
https://nytimes.com/home,26,13,1,3,0,1,1,2,0,0,2,0,0,0
http://amazon-signin-pu488irfyex8afgr4c03-lk3.info/signin/pu488irfyex8afgr4c03-lk3,81,45,0,1,14,4,1,0,0,0,1,1,0,1
http://faceb00k.work/update-confirm.html?id=43273,50,14,0,0,7,0,1,0,0,0,1,1,0,1
http://billing-update.amazon-update.cf/billing-update.php,56,33,0,1,0,1,1,0,0,0,4,1,0,1
http://amaz0n.info/billing-update-confirm.html?id=98545,56,11,0,1,5,4,0,0,0,0,3,1,0,1
https://netflix-bank-account.gq/bank-account,44,25,1,0,0,2,0,1,0,0,3,1,0,1
https://www.icicibank.com/products,36,18,1,4,0,2,0,0,0,0,2,0,0,0
https://www.nytimes.com/products,33,13,1,4,0,2,2,0,0,0,0,0,0,0
https://wikipedia.org/blog/2024/article,41,12,1,0,6,2,2,1,0,0,0,0,0,0
http://bit.ly/9243xz,18,5,0,2,2,2,0,0,0,1,2,0,0,0
http://130.9.35.103/login/index.php?session=366585,51,10,0,5,14,0,0,4,1,0,2,0,0,1
https://netflix-webscr.top/webscr,32,19,1,0,0,0,0,0,0,0,0,1,0,1
http://233.179.165.205/bank-account/index.php?session=79753,61,13,0,2,17,1,3,3,1,0,2,0,0,1
https://en.sbi.co.in/home,23,13,1,1,0,1,2,0,0,0,2,0,0,0
http://249.140.238.103/verify/index.php?session=938598,56,16,0,3,17,0,3,2,1,0,3,0,0,1
https://amazon-verify.ga/verify,31,15,1,0,2,0,0,0,0,0,0,1,0,1
http://tinyurl.com/6205xz,24,10,0,0,3,0,2,0,0,1,1,0,0,1
https://amazon-webscr.gq/webscr,33,16,1,1,0,1,0,0,0,0,3,1,0,1
https://user-portal.python.org/session/ej9c0uu5?ref=810&track=1,65,20,1,0,5,1,3,2,0,0,2,0,0,0
http://amazon-bank-account-ygw33zhz0uhrte0kjwxm63no08qm.info/bank-account/ygw33zhz0uhrte0kjwxm63no08qm,102,52,0,0,18,6,2,1,0,0,0,1,0,1
http://netflix-bank-account-gxy8io1s7x9yiu2y.work/bank-account/gxy8io1s7x9yiu2y,77,43,0,0,11,6,0,0,0,0,3,1,0,1
http://amazon-update-a-v19nd4s0ydf1ntgt7lkxlozt6thv5ugw.gq/update/a-v19nd4s0ydf1ntgt7lkxlozt6thv5ugw,98,52,0,0,14,5,1,0,0,0,0,1,0,1
https://en.bbc.com/user/profile,29,9,1,4,0,0,0,2,0,0,2,0,0,0
https://www.github.com/docs/api,29,12,1,4,0,2,0,0,0,0,2,0,0,0
http://247.185.152.141/webscr/index.php?session=305289,52,15,0,3,19,1,2,3,1,0,2,0,0,1
http://t.co/5358xz,19,4,0,0,5,0,1,1,0,1,0,0,0,1
https://stackoverflow.com/user/profile,36,18,1,1,2,2,0,0,0,0,0,0,0,0
https://flipkart.com/about,25,11,1,3,2,0,0,0,0,1,0,0,0,0
http://paypal-verify-odobhndwo12m0j97go9o1889-sdjbk3k.top/verify/odobhndwo12m0j97go9o1889-sdjbk3k,95,50,0,2,20,5,0,0,0,0,1,1,0,1
https://www.sbi.co.in/contact,30,11,1,2,1,0,0,2,0,0,0,0,0,0
https://api-v2.python.org/session/60q6guo8i5?ref=743&track=1,59,18,1,0,12,2,6,0,0,0,1,0,0,0
http://signin.hdfcbank-support.ga/signin.php,44,27,0,3,2,1,2,1,0,0,0,1,0,1
https://amazon-update.ga/update,29,16,1,0,0,3,1,0,0,0,2,1,0,1
http://ow.ly/7908xz,18,6,0,1,3,1,1,2,0,1,2,0,0,1
http://bit.ly/7588xz,19,6,0,0,5,2,0,0,0,1,1,0,0,1
https://www.hdfcbank.com/course/aiml,35,18,1,0,2,1,1,0,0,0,0,0,0,0
http://goo.gl/3764xz,18,8,0,2,2,0,0,1,0,1,0,0,0,1
http://tinyurl.com/9411xz,27,9,0,1,6,2,0,2,0,1,0,0,0,1
https://www.github.com/user/profile,33,12,1,3,0,0,0,0,0,0,2,0,0,0
http://192.76.131.170/signin/index.php?session=956983,55,16,0,4,19,1,0,2,1,0,0,0,0,1
https://docs.wikipedia.org,28,16,1,3,0,0,2,3,0,0,0,0,0,0
http://update.paypal-support.ga/update.php,44,23,0,4,0,2,0,3,0,0,0,1,0,1
http://billing-update.amazon-update.gq/billing-update.php,58,31,0,3,0,4,2,1,0,0,0,1,0,1
http://bit.ly/8570xz,21,8,0,0,6,0,1,0,0,1,0,0,0,1
https://bbc.com/contact,22,7,1,3,1,0,0,0,0,0,0,0,0,0
https://en.wikipedia.org/user/profile,38,14,1,1,0,0,2,2,0,0,0,0,0,0
https://docs.mit.edu/search?q=machine+learning,45,14,1,4,0,0,3,2,0,0,0,0,0,0
https://nytimes.com/about,23,13,1,3,0,0,0,0,0,0,2,0,0,0
http://update.hdfcbank-support.ga/update.php,45,26,0,3,2,0,0,3,0,0,3,1,0,1
https://stackoverflow.com/home,32,17,1,2,0,2,1,0,0,0,0,0,0,0
https://user-portal.mit.edu/session/cnrl8xkgyg3vah?ref=390&track=1,67,18,1,0,5,0,6,2,0,0,0,0,0,0
https://api-v2.stackoverflow.com/session/2jrig5xixgsplti899a4?ref=653&track=1,79,24,1,1,13,2,3,0,0,0,0,0,0,0
https://icicibank-bank-account.info/bank-account,46,29,1,2,0,4,2,1,0,0,2,1,0,1
http://micros0ft.ga/login-confirm.html?id=32462,46,11,0,2,5,3,4,0,0,0,3,1,0,1
https://www.github.com/products,32,15,1,2,0,2,0,1,0,0,1,0,0,0
http://203.42.63.237/secure/index.php?session=287813,50,12,0,4,14,0,2,2,1,0,0,0,0,1
http://107.210.178.211/account-verify/index.php?session=21397,62,16,0,6,18,1,1,4,1,0,3,0,0,1
http://181.57.115.191/update/index.php?session=331067,53,14,0,6,15,0,0,2,1,0,1,0,0,1
https://geeksforgeeks.org,26,17,1,1,2,0,0,1,0,0,0,0,0,0
https://icicibank-login.cf/login,30,19,1,0,0,0,0,2,0,0,3,1,0,1
http://ow.ly/7101xz,20,7,0,0,6,0,2,1,0,1,2,0,0,0
http://netflix-account-verify-5kwgfmndd3atsd93x-age-nz4nvb.top/account-verify/5kwgfmndd3atsd93x-age-nz4nvb,106,54,0,0,12,6,0,0,0,0,1,1,0,1
http://faceb00k.club/webscr-confirm.html?id=84186,51,12,0,2,9,0,4,0,0,0,3,1,0,1
https://amazon-verify.club/verify,32,20,1,0,0,3,1,0,0,0,0,1,0,1
https://www.stackoverflow.com/about,35,19,1,2,2,1,0,1,0,0,1,0,0,0
http://micros0ft.ml/verify-confirm.html?id=68109,49,11,0,1,5,2,1,1,0,0,1,1,0,1
https://cdn.github.com/session/agcstnpezikm3m?ref=839&track=1,62,13,1,1,3,1,4,0,0,0,2,0,0,0
https://www.linkedin.com/search?q=machine+learning,48,16,1,0,0,0,2,0,0,0,0,0,0,0
https://www.irctc.co.in/docs/api,30,13,1,4,0,2,1,4,0,0,1,0,0,0
http://billing-update.amazon-update.info/billing-update.php,58,33,0,1,0,5,0,0,0,0,0,1,0,1
https://www.nptel.ac.in/search?q=machine+learning,49,17,1,2,0,0,3,0,0,0,2,0,0,0
https://api-v2.w3schools.com/session/7s1gd1t53ykyydu3as?ref=897&track=1,71,20,1,3,11,3,3,0,0,0,1,0,0,0
http://ow.ly/8924xz,20,4,0,0,4,1,2,2,0,1,2,0,0,1
http://85.94.151.57/secure/index.php?session=361192,53,11,0,4,14,1,4,3,1,0,0,0,0,1
http://netflix-update-hypm1jvpd1fuviw6uypni9d.xyz/update/hypm1jvpd1fuviw6uypni9d,78,43,0,2,8,4,0,2,0,0,2,1,0,1
https://api-v2.nptel.ac.in/session/bozl01q3m73hc9?ref=992&track=1,64,19,1,1,9,1,4,2,0,0,0,0,0,0
https://amazon-signin.xyz/signin,32,19,1,2,2,0,0,0,0,0,1,1,0,1
https://en.wikipedia.org,24,16,1,4,0,1,0,0,0,0,0,0,0,0
http://t.co/8704xz,20,4,0,0,6,0,0,2,0,1,2,0,0,1
https://icicibank-billing-update.ml/billing-update,52,26,1,0,2,3,1,2,0,0,5,1,0,1
https://www.bbc.com/user/profile,31,10,1,4,0,2,0,0,0,0,1,0,0,0
http://185.13.146.74/login/index.php?session=10944,52,12,0,5,13,0,1,4,1,0,3,0,0,1
https://en.bbc.com/contact,28,8,1,0,0,0,2,0,0,0,2,0,0,1
https://netflix-bank-account.tk/bank-account,42,22,1,3,0,3,1,1,0,0,0,1,0,1
https://en.google.com/home,27,14,1,3,0,1,0,2,0,0,2,0,0,0
https://www.stackoverflow.com/home,32,21,1,2,0,0,0,2,0,0,0,0,0,0
http://t.co/4610xz,16,3,0,1,4,0,1,1,0,1,2,0,0,1
http://138.169.141.44/update/index.php?session=380230,52,14,0,4,18,2,0,1,1,0,0,0,0,1
https://www.w3schools.com/home,32,16,1,4,2,0,2,0,0,0,1,0,0,0
https://docs.sbi.co.in/course/aiml,32,15,1,2,1,0,0,4,0,0,0,0,0,1
http://gooogle.com/webscr-confirm.html?id=72476,46,12,0,0,5,0,2,2,0,0,0,0,0,1
https://www.linkedin.com/search?q=machine+learning,52,18,1,2,1,0,4,2,0,0,1,0,0,0
https://cdn.sbi.co.in/session/qcxzpqkf4vge0gy?ref=793&track=1,60,14,1,5,7,0,6,1,0,0,0,0,0,0
https://w3schools.com,20,12,1,3,0,0,2,1,0,0,0,0,0,0
http://48.117.110.128/account-verify/index.php?session=83048,60,16,0,2,15,1,0,3,1,0,3,0,0,1
https://static-assets.reddit.com/session/qezfmhk403uxh9a?ref=526&track=1,71,24,1,4,10,0,5,2,0,1,2,0,0,0
https://irctc.co.in/about,25,10,1,0,0,2,0,3,0,0,2,0,0,0
https://amazon.com/search?q=machine+learning,43,12,1,1,0,0,3,0,0,0,0,0,0,0
http://t.co/1039xz,18,3,0,0,3,0,0,0,0,1,2,0,0,1
http://webscr.paypal-update.ml/webscr.php,40,25,0,2,0,0,0,0,0,0,4,1,0,1
http://verify.icicibank-support.ga/verify.php,43,28,0,1,0,1,0,0,0,0,1,1,0,1
https://paypal-login.top/login,29,17,1,3,1,2,0,0,0,0,0,1,0,1
http://bank-account.microsoft-secure.ga/bank-account.php,54,30,0,3,2,1,0,1,0,0,3,1,0,1
https://docs.google.com/user/profile,34,17,1,2,0,0,0,0,0,0,1,0,0,0
http://bank-account.hdfcbank-update.gq/bank-account.php,54,29,0,2,2,1,0,3,0,0,2,1,0,1
http://gooogle.cf/confirm-password-confirm.html?id=65199,56,12,0,0,4,0,2,0,0,0,0,1,0,1
http://faceb00k.tk/secure-confirm.html?id=88267,49,12,0,2,8,1,0,0,0,0,2,1,0,1
https://api-v2.amazon.com/session/dznz9c65fpyst5v0175d?ref=933&track=1,68,15,1,3,11,0,4,0,0,0,1,0,0,0
http://is.gd/3297xz,19,3,0,1,2,0,0,1,0,1,2,0,0,1
https://en.mit.edu/contact,24,11,1,3,2,0,0,3,0,0,0,0,0,0
http://confirm-password.amazon-update.gq/confirm-password.php,60,34,0,4,2,1,2,2,0,0,3,1,0,1
http://confirm-password.hdfcbank-support.cf/confirm-password.php,66,37,0,5,0,2,2,0,0,0,3,1,0,1
http://verify.paypal-update.cf/verify.php,39,23,0,5,0,0,1,2,0,0,0,1,0,1
https://icicibank-account-verify.xyz/account-verify,53,30,1,3,0,3,0,0,0,0,4,1,0,1
https://en.mit.edu/search?q=machine+learning,43,12,1,2,1,0,4,3,0,0,0,0,0,0
https://nptel.ac.in/search?q=machine+learning,43,10,1,4,1,0,2,2,0,0,0,0,0,0
https://paypal-login.xyz/login,31,16,1,3,1,3,0,1,0,0,2,1,0,1
http://paypa1.tk/confirm-password-confirm.html?id=58844,56,11,0,3,7,1,4,2,0,0,0,1,0,1
http://confirm-password.paypal-support.tk/confirm-password.php,60,34,0,5,2,3,0,2,0,0,4,1,0,1
https://en.sbi.co.in/home,26,12,1,3,1,0,0,4,0,0,0,0,0,0
https://netflix-bank-account.cf/bank-account,42,25,1,3,0,5,1,0,0,0,4,1,0,1
https://www.amazon.com/about,27,14,1,4,1,0,2,0,0,0,0,0,0,0
https://cdn.microsoft.com/session/ukpv8lymj1qi9mqvayx?ref=723&track=1,70,19,1,1,7,0,3,3,0,1,0,0,0,0
http://login.paypal-secure.ml/login.php,40,21,0,1,0,3,2,0,0,0,2,1,0,1
https://www.hdfcbank.com/home,31,15,1,0,2,0,2,1,0,0,0,0,0,0
https://www.irctc.co.in,21,13,1,2,2,0,2,0,0,0,1,0,0,0
http://paypa1.info/signin-confirm.html?id=5122,44,12,0,0,7,0,1,0,0,0,4,1,0,1
http://netflix-bank-account-txyrqqol7rnlwx0xl-prsm.work/bank-account/txyrqqol7rnlwx0xl-prsm,91,46,0,3,5,6,2,0,0,0,3,1,0,1
http://goo.gl/1489xz,20,5,0,3,2,2,1,2,0,1,0,0,0,1
http://ow.ly/7860xz,21,4,0,0,2,0,2,0,0,1,0,0,0,1
http://signin.hdfcbank-secure.cf/signin.php,42,25,0,1,0,1,0,0,0,0,2,1,0,1
https://api-v2.hdfcbank.com/session/cwcdt9gwa?ref=826&track=1,60,19,1,3,4,3,3,0,0,0,3,0,0,0
http://181.214.94.218/verify/index.php?session=701932,55,16,0,3,16,0,4,4,1,0,0,0,0,1
http://webscr.paypal-update.gq/webscr.php,42,22,0,4,2,0,1,3,0,0,2,1,0,1
http://paypa1.info/signin-confirm.html?id=41498,46,12,0,2,4,3,2,0,0,0,1,1,0,1
https://en.irctc.co.in/products,29,14,1,5,0,2,0,2,0,0,2,0,0,0
https://docs.amazon.com/blog/2024/article,43,13,1,0,6,1,0,3,0,0,0,0,0,0
https://flipkart.com/home,26,14,1,3,0,0,0,2,0,1,2,0,0,0
http://gooogle.ml/update-confirm.html?id=40911,46,8,0,3,7,1,3,0,0,0,3,1,0,1
https://docs.amazon.com/user/profile,34,17,1,3,2,1,0,3,0,0,0,0,0,1
https://www.hdfcbank.com,23,14,1,1,0,0,0,1,0,0,2,0,0,0
http://gooogle.com/login-confirm.html?id=43386,46,9,0,3,7,0,0,0,0,0,2,0,0,1
http://amazon-login-wuri0bdww4l-ksyy5b29.cf/login/wuri0bdww4l-ksyy5b29,70,35,0,0,11,3,2,2,0,0,2,1,0,1
http://netflix-webscr-1zwvhzjfeeq2nafh7r-z5y.info/webscr/1zwvhzjfeeq2nafh7r-z5y,77,44,0,3,10,3,0,2,0,0,0,1,0,1
https://www.irctc.co.in/blog/2024/article,41,15,1,1,2,1,1,2,0,0,0,0,0,0
http://ow.ly/1358xz,21,3,0,2,5,0,2,1,0,1,0,0,0,1
http://paypal-billing-update-k3i-1v4rfixdr7z0wfsxk09dz0k.info/billing-update/k3i-1v4rfixdr7z0wfsxk09dz0k,106,54,0,0,17,7,0,2,0,0,2,1,0,1
http://106.7.163.143/webscr/index.php?session=624525,53,13,0,6,18,0,4,4,1,0,1,0,0,1
http://confirm-password.paypal-support.tk/confirm-password.php,62,35,0,3,1,5,0,3,0,0,2,1,0,1
https://icicibank-webscr.club/webscr,38,21,1,0,1,3,0,0,0,0,2,1,0,1
http://t.co/3346xz,19,5,0,0,3,0,1,0,0,1,1,0,0,1
http://t.co/2689xz,17,2,0,0,5,0,0,0,0,1,1,0,0,1
http://bank-account.icicibank-secure.ga/bank-account.php,58,34,0,4,0,3,0,0,0,0,3,1,0,1
http://74.86.187.90/secure/index.php?session=229758,52,14,0,4,15,0,2,3,1,0,1,0,0,1
https://cdn.irctc.co.in/session/xixv6ckm?ref=651&track=1,58,13,1,4,7,0,5,2,0,0,1,0,0,0
http://amaz0n.tk/verify-confirm.html?id=36897,43,8,0,4,7,0,3,2,0,0,1,1,0,1
https://docs.flipkart.com/home,28,19,1,2,0,1,2,1,0,1,2,0,0,0
http://paypal-login-3jv5cq-nomcx11ag.top/login/3jv5cq-nomcx11ag,65,32,0,2,9,2,0,1,0,0,3,1,0,1
http://gooogle.info/signin-confirm.html?id=28300,47,13,0,3,4,0,3,1,0,0,0,1,0,1
https://en.icicibank.com/home,29,14,1,0,0,2,2,2,0,0,0,0,0,0
http://237.46.61.230/signin/index.php?session=571392,51,15,0,5,18,0,0,0,1,0,0,0,0,1
https://www.irctc.co.in,21,15,1,2,0,2,2,1,0,0,0,0,0,0
https://www.microsoft.com/docs/api,35,18,1,1,1,0,1,3,0,1,0,0,0,0
https://www.mit.edu/products,26,13,1,3,0,0,0,3,0,0,1,0,0,0
https://user-portal.geeksforgeeks.org/session/6e7ga2iz5p3vob5a?ref=284&track=1,79,31,1,0,12,0,6,0,0,0,0,0,0,0
https://netflix-bank-account.ga/bank-account,43,23,1,0,0,2,0,2,0,0,4,1,0,1
https://www.github.com,22,13,1,0,0,0,0,2,0,0,0,0,0,0
https://www.microsoft.com/user/profile,38,15,1,2,0,2,0,3,0,1,0,0,0,0
https://www.python.org,23,15,1,3,0,1,1,1,0,0,0,0,0,0
http://micros0ft.cf/login-confirm.html?id=3547,45,14,0,0,7,1,2,0,0,0,4,1,0,1
http://confirm-password.amazon-update.ml/confirm-password.php,62,35,0,2,2,5,1,3,0,0,3,1,0,1
https://icicibank-account-verify.com/account-verify,50,29,1,2,0,4,0,0,0,0,5,0,0,1
http://183.216.191.231/webscr/index.php?session=51139,54,13,0,4,17,0,1,2,1,0,2,0,0,1
http://faceb00k.com/bank-account-confirm.html?id=39099,52,10,0,3,8,1,2,1,0,0,4,0,0,1
http://169.94.63.161/webscr/index.php?session=981673,50,11,0,6,15,0,4,3,1,0,0,0,0,1
http://bit.ly/6914xz,18,4,0,0,3,0,0,0,0,1,0,0,0,1
https://netflix-verify.gq/verify,33,15,1,0,2,2,2,0,0,0,1,1,0,1
https://amazon-verify.com/verify,34,18,1,3,0,0,0,1,0,0,0,0,0,1
http://gooogle.gq/signin-confirm.html?id=25271,48,11,0,2,3,0,0,1,0,0,1,1,0,1
http://cutt.ly/9818xz,22,7,0,1,6,0,2,0,0,1,2,0,0,1
https://api-v2.sbi.co.in/session/tylu58ftylav?ref=701&track=1,63,15,1,5,6,2,2,1,0,0,0,0,0,0
http://account-verify.hdfcbank-support.work/account-verify.php,62,36,0,5,2,3,0,0,0,0,1,1,0,1
http://bank-account.paypal-support.xyz/bank-account.php,56,30,0,2,1,4,0,0,0,0,0,1,0,1
https://api-v2.nptel.ac.in/session/wds9yxz7sxdqc2?ref=252&track=1,64,18,1,2,10,1,5,1,0,0,0,0,0,0
https://www.wikipedia.org/products,33,17,1,1,0,1,1,0,0,0,0,0,0,0
https://netflix-account-verify.work/account-verify,51,25,1,3,1,1,1,1,0,0,2,1,0,1
https://www.sbi.co.in/about,26,12,1,5,0,2,1,1,0,0,2,0,0,0
https://www.flipkart.com/products,34,17,1,4,0,0,0,0,0,1,1,0,0,0
https://nptel.ac.in/contact,29,10,1,1,0,1,0,0,0,0,0,0,0,0
https://www.mit.edu/user/profile,32,13,1,1,0,0,0,3,0,0,1,0,0,0
https://docs.stackoverflow.com/user/profile,41,22,1,2,0,0,0,1,0,0,0,0,0,0
http://15.163.194.206/webscr/index.php?session=184742,53,12,0,5,17,0,0,2,1,0,2,0,0,1
https://en.github.com/user/profile,35,11,1,0,2,2,2,3,0,0,0,0,0,0
http://signin.icicibank-update.cf/signin.php,44,24,0,2,0,0,1,1,0,0,3,1,0,1
https://en.geeksforgeeks.org/user/profile,42,22,1,4,2,1,2,2,0,0,1,0,0,0
http://netflix-login-2wdz7beg33519i4.gq/login/2wdz7beg33519i4,60,34,0,1,16,3,0,2,0,0,0,1,0,1
https://www.w3schools.com/home,28,16,1,1,2,0,0,0,0,0,1,0,0,0
https://www.wikipedia.org/course/aiml,37,17,1,2,0,1,0,0,0,0,0,0,0,0
http://sbi-bank-account-e-c0uartgbjbi-0a68.info/bank-account/e-c0uartgbjbi-0a68,77,41,0,2,8,8,2,0,0,0,3,1,0,1
http://ow.ly/5553xz,18,5,0,3,2,0,0,0,0,1,0,0,0,1
https://linkedin.com/contact,26,11,1,0,1,0,1,0,0,0,2,0,0,0
http://36.34.190.251/secure/index.php?session=993657,50,13,0,2,14,2,1,3,1,0,2,0,0,1
http://amaz0n.top/account-verify-confirm.html?id=36249,52,10,0,0,7,1,1,0,0,0,1,1,0,1
https://www.nytimes.com/search?q=machine+learning,48,13,1,3,1,0,4,1,0,0,0,0,0,0
http://sbi-account-verify-nu9akiz8i0zcm-1f9-vyg.tk/account-verify/nu9akiz8i0zcm-1f9-vyg,89,42,0,2,10,8,0,0,0,0,4,1,0,1
http://login.paypal-support.cf/login.php,39,22,0,3,0,0,0,1,0,0,0,1,0,1
http://webscr.microsoft-secure.xyz/webscr.php,44,25,0,5,0,3,0,1,0,0,3,1,0,1
http://goo.gl/4889xz,19,5,0,1,6,0,0,1,0,1,0,0,0,1
http://117.230.97.6/account-verify/index.php?session=727886,60,10,0,3,16,3,0,0,1,0,4,0,0,1
https://docs.mit.edu/about,25,10,1,3,0,1,0,0,0,0,2,0,0,0
http://t.co/6151xz,16,2,0,0,4,0,1,0,0,1,0,0,0,1
https://en.linkedin.com/course/aiml,33,17,1,3,2,1,0,0,0,0,0,0,0,0
http://233.8.131.216/login/index.php?session=663048,50,15,0,5,18,2,3,2,1,0,2,0,0,1
https://www.geeksforgeeks.org/docs/api,39,19,1,2,0,0,2,0,0,0,0,0,0,0
https://static-assets.amazon.com/session/nvz552zbrd399q68rti?ref=871&track=1,76,22,1,4,11,0,4,0,0,0,1,0,0,0
https://cdn.geeksforgeeks.org/session/v4nmwvsb0uko?ref=950&track=1,68,21,1,0,5,0,4,0,0,0,2,0,0,0
http://gooogle.xyz/webscr-confirm.html?id=91773,48,10,0,0,7,3,0,0,0,0,0,1,0,1
https://www.google.com/docs/api,29,13,1,0,2,0,0,0,0,0,0,0,0,0
http://is.gd/2144xz,17,6,0,1,4,1,0,0,0,1,0,0,0,1
https://www.nytimes.com/user/profile,37,14,1,0,2,1,0,1,0,0,2,0,0,0
http://paypa1.ga/billing-update-confirm.html?id=20490,51,10,0,3,7,3,3,2,0,0,5,1,0,1
http://gooogle.ml/verify-confirm.html?id=11965,45,8,0,3,7,3,4,0,0,0,3,1,0,1
http://102.137.179.111/webscr/index.php?session=172981,54,17,0,6,19,0,0,0,1,0,3,0,0,1
https://www.stackoverflow.com/docs/api,36,22,1,4,0,0,0,0,0,0,0,0,0,0
http://t.co/5160xz,20,4,0,2,5,1,0,0,0,1,0,0,0,1
https://docs.github.com/blog/2024/article,39,17,1,0,4,0,0,0,0,0,0,0,0,0
https://amazon-login.xyz/login,29,15,1,3,0,1,1,2,0,0,3,1,0,1
https://www.wikipedia.org,26,16,1,2,0,2,0,3,0,0,1,0,0,0
http://197.49.207.136/secure/index.php?session=329932,51,15,0,4,15,0,4,1,1,0,0,0,0,1
http://gooogle.tk/confirm-password-confirm.html?id=49595,57,12,0,1,7,2,4,1,0,0,2,1,0,1
http://gooogle.info/login-confirm.html?id=31473,45,13,0,1,3,0,4,0,0,0,3,1,0,1
https://www.github.com/blog/2024/article,39,14,1,0,4,0,2,2,0,0,0,0,0,1
https://en.wikipedia.org,26,18,1,2,0,2,0,2,0,0,2,0,0,0
https://docs.nptel.ac.in/user/profile,37,17,1,2,1,2,1,2,0,0,1,0,0,0
https://en.icicibank.com/about,32,14,1,1,1,1,2,2,0,0,0,0,0,0
https://docs.mit.edu/about,27,11,1,3,0,0,0,0,0,0,0,0,0,0
https://www.nptel.ac.in/docs/api,34,13,1,1,0,0,0,2,0,0,0,0,0,0
http://webscr.icicibank-update.gq/webscr.php,45,28,0,2,0,0,1,0,0,0,5,1,0,1
https://wikipedia.org,23,11,1,1,0,0,0,1,0,0,0,0,0,0
https://static-assets.hdfcbank.com/session/72l4x5bwa?ref=700&track=1,67,28,1,3,10,0,2,3,0,0,0,0,0,0
http://account-verify.icicibank-support.xyz/account-verify.php,62,37,0,3,0,4,0,3,0,0,5,1,0,1
http://billing-update.microsoft-support.info/billing-update.php,62,37,0,2,0,5,1,0,0,0,1,1,0,1
http://paypal-login-c-e7-jy-xg4hpirpagj7lso2.ml/login/c-e7-jy-xg4hpirpagj7lso2,79,39,0,1,10,7,2,0,0,0,0,1,0,1
https://docs.hdfcbank.com/docs/api,36,16,1,1,2,0,0,0,0,0,3,0,0,0
https://www.microsoft.com,26,16,1,2,1,2,0,0,0,1,0,0,0,0
https://en.amazon.com/course/aiml,33,12,1,0,0,1,1,1,0,0,0,0,0,0
https://www.mit.edu/contact,29,13,1,4,0,0,0,0,0,0,1,0,0,0
https://cdn.icicibank.com/session/z1de1e1630pocr0?ref=327&track=1,63,19,1,2,10,0,2,0,0,0,3,0,0,0
http://194.238.84.67/confirm-password/index.php?session=64822,60,15,0,6,16,1,0,3,1,0,2,0,0,1
https://www.stackoverflow.com/products,36,21,1,2,0,0,0,3,0,0,2,0,0,0
http://bank-account.hdfcbank-update.xyz/bank-account.php,56,32,0,4,1,1,1,0,0,0,3,1,0,1
https://user-portal.nytimes.com/session/ujzr0fcybr3o9ubc1kk?ref=307&track=1,75,22,1,2,6,0,2,1,0,0,2,0,0,0
https://www.reddit.com/docs/api,30,13,1,0,1,2,0,3,0,1,0,0,0,0
https://cdn.nptel.ac.in/session/74izg9jj0076ekhi1rd?ref=426&track=1,66,17,1,1,10,0,4,4,0,0,0,0,0,0
http://tinyurl.com/8870xz,27,10,0,0,2,0,1,2,0,1,0,0,0,1
http://faceb00k.club/bank-account-confirm.html?id=51873,56,15,0,1,6,4,3,2,0,0,2,1,0,1
http://faceb00k.ga/account-verify-confirm.html?id=37100,54,13,0,0,9,3,1,0,0,0,3,1,0,1
https://www.geeksforgeeks.org/blog/2024/article,48,22,1,4,3,1,2,0,0,0,0,0,0,0
https://en.geeksforgeeks.org,26,22,1,0,0,0,0,3,0,0,1,0,0,0
https://user-portal.nptel.ac.in/session/ooxucr9c0tk1qqfvwu?ref=883&track=1,73,23,1,3,9,1,2,0,0,0,1,0,0,0
http://106.83.20.200/webscr/index.php?session=794830,54,13,0,2,17,0,1,0,1,0,3,0,0,1
https://www.reddit.com/contact,28,13,1,1,0,2,0,3,0,1,1,0,0,0
http://62.114.127.44/signin/index.php?session=630686,53,14,0,2,16,0,3,2,1,0,2,0,0,1
http://240.59.251.166/secure/index.php?session=832813,52,14,0,5,18,1,4,4,1,0,3,0,0,1
http://102.156.199.182/secure/index.php?session=345571,55,13,0,6,19,0,0,2,1,0,1,0,0,1
http://paypal-bank-account-cx-ibhjexwph7wc5qajivcvigm3.club/bank-account/cx-ibhjexwph7wc5qajivcvigm3,101,52,0,0,7,6,0,0,0,0,3,1,0,1
https://static-assets.sbi.co.in/session/26unvsdkv54c6p1ll?ref=150&track=1,72,21,1,1,10,3,5,2,0,0,0,0,0,0
https://www.irctc.co.in/search?q=machine+learning,49,15,1,5,2,2,4,1,0,0,0,0,0,0
https://icicibank-secure.club/secure,38,22,1,2,0,2,1,0,0,0,3,1,0,1
https://www.geeksforgeeks.org/docs/api,39,19,1,0,0,1,0,2,0,0,1,0,0,0
https://www.hdfcbank.com/home,30,14,1,2,0,2,1,0,0,0,0,0,0,0
http://sbi-verify-1t7jmdj8p2f--dgibtmqt2vw-.tk/verify/1t7jmdj8p2f--dgibtmqt2vw-,80,41,0,3,9,8,0,0,0,0,0,1,0,0
https://paypal-billing-update.info/billing-update,49,26,1,1,0,3,1,0,0,0,1,1,0,1
https://en.stackoverflow.com,29,20,1,1,1,2,0,1,0,0,0,0,0,0
https://www.sbi.co.in/docs/api,32,11,1,3,1,1,1,2,0,0,0,0,0,0
http://bank-account.hdfcbank-secure.ml/bank-account.php,57,31,0,4,1,5,0,3,0,0,5,1,0,1
http://224.177.3.75/secure/index.php?session=15642,51,14,0,3,15,0,0,0,1,0,0,0,0,1
https://en.mit.edu/course/aiml,29,10,1,2,0,0,1,2,0,0,1,0,0,0
https://en.amazon.com/about,28,12,1,1,1,2,0,0,0,0,0,0,0,0
http://signin.icicibank-update.tk/signin.php,46,24,0,2,2,0,1,0,0,0,3,1,0,1
http://amazon-bank-account-ahguaalzgsmc8ff01d6nnkotwyzc.ml/bank-account/ahguaalzgsmc8ff01d6nnkotwyzc,102,49,0,0,10,2,2,0,0,0,3,1,0,0
https://en.amazon.com/home,28,12,1,4,1,2,2,2,0,0,2,0,0,0
https://paypal-bank-account.ga/bank-account,45,23,1,2,2,4,0,0,0,0,1,1,0,1
http://login.icicibank-update.top/login.php,44,26,0,3,1,1,0,3,0,0,1,1,0,1
http://micros0ft.cf/secure-confirm.html?id=58388,47,10,0,2,8,0,2,0,0,0,4,1,0,1
http://amazon-signin-7o3gty-pa3ep5cytn9.club/signin/7o3gty-pa3ep5cytn9,70,36,0,2,12,4,0,0,0,0,0,1,0,1
http://43.72.231.139/verify/index.php?session=185452,50,11,0,6,16,0,4,2,1,0,0,0,0,1
http://netflix-secure-hb30410buvfh8b1ahi2zxt3hko2dnsu8j.xyz/secure/hb30410buvfh8b1ahi2zxt3hko2dnsu8j,99,52,0,0,20,4,0,0,0,0,0,1,0,1
https://www.nptel.ac.in/contact,29,17,1,2,0,1,0,3,0,0,0,0,0,0
http://cutt.ly/7751xz,20,5,0,2,5,0,1,2,0,1,0,0,0,1
http://billing-update.hdfcbank-support.info/billing-update.php,63,34,0,2,2,2,0,3,0,0,3,1,0,1
http://bit.ly/6301xz,22,8,0,1,3,0,2,0,0,1,2,0,0,1
https://docs.github.com/blog/2024/article,41,13,1,4,2,1,1,0,0,0,1,0,0,0
https://en.hdfcbank.com/course/aiml,33,13,1,4,0,0,2,2,0,0,2,0,0,0
https://icicibank-billing-update.cf/billing-update,49,27,1,1,0,5,0,2,0,0,5,1,0,0
https://amazon-bank-account.work/bank-account,44,22,1,1,0,3,1,0,0,0,4,1,0,1
http://cutt.ly/5502xz,22,8,0,2,3,1,2,2,0,1,0,0,0,1
https://hdfcbank.com/user/profile,32,14,1,0,1,1,0,1,0,0,3,0,0,0
http://bank-account.hdfcbank-secure.tk/bank-account.php,54,29,0,4,2,2,0,2,0,0,5,1,0,0
http://goo.gl/8481xz,18,8,0,0,2,0,0,2,0,1,0,0,0,1
http://paypal-webscr-imz8e6rxsnjoqqriludr.work/webscr/imz8e6rxsnjoqqriludr,75,40,0,0,2,1,1,1,0,0,2,1,0,1
http://amazon-signin-n-grkaoqt335kccojdgjlcsw8a34hp.xyz/signin/n-grkaoqt335kccojdgjlcsw8a34hp,94,50,0,3,12,6,0,2,0,0,2,1,0,1
http://secure.amazon-secure.ga/secure.php,40,22,0,1,2,0,2,1,0,0,0,1,0,1
https://www.bbc.com,17,13,1,0,2,0,0,1,0,0,1,0,0,0
http://tinyurl.com/3657xz,27,9,0,0,5,0,0,2,0,1,0,0,0,1
https://www.w3schools.com,25,15,1,1,3,2,0,1,0,0,0,0,0,0
http://211.170.159.186/update/index.php?session=949857,55,13,0,2,18,1,4,2,1,0,1,0,0,1
https://en.bbc.com,19,10,1,4,2,0,0,0,0,0,2,0,0,0
https://www.icicibank.com/user/profile,36,17,1,4,0,0,0,1,0,0,0,0,0,0
https://docs.linkedin.com/products,35,16,1,4,2,2,2,0,0,0,2,0,0,1
https://en.flipkart.com/products,32,13,1,1,2,0,0,1,0,1,0,0,0,0
https://docs.reddit.com/docs/api,31,16,1,1,1,0,0,1,0,1,0,0,0,0
http://163.85.117.158/billing-update/index.php?session=959176,60,13,0,2,18,0,3,0,1,0,3,0,0,1
https://microsoft.com/search?q=machine+learning,47,11,1,3,0,0,0,1,0,1,0,0,0,0
https://cdn.microsoft.com/session/62unw65b4eyq1s4dj?ref=441&track=1,67,19,1,0,12,1,6,3,0,1,0,0,0,0
http://sbi-signin-fw2enh7be9yohaw67n9n9-bwv.tk/signin/fw2enh7be9yohaw67n9n9-bwv,79,38,0,1,14,5,0,0,0,0,1,1,0,1
https://amazon-confirm-password.info/confirm-password,53,26,1,3,2,3,2,0,0,0,4,1,0,1
http://paypal-secure-qy997lkxe7l30uadht6in4tg9ku.cf/secure/qy997lkxe7l30uadht6in4tg9ku,84,44,0,0,20,4,2,1,0,0,1,1,0,1
http://webscr.paypal-update.xyz/webscr.php,43,22,0,1,0,0,0,2,0,0,2,1,0,0
https://www.microsoft.com,25,18,1,4,0,2,2,0,0,1,2,0,0,0
http://sbi-secure-5fv4iyl24c40qx4qgxnhsxxnqa5q4psn.ga/secure/5fv4iyl24c40qx4qgxnhsxxnqa5q4psn,91,48,0,1,17,2,1,0,0,0,2,1,0,1
http://netflix-bank-account-s1ew3tot8dpj2g6.cf/bank-account/s1ew3tot8dpj2g6,73,39,0,2,10,2,1,0,0,0,0,1,0,1
http://cutt.ly/2902xz,21,6,0,3,5,2,0,0,0,1,1,0,0,1
https://www.google.com/user/profile,36,13,1,4,0,0,1,0,0,0,0,0,0,1
https://www.wikipedia.org/blog/2024/article,41,16,1,4,2,2,0,0,0,0,0,0,0,0
https://static-assets.nytimes.com/session/y0zia9au87cm453kf486?ref=315&track=1,78,24,1,3,13,2,3,1,0,0,0,0,0,0
https://www.nptel.ac.in/products,32,13,1,3,0,1,1,3,0,0,0,0,0,0
https://www.flipkart.com/search?q=machine+learning,51,14,1,1,0,0,4,1,0,1,0,0,0,0
https://flipkart.com/user/profile,31,12,1,0,0,0,0,2,0,1,0,0,0,0
https://www.amazon.com/contact,32,15,1,4,2,1,2,1,0,0,2,0,0,0
http://amazon-secure-0jvk-rt68xc9mmge.info/secure/0jvk-rt68xc9mmge,65,35,0,1,7,6,0,0,0,0,1,1,0,1
https://docs.icicibank.com/about,32,18,1,1,0,0,1,0,0,0,2,0,0,0
https://docs.amazon.com/docs/api,34,14,1,4,2,1,0,1,0,0,1,0,0,0
http://gooogle.xyz/billing-update-confirm.html?id=85765,57,9,0,1,3,2,2,2,0,0,4,1,0,1
https://docs.reddit.com/about,30,13,1,1,0,2,2,1,0,1,2,0,0,0
https://docs.reddit.com/about,30,13,1,1,0,0,1,0,0,1,0,0,0,0
https://www.python.org/about,29,12,1,2,0,0,0,0,0,0,1,0,0,0
https://docs.geeksforgeeks.org/products,39,24,1,2,0,2,0,0,0,0,1,0,0,0
https://www.google.com/blog/2024/article,38,16,1,0,2,0,0,1,0,0,0,0,0,0
http://bit.ly/6378xz,20,6,0,0,4,1,0,0,0,1,1,0,0,1
https://github.com/docs/api,28,12,1,0,0,1,1,0,0,0,0,0,0,0
http://faceb00k.info/billing-update-confirm.html?id=21693,58,11,0,1,7,2,1,2,0,0,2,1,0,1
https://www.github.com/products,31,13,1,1,2,0,0,2,0,0,0,0,0,0
https://www.w3schools.com/contact,35,17,1,4,0,2,0,3,0,0,0,0,0,0
http://225.53.56.247/verify/index.php?session=652899,50,14,0,3,17,1,1,4,1,0,0,0,0,1
https://docs.bbc.com/course/aiml,32,14,1,0,0,0,1,0,0,0,0,0,0,0
https://www.w3schools.com/user/profile,36,16,1,4,0,0,2,0,0,0,0,0,0,0
http://sbi-signin--eh7pmkq0ddte0-4699ytvc0a0e-eloj0.club/signin/-eh7pmkq0ddte0-4699ytvc0a0e-eloj0,99,49,0,2,21,10,0,2,0,0,0,1,0,1
https://www.microsoft.com/about,30,19,1,2,1,0,0,0,0,1,2,0,0,0
https://www.nptel.ac.in/course/aiml,34,15,1,5,0,1,0,4,0,0,2,0,0,0
http://amazon-update-f9-2qcg52rl5mk0pm3e2ba.ml/update/f9-2qcg52rl5mk0pm3e2ba,74,40,0,1,18,3,0,0,0,0,0,1,0,1
https://www.nytimes.com/docs/api,30,16,1,1,0,1,0,1,0,0,2,0,0,0
https://hdfcbank.com/user/profile,35,10,1,2,1,1,1,0,0,0,0,0,0,0
https://icicibank-billing-update.work/billing-update,51,30,1,2,0,5,0,0,0,0,3,1,0,1
http://billing-update.paypal-update.work/billing-update.php,58,35,0,1,0,1,0,1,0,0,0,1,0,1
http://214.246.43.123/login/index.php?session=789878,50,12,0,2,16,0,2,2,1,0,2,0,0,1
https://www.wikipedia.org/docs/api,33,16,1,2,0,2,1,0,0,0,1,0,0,0
https://docs.nptel.ac.in/products,33,14,1,4,2,0,1,3,0,0,1,0,0,0
https://linkedin.com/search?q=machine+learning,46,11,1,3,0,0,3,1,0,0,1,0,0,0
https://www.mit.edu/search?q=machine+learning,47,13,1,4,0,0,1,1,0,0,0,0,0,0
http://secure.amazon-support.xyz/secure.php,43,25,0,5,1,2,1,3,0,0,2,1,0,1
http://tinyurl.com/7691xz,26,13,0,1,6,0,0,2,0,1,0,0,0,1
https://en.nytimes.com/user/profile,37,14,1,2,0,0,0,1,0,0,0,0,0,0
https://api-v2.google.com/session/qe8nvn439enga01yzg?ref=927&track=1,68,16,1,1,12,0,6,0,0,0,0,0,0,0
https://docs.reddit.com/course/aiml,37,15,1,1,0,0,0,1,0,1,2,0,0,0
https://google.com/docs/api,26,12,1,2,0,0,0,0,0,0,0,0,0,0
http://cutt.ly/2664xz,20,7,0,0,6,0,0,0,0,1,0,0,0,1
http://faceb00k.top/bank-account-confirm.html?id=69402,53,14,0,0,5,2,4,0,0,0,3,1,0,1
http://is.gd/6578xz,21,4,0,3,5,0,0,0,0,1,1,0,0,1
http://faceb00k.gq/billing-update-confirm.html?id=35153,55,10,0,4,6,1,0,0,0,0,5,1,0,0
http://paypal-account-verify-e8cxtvo985ohm6uhlwjyruazbgi1r.xyz/account-verify/e8cxtvo985ohm6uhlwjyruazbgi1r,108,55,0,0,11,5,2,2,0,0,2,1,0,1
https://www.reddit.com/contact,32,13,1,3,0,2,0,2,0,1,2,0,0,0
http://paypa1.info/verify-confirm.html?id=18652,48,10,0,2,5,0,3,0,0,0,3,1,0,1
https://docs.mit.edu/about,26,12,1,1,0,0,2,2,0,0,0,0,0,0
https://en.nptel.ac.in/course/aiml,34,14,1,1,1,1,2,0,0,0,1,0,0,0
https://nytimes.com/user/profile,34,9,1,1,0,2,2,0,0,0,0,0,0,0
http://webscr.amazon-support.cf/webscr.php,41,24,0,5,1,1,0,3,0,0,0,1,0,1
http://paypa1.cf/webscr-confirm.html?id=43839,44,11,0,1,4,0,2,0,0,0,0,1,0,1
http://152.137.198.175/billing-update/index.php?session=282560,64,14,0,2,20,2,1,4,1,0,3,0,0,1
http://cutt.ly/8029xz,19,5,0,2,4,1,2,0,0,1,0,0,0,0
https://www.stackoverflow.com/course/aiml,41,21,1,0,0,2,0,0,0,0,0,0,0,0
http://76.186.103.23/verify/index.php?session=207193,54,13,0,5,14,0,1,4,1,0,3,0,0,1
https://paypal-billing-update.club/billing-update,49,28,1,2,1,4,0,0,0,0,4,1,0,1
https://www.amazon.com/home,25,16,1,4,0,0,0,0,0,0,1,0,0,0
http://38.226.186.225/secure/index.php?session=771468,54,16,0,4,19,1,0,0,1,0,0,0,0,1
https://www.flipkart.com/course/aiml,35,15,1,3,2,0,0,0,0,1,2,0,0,0
https://www.amazon.com/contact,30,12,1,0,2,0,0,0,0,0,0,0,0,0
http://amazon-verify-ub-5cmlsad1ucsxnqmwmmn3v62qtyu1.xyz/verify/ub-5cmlsad1ucsxnqmwmmn3v62qtyu1,95,49,0,0,14,2,0,0,0,0,0,1,0,1
http://netflix-secure-i7zr9nkrz35zzfxhqcocwmjk6.tk/secure/i7zr9nkrz35zzfxhqcocwmjk6,85,43,0,3,9,2,0,0,0,0,3,1,0,0
https://irctc.co.in,21,10,1,0,0,0,2,0,0,0,0,0,0,0
https://docs.reddit.com/user/profile,36,13,1,2,0,1,1,3,0,1,2,0,0,0
http://112.199.207.93/billing-update/index.php?session=852375,61,16,0,3,19,2,1,2,1,0,1,0,0,1
http://44.204.238.131/billing-update/index.php?session=605565,63,15,0,4,19,2,1,4,1,0,1,0,0,1
https://www.amazon.com/course/aiml,35,15,1,3,1,0,0,1,0,0,0,0,0,0
https://paypal-secure.ml/secure,31,17,1,2,2,2,2,0,0,0,1,1,0,1
https://en.icicibank.com/course/aiml,36,18,1,4,2,0,0,3,0,0,2,0,0,0
http://billing-update.hdfcbank-update.ml/billing-update.php,61,34,0,2,2,5,0,0,0,0,5,1,0,1
http://netflix-login-fxmbesb3lcr04sj5bjpil1vezd6mlg.top/login/fxmbesb3lcr04sj5bjpil1vezd6mlg,94,46,0,3,11,2,2,1,0,0,0,1,0,1
http://amaz0n.gq/signin-confirm.html?id=97321,44,8,0,2,7,2,0,0,0,0,1,1,0,1
http://amaz0n.info/account-verify-confirm.html?id=90625,56,13,0,4,4,1,3,1,0,0,1,1,0,1
https://www.hdfcbank.com/contact,30,14,1,2,1,0,0,3,0,0,0,0,0,0
http://189.204.159.169/login/index.php?session=962460,55,15,0,2,18,0,1,0,1,0,0,0,0,1
https://google.com/blog/2024/article,37,10,1,2,4,1,1,1,0,0,0,0,0,0
http://62.169.91.148/secure/index.php?session=31610,50,14,0,3,15,1,3,3,1,0,0,0,0,1
https://docs.sbi.co.in,22,13,1,2,0,1,0,3,0,0,0,0,0,0
http://74.192.143.247/signin/index.php?session=635362,53,15,0,5,16,0,0,0,1,0,0,0,0,1
https://google.com/about,25,10,1,3,1,0,1,1,0,0,2,0,0,0
https://cdn.geeksforgeeks.org/session/f3naplgw1xl1b?ref=840&track=1,68,23,1,3,8,2,3,2,0,0,0,0,0,0
https://www.nytimes.com/contact,29,14,1,3,0,0,1,2,0,0,0,0,0,0
http://confirm-password.paypal-support.ml/confirm-password.php,63,35,0,2,0,5,0,0,0,0,2,1,0,1
https://netflix-verify.ml/verify,32,16,1,0,0,2,0,0,0,0,3,1,0,1
http://update.icicibank-update.tk/update.php,42,27,0,4,0,1,1,3,0,0,2,1,0,1
https://www.python.org/blog/2024/article,39,15,1,0,6,2,2,2,0,0,1,0,0,0
https://en.w3schools.com/blog/2024/article,42,18,1,4,5,0,1,3,0,0,0,0,0,0
https://www.stackoverflow.com/course/aiml,41,19,1,0,2,1,0,1,0,0,0,0,0,0
http://amaz0n.ga/secure-confirm.html?id=13573,46,9,0,3,7,0,0,0,0,0,4,1,0,1
http://micros0ft.gq/confirm-password-confirm.html?id=39192,60,14,0,2,6,3,4,1,0,0,1,1,0,1
http://109.79.85.20/webscr/index.php?session=978258,53,11,0,5,17,2,4,1,1,0,0,0,0,1
https://www.bbc.com/docs/api,29,12,1,0,0,0,1,0,0,0,0,0,0,0
https://en.irctc.co.in/about,30,12,1,1,0,2,0,3,0,0,1,0,0,0
https://paypal-signin.ga/signin,29,18,1,1,0,3,2,1,0,0,2,1,0,1
https://www.wikipedia.org/course/aiml,35,16,1,1,0,0,0,0,0,0,0,0,0,0
https://www.amazon.com/contact,29,15,1,4,2,1,0,1,0,0,0,0,0,0
http://208.197.59.7/webscr/index.php?session=5728,48,14,0,3,11,0,4,4,1,0,2,0,0,1
https://docs.geeksforgeeks.org/products,41,23,1,1,0,0,0,3,0,0,2,0,0,0
https://www.reddit.com/about,26,14,1,0,0,1,0,0,0,1,1,0,0,0
http://is.gd/3855xz,18,5,0,0,4,0,0,0,0,1,2,0,0,1
https://www.bbc.com/docs/api,29,11,1,0,0,2,0,0,0,0,0,0,0,0
https://cdn.google.com/session/rjhrf34jgvrp4r?ref=461&track=1,60,13,1,2,8,0,6,0,0,0,2,0,0,0
https://amazon-confirm-password.info/confirm-password,51,26,1,1,0,4,0,0,0,0,3,1,0,1
https://user-portal.sbi.co.in/session/3tvf51z58b4j?ref=536&track=1,66,20,1,4,11,0,2,2,0,0,2,0,0,0
https://www.microsoft.com/blog/2024/article,45,16,1,1,2,1,1,1,0,1,2,0,0,0
https://bbc.com/search?q=machine+learning,41,8,1,2,0,0,4,2,0,0,2,0,0,0
https://w3schools.com/home,28,14,1,0,0,0,2,0,0,0,0,0,0,0
http://gooogle.com/webscr-confirm.html?id=15607,47,10,0,0,3,1,4,2,0,0,0,0,0,1
https://en.linkedin.com/blog/2024/article,40,16,1,0,2,0,0,3,0,0,2,0,0,0
https://www.icicibank.com/docs/api,36,19,1,4,2,2,0,3,0,0,2,0,0,0
https://nytimes.com/blog/2024/article,38,13,1,0,4,0,0,0,0,0,0,0,0,0
http://faceb00k.gq/confirm-password-confirm.html?id=37781,56,9,0,2,9,0,4,1,0,0,3,1,0,1
http://amazon-confirm-password-l09lgfq-5l4axmas1xh1sfi.cf/confirm-password/l09lgfq-5l4axmas1xh1sfi,98,52,0,2,12,4,0,2,0,0,1,1,0,1
https://microsoft.com/blog/2024/article,38,15,1,2,3,0,0,0,0,1,0,0,0,0
http://139.173.205.214/verify/index.php?session=677311,54,16,0,2,20,0,2,4,1,0,2,0,0,1
https://w3schools.com,20,12,1,2,2,0,1,2,0,0,0,0,0,0
http://250.20.49.40/login/index.php?session=697069,50,11,0,6,15,1,4,0,1,0,3,0,0,1
http://t.co/8424xz,17,3,0,1,3,2,0,2,0,1,0,0,0,1
https://www.w3schools.com/docs/api,32,19,1,4,0,0,0,3,0,0,0,0,0,0
https://netflix-account-verify.gq/account-verify,50,27,1,3,0,1,1,0,0,0,0,1,0,1
http://netflix-confirm-password-o68kp54rvhr0w-d6e-4sc.info/confirm-password/o68kp54rvhr0w-d6e-4sc,95,53,0,0,12,10,0,1,0,0,4,1,0,1
http://ow.ly/5081xz,21,4,0,1,4,0,0,0,0,1,1,0,0,1
https://www.stackoverflow.com/user/profile,42,23,1,0,2,0,1,2,0,0,0,0,0,0
http://237.93.71.97/bank-account/index.php?session=767734,58,11,0,2,15,3,2,4,1,0,2,0,0,1
https://www.linkedin.com/products,32,16,1,2,0,1,0,2,0,0,1,0,0,1
http://verify.icicibank-support.cf/verify.php,43,27,0,4,1,3,0,1,0,0,0,1,0,1
https://www.flipkart.com/user/profile,37,15,1,3,0,0,0,0,0,1,2,0,0,0
http://tinyurl.com/3068xz,26,11,0,0,3,2,2,0,0,1,0,0,0,1
https://paypal-secure.ga/secure,31,18,1,0,1,1,0,0,0,0,0,1,0,0
https://paypal-login.tk/login,31,16,1,0,0,2,0,1,0,0,0,1,0,1
http://faceb00k.com/verify-confirm.html?id=42736,48,11,0,4,7,0,4,1,0,0,3,0,0,1
https://www.reddit.com/search?q=machine+learning,48,16,1,4,1,0,4,0,0,1,2,0,0,0
https://python.org/contact,27,8,1,0,1,2,0,0,0,0,0,0,0,0
https://www.nytimes.com,23,14,1,1,0,1,0,0,0,0,0,0,0,0
https://www.flipkart.com/home,29,14,1,0,0,1,1,3,0,1,2,0,0,0
https://www.w3schools.com/blog/2024/article,42,17,1,1,4,0,1,0,0,0,2,0,0,0
http://goo.gl/9237xz,19,7,0,0,4,0,2,2,0,1,0,0,0,1
https://www.wikipedia.org/home,28,16,1,3,2,2,0,0,0,0,0,0,0,0
http://paypal-confirm-password--5d9xfsfit3rjed59q6h3i.tk/confirm-password/-5d9xfsfit3rjed59q6h3i,94,51,0,0,14,5,2,1,0,0,1,1,0,1
https://www.stackoverflow.com/contact,38,19,1,0,2,0,2,0,0,0,0,0,0,0
http://180.168.107.101/account-verify/index.php?session=179510,61,15,0,2,17,2,1,2,1,0,0,0,0,1
https://www.sbi.co.in/user/profile,34,14,1,2,2,0,0,0,0,0,0,0,0,0
https://www.github.com/search?q=machine+learning,48,16,1,4,1,0,0,2,0,0,0,0,0,0
https://linkedin.com/search?q=machine+learning,46,10,1,3,0,0,1,0,0,0,2,0,0,0
https://en.icicibank.com/about,32,15,1,4,2,0,0,1,0,0,0,0,0,0
http://tinyurl.com/7194xz,26,9,0,2,4,1,0,1,0,1,0,0,0,1
https://paypal-webscr.ga/webscr,32,15,1,0,1,2,1,1,0,0,3,1,0,1
https://www.reddit.com/blog/2024/article,38,13,1,4,2,2,0,1,0,1,0,0,0,0
https://en.nptel.ac.in/search?q=machine+learning,47,12,1,2,2,0,2,3,0,0,1,0,0,0
https://docs.linkedin.com/user/profile,39,19,1,2,0,0,0,2,0,0,0,0,0,0
https://netflix-webscr.gq/webscr,32,17,1,1,0,2,1,0,0,0,2,1,0,1
https://microsoft.com,22,11,1,1,0,1,0,0,0,1,1,0,0,0
http://amazon-signin-q10i3m6eu-wdpw7jfpz873a97.xyz/signin/q10i3m6eu-wdpw7jfpz873a97,82,41,0,1,22,3,0,2,0,0,2,1,0,1
https://python.org/user/profile,29,10,1,0,2,1,2,2,0,0,0,0,0,0
http://amazon-account-verify-aqqpqmj7jfivtthbobi0fwujtjf.xyz/account-verify/aqqpqmj7jfivtthbobi0fwujtjf,101,51,0,2,6,3,0,1,0,0,0,1,0,1
http://netflix-update-r89e6sfe1y8h2cqdc40khys69my5zq.club/update/r89e6sfe1y8h2cqdc40khys69my5zq,94,49,0,2,23,0,1,0,0,0,2,1,0,1
https://www.nptel.ac.in,21,14,1,4,1,1,1,3,0,0,1,0,0,0
https://www.icicibank.com/search?q=machine+learning,53,15,1,4,2,2,1,1,0,0,1,0,0,0
https://github.com/course/aiml,31,11,1,1,0,0,0,0,0,0,0,0,0,0
https://www.wikipedia.org/search?q=machine+learning,52,16,1,4,0,0,2,3,0,0,0,0,0,0
http://micros0ft.top/billing-update-confirm.html?id=75078,57,14,0,2,4,3,0,1,0,0,5,1,0,1
http://faceb00k.com/login-confirm.html?id=68244,45,14,0,4,8,0,3,1,0,0,1,0,0,1
https://www.linkedin.com/docs/api,33,17,1,1,0,2,0,0,0,0,0,0,0,0
http://netflix-confirm-password-490lsg6xm01zcssf9htur.ga/confirm-password/490lsg6xm01zcssf9htur,94,50,0,2,15,5,2,0,0,0,0,1,0,0
https://api-v2.icicibank.com/session/1zm4lcvhfwjfpp?ref=801&track=1,66,20,1,1,9,1,5,0,0,0,3,0,0,0
https://www.stackoverflow.com/products,39,20,1,1,0,2,0,0,0,0,0,0,0,0
http://tinyurl.com/8552xz,23,13,0,0,3,2,0,2,0,1,0,0,0,1
https://www.google.com,23,16,1,3,0,1,0,0,0,0,0,0,0,0
http://confirm-password.microsoft-secure.info/confirm-password.php,68,36,0,2,1,5,0,1,0,0,3,1,0,1
https://user-portal.wikipedia.org/session/pw0gkejzxpr2d0vg4wfe?ref=139&track=1,77,23,1,0,7,3,5,3,0,0,0,0,0,0
https://www.linkedin.com/user/profile,39,16,1,2,0,2,0,0,0,0,1,0,0,0
http://gooogle.top/confirm-password-confirm.html?id=84802,57,10,0,4,7,3,0,2,0,0,1,1,0,1
https://api-v2.flipkart.com/session/dmz5rgoi9w?ref=562&track=1,63,20,1,0,9,2,4,1,0,1,0,0,0,0
https://www.google.com/search?q=machine+learning,47,16,1,1,0,2,3,0,0,0,0,0,0,0
https://www.reddit.com/products,32,13,1,4,2,0,0,0,0,1,1,0,0,0
http://paypa1.xyz/account-verify-confirm.html?id=29852,52,12,0,0,4,3,1,0,0,0,4,1,0,0
https://www.reddit.com/course/aiml,34,15,1,1,0,0,0,3,0,1,0,0,0,0
https://www.irctc.co.in/blog/2024/article,43,15,1,1,6,1,0,2,0,0,2,0,0,0
http://paypal-login-un557r16oz8dsonlk2jyqp-zwgi.xyz/login/un557r16oz8dsonlk2jyqp-zwgi,86,45,0,1,13,5,0,0,0,0,3,1,0,1
http://108.3.255.116/update/index.php?session=142180,50,12,0,3,16,0,1,4,1,0,2,0,0,0
https://python.org/contact,25,9,1,0,0,0,0,2,0,0,0,0,0,0
http://netflix-verify-gj-u7v609lw9o0xc0vl4ykljlivbcnlf.xyz/verify/gj-u7v609lw9o0xc0vl4ykljlivbcnlf,96,49,0,0,18,4,0,0,0,0,0,1,0,1
https://www.microsoft.com/home,32,19,1,0,0,0,0,0,0,1,1,0,0,0
https://en.hdfcbank.com/home,28,17,1,0,0,1,0,2,0,0,0,0,0,0
http://bit.ly/6377xz,21,8,0,0,2,2,0,0,0,1,0,0,0,1
http://account-verify.hdfcbank-support.top/account-verify.php,61,33,0,4,1,1,2,0,0,0,2,1,0,1
https://docs.icicibank.com/course/aiml,37,17,1,3,0,1,0,2,0,0,1,0,0,0
https://docs.amazon.com/products,34,16,1,2,0,0,0,1,0,0,0,0,0,0
http://48.174.102.69/bank-account/index.php?session=520522,60,15,0,6,16,0,0,0,1,0,2,0,0,1
http://amazon-bank-account-8c8hq5no5gcu9bxl9yo2-gxekb0dmm.ga/bank-account/8c8hq5no5gcu9bxl9yo2-gxekb0dmm,106,52,0,3,17,4,0,1,0,0,4,1,0,1
http://micros0ft.club/confirm-password-confirm.html?id=43730,59,16,0,3,6,1,3,1,0,0,3,1,0,1
http://confirm-password.hdfcbank-update.tk/confirm-password.php,65,33,0,1,0,3,1,1,0,0,3,1,0,1
https://www.hdfcbank.com/blog/2024/article,42,15,1,2,5,2,0,2,0,0,2,0,0,0
https://en.bbc.com/about,22,11,1,1,2,0,0,1,0,0,1,0,0,0
https://netflix-signin.info/signin,33,20,1,2,0,0,1,0,0,0,2,1,0,1
https://paypal-bank-account.tk/bank-account,41,22,1,0,0,1,0,1,0,0,1,1,0,1
https://icicibank-update.ml/update,35,17,1,0,1,3,0,2,0,0,2,1,0,1
https://www.irctc.co.in/home,26,15,1,3,0,1,1,0,0,0,0,0,0,0
https://www.google.com,23,14,1,0,0,0,0,0,0,0,0,0,0,0
https://en.w3schools.com/search?q=machine+learning,50,18,1,2,0,2,0,0,0,0,0,0,0,0
http://tinyurl.com/4781xz,26,12,0,0,5,0,1,1,0,1,0,0,0,1
http://170.171.169.8/secure/index.php?session=662467,52,13,0,3,14,0,4,2,1,0,0,0,0,1
https://en.nytimes.com/blog/2024/article,42,15,1,2,6,0,0,2,0,0,0,0,0,0
http://gooogle.com/webscr-confirm.html?id=57955,48,9,0,1,5,0,0,2,0,0,2,0,0,1
https://www.flipkart.com/about,30,18,1,3,2,0,0,0,0,1,1,0,0,0
https://static-assets.nytimes.com/session/5wh50jyook63rvwozqx?ref=172&track=1,77,23,1,3,8,2,4,0,0,0,2,0,0,0
http://224.159.242.15/signin/index.php?session=174989,53,12,0,3,17,0,2,1,1,0,2,0,0,1
https://www.w3schools.com/docs/api,33,15,1,2,2,0,0,0,0,0,0,0,0,0
https://icicibank-billing-update.tk/billing-update,51,25,1,0,0,2,0,0,0,0,4,1,0,1
http://billing-update.amazon-support.top/billing-update.php,58,35,0,1,1,1,0,0,0,0,3,1,0,1
https://www.google.com/products,33,13,1,0,0,1,1,1,0,0,2,0,0,0
https://www.nytimes.com/search?q=machine+learning,49,13,1,3,0,0,3,0,0,0,0,0,0,0
https://www.python.org/course/aiml,33,13,1,0,0,0,0,0,0,0,0,0,0,0
http://125.2.13.7/confirm-password/index.php?session=623977,57,9,0,6,13,0,2,4,1,0,0,0,0,1
http://bit.ly/1129xz,20,8,0,1,6,0,0,1,0,1,0,0,0,0
http://signin.microsoft-update.work/signin.php,48,26,0,3,0,0,0,1,0,0,0,1,0,1
https://docs.stackoverflow.com/course/aiml,42,22,1,4,0,1,1,2,0,0,0,0,0,0
http://amazon-webscr-oxh9wlig8r3fnfp6md3e.info/webscr/oxh9wlig8r3fnfp6md3e,72,38,0,0,11,3,2,0,0,0,1,1,0,1
https://paypal-login.work/login,33,16,1,3,0,3,0,0,0,0,0,1,0,1
https://linkedin.com/docs/api,30,11,1,1,2,0,0,0,0,0,0,0,0,0
https://www.reddit.com/blog/2024/article,38,14,1,2,3,0,2,0,0,1,0,0,0,0
https://en.amazon.com/contact,27,15,1,4,0,0,1,3,0,0,0,0,0,0
http://faceb00k.top/update-confirm.html?id=69863,50,14,0,1,5,3,1,0,0,0,1,1,0,1
https://nytimes.com/products,28,11,1,0,0,2,1,2,0,0,0,0,0,0
https://www.google.com/course/aiml,34,14,1,0,2,1,2,1,0,0,0,0,0,0
http://signin.icicibank-secure.gq/signin.php,45,24,0,3,1,0,0,0,0,0,2,1,0,1
http://31.136.118.248/login/index.php?session=539457,50,14,0,4,15,1,4,2,1,0,1,0,0,1
https://geeksforgeeks.org,27,15,1,3,0,2,0,0,0,0,2,0,0,0
http://account-verify.hdfcbank-secure.club/account-verify.php,61,34,0,5,2,1,0,3,0,0,4,1,0,1
https://amazon-secure.work/secure,34,16,1,1,0,1,0,0,0,0,2,1,0,1
http://netflix-billing-update-8ac7dk68icm23s78jrp.tk/billing-update/8ac7dk68icm23s78jrp,89,47,0,3,16,2,2,2,0,0,4,1,0,1
http://bit.ly/2538xz,18,8,0,0,6,0,0,0,0,1,0,0,0,1
http://sbi-confirm-password-hz3sc0t9dhddcirpx8a3cqbyxllmqbx.ml/confirm-password/hz3sc0t9dhddcirpx8a3cqbyxllmqbx,110,54,0,2,10,3,2,1,0,0,2,1,0,1
https://en.w3schools.com/about,32,17,1,4,1,0,0,2,0,0,0,0,0,0
http://ow.ly/2595xz,20,4,0,1,6,0,1,2,0,1,0,0,0,1
http://26.119.200.130/verify/index.php?session=988133,52,14,0,5,17,1,2,0,1,0,0,0,0,1
http://81.145.115.160/secure/index.php?session=656208,55,14,0,2,15,0,2,2,1,0,3,0,0,0
http://109.123.67.100/billing-update/index.php?session=257842,61,16,0,2,18,1,4,3,1,0,0,0,0,1
http://micros0ft.com/verify-confirm.html?id=26771,49,11,0,0,6,1,1,2,0,1,0,0,0,1
http://amazon-webscr-43xjtpbd8y-z4-k5--ns1pakgdftwde-2l.ml/webscr/43xjtpbd8y-z4-k5--ns1pakgdftwde-2l,99,50,0,0,14,11,2,0,0,0,0,1,0,1
http://187.57.207.37/confirm-password/index.php?session=846097,62,13,0,6,14,1,2,0,1,0,0,0,0,1
http://tinyurl.com/2461xz,26,10,0,0,2,0,2,1,0,1,0,0,0,1
http://amazon-confirm-password-g4dvvscil90zd9ip5obl.xyz/confirm-password/g4dvvscil90zd9ip5obl,95,49,0,0,8,2,0,0,0,0,0,1,0,1
https://docs.flipkart.com/blog/2024/article,41,17,1,2,4,2,1,0,0,1,1,0,0,0
http://billing-update.icicibank-secure.cf/billing-update.php,60,32,0,5,0,4,0,0,0,0,3,1,0,1
https://user-portal.irctc.co.in/session/xfshwzsjq77z4es3a?ref=283&track=1,73,23,1,2,9,3,4,2,0,0,1,0,0,0
https://docs.icicibank.com/course/aiml,37,18,1,3,0,0,2,3,0,0,2,0,0,0
https://amazon-webscr.top/webscr,34,15,1,0,0,0,0,2,0,0,2,1,0,1
http://amazon-account-verify-4olaoip3m80um8od4d-w.ml/account-verify/4olaoip3m80um8od4d-w,89,44,0,0,14,5,0,2,0,0,1,1,0,1
https://docs.stackoverflow.com/blog/2024/article,49,22,1,3,3,2,1,0,0,0,0,0,0,0
https://icicibank-login.club/login,32,19,1,3,2,3,1,1,0,0,1,1,0,1
https://www.nytimes.com/about,31,13,1,0,0,0,0,1,0,0,0,0,0,0
http://sbi-bank-account-apuolyqovv86d4om.tk/bank-account/apuolyqovv86d4om,75,37,0,3,6,6,1,0,0,0,3,1,0,1
http://197.224.81.49/account-verify/index.php?session=827301,59,12,0,5,17,0,0,0,1,0,1,0,0,1
https://github.com/contact,27,9,1,0,2,1,0,2,0,0,2,0,0,0
https://cdn.icicibank.com/session/xou0y9ixfy1z682r?ref=811&track=1,68,15,1,1,12,2,6,0,0,0,2,0,0,0
http://180.158.24.139/account-verify/index.php?session=880855,59,14,0,5,19,0,3,3,1,0,0,0,0,1
https://netflix-signin.info/signin,35,17,1,2,2,2,0,0,0,0,1,1,0,1
https://www.bbc.com/products,27,10,1,3,0,0,1,2,0,0,2,0,0,0
https://www.python.org/about,28,15,1,0,0,1,0,2,0,0,1,0,0,0
https://stackoverflow.com/about,29,19,1,0,2,2,0,2,0,0,0,0,0,0
https://linkedin.com/user/profile,34,11,1,0,1,0,0,2,0,0,0,0,0,0
https://www.google.com/contact,31,15,1,2,0,0,0,0,0,0,1,0,0,0
http://webscr.hdfcbank-secure.ga/webscr.php,42,27,0,1,1,0,0,2,0,0,1,1,0,1
https://geeksforgeeks.org/home,32,19,1,0,2,0,2,0,0,0,0,0,0,0
https://www.reddit.com/about,27,12,1,3,2,0,0,0,0,1,0,0,0,0
https://docs.irctc.co.in/blog/2024/article,40,15,1,1,5,0,0,3,0,0,2,0,0,0
http://tinyurl.com/5744xz,27,9,0,2,4,0,0,2,0,1,0,0,0,1
https://python.org/blog/2024/article,35,10,1,0,3,2,1,0,0,0,0,0,0,0
https://api-v2.wikipedia.org/session/oq59b9c2zufdnu4i5y?ref=577&track=1,70,18,1,3,10,2,2,1,0,0,2,0,0,0
https://docs.geeksforgeeks.org,28,24,1,4,0,0,0,0,0,0,0,0,0,0
https://www.hdfcbank.com/blog/2024/article,43,17,1,3,3,1,0,2,0,0,3,0,0,0
https://docs.amazon.com,22,15,1,0,0,2,2,3,0,0,0,0,0,0
https://www.geeksforgeeks.org/docs/api,36,23,1,4,1,0,2,0,0,0,0,0,0,0
http://paypal-login-khin9qlbr-fzzwn1-rys3ct26uvsu5qp175.tk/login/khin9qlbr-fzzwn1-rys3ct26uvsu5qp175,101,49,0,3,16,6,1,2,0,0,3,1,0,1
https://www.nytimes.com/course/aiml,35,13,1,1,0,2,0,0,0,0,0,0,0,0
https://en.linkedin.com/products,34,15,1,4,0,0,0,2,0,0,1,0,0,0
https://www.wikipedia.org/contact,35,16,1,3,0,2,0,1,0,0,0,0,0,1
https://www.icicibank.com/docs/api,36,18,1,3,0,0,0,3,0,0,1,0,0,0
https://www.icicibank.com/docs/api,32,16,1,0,0,0,0,3,0,0,2,0,0,0
https://www.flipkart.com/home,29,14,1,4,0,0,0,3,0,1,0,0,0,0
http://faceb00k.work/signin-confirm.html?id=25279,47,13,0,0,6,1,2,2,0,0,4,1,0,1
https://en.wikipedia.org/products,32,14,1,0,0,0,0,0,0,0,2,0,0,0
http://tinyurl.com/9555xz,27,12,0,2,4,0,0,0,0,1,0,0,0,0
https://www.mit.edu/contact,26,12,1,4,0,0,0,2,0,0,0,0,0,0
https://docs.stackoverflow.com/user/profile,43,24,1,0,0,0,0,1,0,0,2,0,0,0
http://paypal-update-ejms83d1q0kt7b9volzjxd63sw.gq/update/ejms83d1q0kt7b9volzjxd63sw,85,44,0,1,17,3,0,0,0,0,2,1,0,1
https://www.amazon.com/user/profile,36,15,1,1,0,0,0,3,0,0,0,0,0,0
https://amazon-login.top/login,29,18,1,0,0,0,0,0,0,0,3,1,0,1
https://wikipedia.org/home,28,12,1,3,1,0,0,0,0,0,1,0,0,0
https://paypal-update.gq/update,29,14,1,2,2,3,2,0,0,0,1,1,0,1
https://www.w3schools.com/search?q=machine+learning,52,15,1,1,1,2,4,1,0,0,2,0,0,0
https://www.bbc.com/contact,26,11,1,3,0,0,1,2,0,0,1,0,0,0
https://www.sbi.co.in/docs/api,31,12,1,1,0,1,0,2,0,0,0,0,0,0
https://www.nptel.ac.in/about,31,16,1,4,0,0,0,3,0,0,0,0,0,0
https://www.python.org/blog/2024/article,38,13,1,1,2,1,0,3,0,0,2,0,0,0
http://bit.ly/1525xz,18,7,0,0,3,2,0,0,0,1,0,0,0,1
https://en.sbi.co.in/home,26,10,1,2,0,0,2,4,0,0,2,0,0,0
https://en.bbc.com/search?q=machine+learning,44,10,1,3,2,2,1,0,0,0,1,0,0,0
http://sbi-bank-account-60mph8wrja7725ss9u-bg.info/bank-account/60mph8wrja7725ss9u-bg,86,42,0,0,18,5,1,0,0,0,3,1,0,1
http://paypa1.club/billing-update-confirm.html?id=85247,56,10,0,4,8,2,2,0,0,0,2,1,0,1
http://verify.amazon-support.tk/verify.php,44,24,0,5,0,3,0,1,0,0,3,1,0,1
http://billing-update.paypal-secure.xyz/billing-update.php,60,34,0,2,1,2,1,1,0,0,4,1,0,1
https://api-v2.icicibank.com/session/003e82emayb3pvar?ref=597&track=1,67,18,1,2,12,1,4,1,0,0,3,0,0,0
http://micros0ft.work/billing-update-confirm.html?id=66001,56,12,0,2,7,1,4,0,0,0,1,1,0,1
http://amaz0n.info/verify-confirm.html?id=45539,49,9,0,1,7,1,1,0,0,0,0,1,0,1
https://www.flipkart.com/home,27,15,1,0,0,0,1,0,0,1,0,0,0,0
https://docs.wikipedia.org/contact,32,16,1,3,0,1,2,0,0,0,0,0,0,0
http://paypa1.gq/billing-update-confirm.html?id=42030,52,9,0,1,7,3,0,1,0,0,3,1,0,1
http://142.45.202.185/secure/index.php?session=250085,51,12,0,5,19,0,2,1,1,0,2,0,0,1
http://224.242.221.198/account-verify/index.php?session=848635,61,15,0,2,20,2,0,3,1,0,2,0,0,1
https://docs.wikipedia.org/course/aiml,38,18,1,2,2,0,0,0,0,0,0,0,0,0
https://api-v2.wikipedia.org/session/8nog85d4f2k1xerp?ref=801&track=1,68,22,1,0,13,3,4,2,0,0,1,0,0,0
http://paypal-login-7j3uipmk6bov4147b4zqmpuzx7mysf.info/login/7j3uipmk6bov4147b4zqmpuzx7mysf,90,48,0,0,16,1,2,0,0,0,0,1,0,1
https://docs.microsoft.com/search?q=machine+learning,53,18,1,1,0,0,3,3,0,1,0,0,0,0
https://en.github.com/contact,30,13,1,4,0,2,0,3,0,0,0,0,0,0
http://confirm-password.amazon-secure.gq/confirm-password.php,62,34,0,5,1,1,0,0,0,0,1,1,0,1
https://www.github.com/home,27,13,1,3,1,2,0,1,0,0,1,0,0,0
http://bit.ly/9668xz,22,7,0,3,3,0,0,2,0,1,2,0,0,1
https://www.google.com/docs/api,32,16,1,4,0,2,0,0,0,0,0,0,0,0
http://amaz0n.top/confirm-password-confirm.html?id=3792,57,11,0,2,3,0,4,2,0,0,1,1,0,1
http://is.gd/2868xz,21,7,0,3,2,0,2,0,0,1,0,0,0,1
http://paypal-billing-update-bsxpdis7jhb0d159np75e61o872n.gq/billing-update/bsxpdis7jhb0d159np75e61o872n,104,52,0,0,22,3,2,2,0,0,4,1,0,1
http://amazon-webscr-2hu4firg12qyd92-.club/webscr/2hu4firg12qyd92-,67,36,0,0,12,4,0,2,0,0,2,1,0,1
https://www.github.com/docs/api,31,12,1,2,1,2,0,1,0,0,2,0,0,0
http://goo.gl/3936xz,21,4,0,2,2,0,0,0,0,1,0,0,0,1
https://en.amazon.com/search?q=machine+learning,45,14,1,4,0,0,3,1,0,0,0,0,0,0
https://www.github.com,20,15,1,4,1,1,0,3,0,0,2,0,0,0
https://www.w3schools.com/course/aiml,36,16,1,0,0,0,0,0,0,0,0,0,0,0
http://micros0ft.cf/confirm-password-confirm.html?id=25653,56,12,0,3,4,4,3,2,0,0,2,1,0,1
http://bank-account.amazon-secure.top/bank-account.php,53,30,0,4,2,5,2,3,0,0,2,1,0,1
http://paypa1.club/secure-confirm.html?id=55182,46,12,0,4,6,1,3,0,0,0,2,1,0,1
https://python.org,16,8,1,0,0,0,0,0,0,0,0,0,0,0
http://t.co/9348xz,16,4,0,2,6,1,1,2,0,1,1,0,0,1
https://en.flipkart.com/home,27,16,1,2,0,0,0,1,0,1,2,0,0,0
http://gooogle.club/login-confirm.html?id=77276,49,10,0,0,3,0,3,0,0,0,3,1,0,1
https://docs.sbi.co.in/about,29,13,1,4,0,1,0,4,0,0,0,0,0,0
https://www.irctc.co.in/docs/api,32,17,1,2,1,1,2,1,0,0,0,0,0,0
http://netflix-confirm-password-9lyibk8clatvl75rb.info/confirm-password/9lyibk8clatvl75rb,91,49,0,0,7,5,0,1,0,0,2,1,0,0
http://confirm-password.icicibank-secure.xyz/confirm-password.php,66,38,0,1,2,5,0,1,0,0,2,1,0,1
https://en.microsoft.com/user/profile,36,18,1,0,0,1,0,2,0,1,1,0,0,0
https://irctc.co.in/course/aiml,30,9,1,0,0,1,0,2,0,0,0,0,0,0
http://update.amazon-update.xyz/update.php,43,24,0,1,0,1,0,2,0,0,0,1,0,1
https://www.linkedin.com/home,29,17,1,3,0,0,1,1,0,0,0,0,0,0
https://github.com/contact,26,9,1,3,0,0,0,0,0,0,1,0,0,0
http://amazon-bank-account-pajspj10vnqqyx6iyuxgrio2mgo9n.info/bank-account/pajspj10vnqqyx6iyuxgrio2mgo9n,105,56,0,1,9,5,0,0,0,0,4,1,0,1
http://127.123.102.223/billing-update/index.php?session=942560,62,13,0,3,17,1,4,2,1,0,4,0,0,1
https://www.nytimes.com/course/aiml,35,15,1,2,1,2,2,3,0,0,2,0,0,0
https://paypal-verify.top/verify,33,19,1,3,0,0,0,0,0,0,3,1,0,1
https://www.reddit.com/products,31,12,1,3,1,0,2,0,0,1,0,0,0,0
https://api-v2.nytimes.com/session/ob7nugpj6?ref=621&track=1,61,20,1,2,7,1,5,0,0,0,2,0,0,0
https://flipkart.com,21,13,1,0,0,0,2,1,0,1,0,0,0,0
https://docs.irctc.co.in/home,29,14,1,4,0,0,1,0,0,0,0,0,0,0
http://cutt.ly/4797xz,23,6,0,0,5,0,0,0,0,1,0,0,0,1
https://docs.google.com/docs/api,34,14,1,3,1,0,0,0,0,0,0,0,0,0
https://www.linkedin.com/blog/2024/article,41,14,1,2,6,0,0,3,0,0,2,0,0,0
http://147.35.168.66/billing-update/index.php?session=303101,62,11,0,3,16,3,4,3,1,0,0,0,0,1
http://33.215.153.135/billing-update/index.php?session=970226,60,16,0,5,15,1,4,3,1,0,3,0,0,0
https://docs.github.com/search?q=machine+learning,51,15,1,3,0,1,1,0,0,0,0,0,0,0
https://www.reddit.com/user/profile,37,16,1,0,0,0,1,3,0,1,2,0,0,0
http://ow.ly/7600xz,18,5,0,0,5,0,0,0,0,1,0,0,0,1
http://gooogle.gq/verify-confirm.html?id=69790,48,8,0,2,3,3,2,2,0,0,4,1,0,1
https://en.microsoft.com/home,30,15,1,4,1,2,0,0,0,1,0,0,0,0
https://www.hdfcbank.com/blog/2024/article,44,14,1,4,6,0,2,0,0,0,0,0,0,0
https://www.linkedin.com,22,14,1,3,1,0,0,0,0,0,0,0,0,0
https://user-portal.linkedin.com/session/3md6x73zca7fxloz2?ref=934&track=1,74,26,1,2,11,0,6,0,0,0,0,0,0,0
https://www.bbc.com/user/profile,30,11,1,0,0,1,0,0,0,0,1,0,0,0
https://en.reddit.com,21,15,1,1,0,0,0,2,0,1,1,0,0,0
https://www.github.com/user/profile,35,15,1,3,1,1,0,2,0,0,0,0,0,0
https://www.irctc.co.in/blog/2024/article,41,13,1,5,5,0,0,0,0,0,2,0,0,0
https://icicibank-secure.com/secure,33,20,1,3,0,0,1,2,0,0,2,0,0,1
https://static-assets.icicibank.com/session/53egdd8mwe776vgtvy?ref=783&track=1,77,26,1,4,8,0,6,2,0,0,0,0,0,0
https://en.flipkart.com/contact,33,16,1,4,0,0,0,0,0,1,0,0,0,0
https://www.linkedin.com/course/aiml,36,15,1,0,1,2,1,1,0,0,0,0,0,0
https://www.github.com/docs/api,32,15,1,2,0,0,2,3,0,0,0,0,0,0
http://84.5.210.31/login/index.php?session=924233,48,11,0,3,15,0,1,0,1,0,3,0,0,1
https://static-assets.linkedin.com/session/e2gjr81bmqf7zk94y?ref=265&track=1,76,25,1,2,10,0,2,0,0,0,1,0,0,0
https://static-assets.geeksforgeeks.org/session/8vgzsxjzvuv3cb?ref=337&track=1,76,29,1,2,8,3,4,3,0,0,0,0,0,0
https://docs.stackoverflow.com/course/aiml,44,20,1,2,0,1,1,1,0,0,1,0,0,0
http://gooogle.tk/account-verify-confirm.html?id=76472,53,8,0,1,3,4,1,2,0,0,5,1,0,1
https://www.flipkart.com/blog/2024/article,44,18,1,1,2,2,0,0,0,1,0,0,0,0
http://netflix-billing-update-nhdu5rk-gfz82kockooshikzcq.tk/billing-update/nhdu5rk-gfz82kockooshikzcq,102,50,0,0,8,8,1,0,0,0,1,1,0,1
http://paypal-update-0ho--mu4j7milb8zxdc6qstcp.gq/update/0ho--mu4j7milb8zxdc6qstcp,80,41,0,3,9,6,0,1,0,0,0,1,0,1
https://en.wikipedia.org/blog/2024/article,40,14,1,4,5,0,1,3,0,0,0,0,0,0
http://goo.gl/7716xz,21,8,0,0,4,2,2,0,0,1,2,0,0,1
https://www.nptel.ac.in/user/profile,34,16,1,1,0,0,0,0,0,0,0,0,0,0
https://docs.flipkart.com/blog/2024/article,41,15,1,3,6,0,1,0,0,1,0,0,0,0
https://en.google.com/about,26,11,1,1,0,0,0,0,0,0,1,0,0,0
http://paypa1.top/confirm-password-confirm.html?id=49829,55,11,0,0,5,2,4,0,0,0,1,1,0,1
https://www.amazon.com/user/profile,35,12,1,0,0,0,0,1,0,0,1,0,0,0
https://en.geeksforgeeks.org/about,33,20,1,4,0,2,0,2,0,0,0,0,0,0
http://faceb00k.info/confirm-password-confirm.html?id=92516,61,13,0,2,8,0,4,0,0,0,1,1,0,1
http://billing-update.amazon-update.ml/billing-update.php,57,33,0,4,0,4,1,3,0,0,0,1,0,0
https://www.python.org/contact,32,13,1,1,0,0,0,2,0,0,0,0,0,0
http://faceb00k.gq/update-confirm.html?id=37236,46,10,0,0,5,0,0,0,0,0,0,1,0,1
https://amazon-bank-account.work/bank-account,47,24,1,2,0,2,2,0,0,0,3,1,0,1
https://docs.bbc.com/home,27,10,1,1,1,0,1,0,0,0,0,0,0,0
https://irctc.co.in,18,10,1,4,0,2,2,0,0,0,2,0,0,0
http://178.138.124.35/bank-account/index.php?session=182349,60,14,0,6,15,3,0,4,1,0,3,0,0,1
https://cdn.hdfcbank.com/session/4ljedgfj?ref=257&track=1,56,17,1,2,3,0,2,0,0,0,3,0,0,0
https://en.microsoft.com/about,30,15,1,1,2,0,0,0,0,1,0,0,0,1
https://www.irctc.co.in/course/aiml,34,13,1,4,2,0,1,3,0,0,0,0,0,0
http://paypa1.cf/verify-confirm.html?id=67903,45,7,0,3,5,3,2,0,0,0,0,1,0,1
https://nptel.ac.in/user/profile,34,12,1,3,2,0,0,3,0,0,0,0,0,0
https://docs.python.org/blog/2024/article,41,14,1,4,6,1,1,1,0,0,0,0,0,0
http://bank-account.paypal-support.work/bank-account.php,55,31,0,5,2,4,0,2,0,0,3,1,0,1
https://en.icicibank.com/home,27,18,1,2,0,0,2,0,0,0,0,0,0,0
http://webscr.amazon-support.xyz/webscr.php,44,27,0,1,0,1,0,0,0,0,1,1,0,1
https://nytimes.com/course/aiml,33,9,1,0,1,1,0,0,0,0,1,0,0,0
http://135.69.80.117/billing-update/index.php?session=272390,60,14,0,4,17,0,0,2,1,0,1,0,0,1
https://user-portal.linkedin.com/session/y3ufn0dsg2qf?ref=948&track=1,69,26,1,2,7,0,4,1,0,0,1,0,0,0
http://amazon-verify-k6mv7b6rj1-xffx1oz3xcwf.xyz/verify/k6mv7b6rj1-xffx1oz3xcwf,77,40,0,3,10,4,1,2,0,0,0,1,0,1
http://249.142.251.97/secure/index.php?session=347336,51,12,0,2,18,0,4,4,1,0,2,0,0,1
http://paypa1.com/bank-account-confirm.html?id=55712,50,8,0,2,6,0,0,0,0,0,2,0,0,1
http://bank-account.microsoft-support.info/bank-account.php,60,35,0,1,1,5,0,1,0,0,4,1,0,1
http://178.72.63.207/secure/index.php?session=878431,51,11,0,5,14,0,2,4,1,0,2,0,0,1
https://www.icicibank.com/home,29,17,1,3,1,0,0,0,0,0,3,0,0,0
https://en.w3schools.com/products,31,16,1,2,0,1,1,1,0,0,1,0,0,0
https://www.stackoverflow.com/user/profile,41,22,1,0,0,0,0,1,0,0,0,0,0,0
http://sbi-update-9zatze848fenud8kfn.cf/update/9zatze848fenud8kfn,63,30,0,0,9,1,2,2,0,0,0,1,0,1
https://docs.irctc.co.in/search?q=machine+learning,50,17,1,5,2,0,0,2,0,0,2,0,0,0
https://en.reddit.com/user/profile,34,13,1,3,0,0,0,0,0,1,0,0,0,0
https://paypal-bank-account.info/bank-account,43,23,1,0,0,5,0,2,0,0,0,1,0,1
http://netflix-webscr-r6jhlxml7tg-nrmp0l76x4wv2i8xx.top/webscr/r6jhlxml7tg-nrmp0l76x4wv2i8xx,93,46,0,1,14,4,1,1,0,0,0,1,0,1
https://www.irctc.co.in/contact,33,13,1,1,0,0,0,4,0,0,0,0,0,0
http://paypa1.info/login-confirm.html?id=92380,48,11,0,0,6,3,4,2,0,0,4,1,0,1
https://www.amazon.com/docs/api,31,12,1,3,0,0,1,0,0,0,0,0,0,0
http://secure.amazon-update.cf/secure.php,41,24,0,2,0,3,0,3,0,0,0,1,0,1
http://signin.microsoft-secure.ga/signin.php,42,28,0,5,0,0,0,2,0,0,2,1,0,1
https://www.python.org/contact,31,15,1,1,0,0,2,2,0,0,1,0,0,0
http://cutt.ly/8705xz,20,9,0,1,2,1,0,1,0,1,0,0,0,1
https://docs.wikipedia.org/home,30,19,1,3,0,1,0,1,0,0,0,0,0,0
https://www.github.com/docs/api,31,16,1,1,0,0,0,0,0,0,0,0,0,0
http://amazon-secure-9g9izmwzd58d0naxt99u.top/secure/9g9izmwzd58d0naxt99u,74,40,0,1,13,0,2,0,0,0,2,1,0,1
https://docs.irctc.co.in/user/profile,36,18,1,3,1,2,2,0,0,0,1,0,0,0
https://www.amazon.com/course/aiml,36,12,1,0,2,1,0,3,0,0,1,0,0,0
http://cutt.ly/7402xz,20,8,0,3,3,2,0,0,0,1,2,0,0,1
https://w3schools.com/search?q=machine+learning,48,12,1,3,1,0,3,2,0,0,1,0,0,0
https://icicibank-signin.work/signin,38,23,1,1,1,0,1,0,0,0,3,1,0,1
http://goo.gl/2520xz,21,7,0,2,6,2,1,0,0,1,0,0,0,1
https://api-v2.mit.edu/session/mtk0rsogg?ref=502&track=1,58,16,1,4,6,2,5,1,0,0,0,0,0,0
https://en.geeksforgeeks.org/course/aiml,40,18,1,4,1,1,2,2,0,0,0,0,0,0
http://paypal-account-verify-6iijrczypq8a5frw1l7ck.cf/account-verify/6iijrczypq8a5frw1l7ck,88,45,0,1,10,4,0,2,0,0,3,1,0,1
http://netflix-signin-ujq48cwyqe1il56lni2j.tk/signin/ujq48cwyqe1il56lni2j,75,39,0,0,13,2,0,1,0,0,1,1,0,1
https://docs.reddit.com/course/aiml,34,14,1,1,1,0,0,0,0,1,2,0,0,0
http://12.74.142.8/confirm-password/index.php?session=182930,60,10,0,4,14,3,3,2,1,0,4,0,0,1
http://bit.ly/8658xz,19,8,0,0,2,0,2,0,0,1,0,0,0,1
https://api-v2.wikipedia.org/session/5s3ofawwjnn41jh6o?ref=562&track=1,69,21,1,0,11,2,4,0,0,0,0,0,0,0
https://icicibank-bank-account.ml/bank-account,47,26,1,0,1,3,0,0,0,0,4,1,0,1
https://static-assets.nptel.ac.in/session/hbawyqmogbjz?ref=434&track=1,70,25,1,4,5,0,6,0,0,0,1,0,0,0
http://73.89.116.161/verify/index.php?session=573199,51,11,0,3,15,2,1,3,1,0,0,0,0,1
https://docs.flipkart.com/user/profile,37,17,1,1,0,1,1,0,0,1,1,0,0,0
https://linkedin.com/home,24,13,1,0,1,0,2,0,0,0,0,0,0,0
https://amazon-verify.info/verify,33,19,1,3,0,1,0,0,0,0,3,1,0,1
https://en.linkedin.com/search?q=machine+learning,51,13,1,0,2,0,3,3,0,0,0,0,0,0
http://paypal-confirm-password-2jx2pi1y9laadov-xd0sv03z-emlmb0.ga/confirm-password/2jx2pi1y9laadov-xd0sv03z-emlmb0,114,60,0,3,14,7,2,0,0,0,2,1,0,1
http://goo.gl/4047xz,18,4,0,1,2,0,0,2,0,1,0,0,0,1
https://www.reddit.com/course/aiml,32,12,1,4,0,2,0,2,0,1,0,0,0,0
https://en.google.com,23,11,1,2,2,0,1,0,0,0,0,0,0,0
http://bit.ly/4872xz,18,7,0,3,4,0,1,2,0,1,1,0,0,1
http://netflix-billing-update-h65h9tbzpqtp7kpr0di2eodm6vrbjs.work/billing-update/h65h9tbzpqtp7kpr0di2eodm6vrbjs,112,59,0,1,16,3,1,0,0,0,4,1,0,1
https://irctc.co.in/products,27,12,1,1,0,0,0,1,0,0,0,0,0,0
https://docs.github.com/home,27,13,1,2,0,0,0,1,0,0,2,0,0,0
https://api-v2.bbc.com/session/4otuo4uw590z92j?ref=473&track=1,64,14,1,3,10,2,5,2,0,0,0,0,0,0
http://232.199.180.124/webscr/index.php?session=352431,53,14,0,3,16,1,0,1,1,0,0,0,0,1
https://docs.icicibank.com/docs/api,36,17,1,0,0,2,0,2,0,0,2,0,0,0
http://bank-account.amazon-secure.tk/bank-account.php,52,30,0,1,0,4,2,0,0,0,4,1,0,1
http://sbi-billing-update-pybj7tozgz22jmat.info/billing-update/pybj7tozgz22jmat,78,38,0,1,7,2,0,0,0,0,0,1,0,1
https://www.stackoverflow.com,27,20,1,3,2,0,2,0,0,0,0,0,0,0
http://confirm-password.amazon-support.tk/confirm-password.php,63,33,0,5,2,1,0,2,0,0,1,1,0,1
https://icicibank-secure.cf/secure,32,21,1,2,1,2,0,2,0,0,3,1,0,1
http://gooogle.gq/signin-confirm.html?id=46194,45,9,0,1,7,0,0,0,0,0,4,1,0,1
https://icicibank.com/blog/2024/article,40,14,1,0,3,2,2,2,0,0,1,0,0,0
http://paypal-signin-33yokbwpx4nu08pjsfqfmof8vixkua992.club/signin/33yokbwpx4nu08pjsfqfmof8vixkua992,101,51,0,3,17,4,1,0,0,0,0,1,0,1
https://docs.sbi.co.in/course/aiml,32,16,1,1,0,2,0,4,0,0,0,0,0,0
https://paypal-verify.cf/verify,29,16,1,0,0,1,0,0,0,0,2,1,0,1
https://icicibank-secure.work/secure,37,23,1,2,0,3,2,0,0,0,1,1,0,1
http://faceb00k.club/verify-confirm.html?id=42746,47,14,0,2,9,1,1,2,0,0,0,1,0,1
http://gooogle.com/login-confirm.html?id=43860,44,10,0,4,4,2,3,0,0,0,2,0,0,1
https://amazon-webscr.gq/webscr,32,18,1,1,2,0,0,0,0,0,1,1,0,1
https://www.flipkart.com/user/profile,38,16,1,0,0,0,2,1,0,1,1,0,0,0
https://bbc.com/contact,25,5,1,0,2,0,0,1,0,0,0,0,0,0
https://icicibank-account-verify.info/account-verify,50,28,1,0,0,4,2,1,0,0,4,1,0,1
http://netflix-billing-update-zagvnvy932z0eaq61.cf/billing-update/zagvnvy932z0eaq61,84,45,0,0,14,2,2,0,0,0,0,1,0,1
http://paypa1.club/webscr-confirm.html?id=37547,47,13,0,0,5,2,2,2,0,0,2,1,0,1
https://www.irctc.co.in/contact,29,15,1,2,1,0,0,2,0,0,0,0,0,0
https://www.stackoverflow.com/user/profile,43,21,1,1,0,1,0,1,0,0,0,0,0,0
http://paypal-bank-account-p6a8qnaabmozd62nh79odju4-y.work/bank-account/p6a8qnaabmozd62nh79odju4-y,96,52,0,0,13,4,0,0,0,0,3,1,0,1
https://www.reddit.com/user/profile,35,14,1,2,0,0,2,3,0,1,1,0,0,0
http://sbi-webscr-e6g2r8nm6c8k5rjnzlingql3z9tf5f.work/webscr/e6g2r8nm6c8k5rjnzlingql3z9tf5f,89,47,0,0,18,2,1,0,0,0,1,1,0,1
http://t.co/2721xz,20,3,0,0,5,0,0,0,0,1,0,0,0,1
http://gooogle.com/secure-confirm.html?id=70952,46,10,0,2,5,0,0,0,0,0,2,0,0,1
https://www.flipkart.com/home,30,15,1,1,0,2,1,0,0,1,0,0,0,0
http://goo.gl/9083xz,22,8,0,1,2,2,0,2,0,1,0,0,0,1
https://paypal-billing-update.info/billing-update,49,25,1,1,2,4,0,0,0,0,4,1,0,1
http://micros0ft.tk/login-confirm.html?id=43009,49,11,0,3,4,3,0,0,0,0,1,1,0,1
https://icicibank-billing-update.club/billing-update,51,27,1,1,0,4,2,0,0,0,4,1,0,1
https://www.icicibank.com/user/profile,36,19,1,2,0,1,0,2,0,0,0,0,0,0
http://paypa1.info/confirm-password-confirm.html?id=27453,58,13,0,3,4,4,3,0,0,0,2,1,0,1
http://paypal-secure-6sfyfchj07wruqb9rcp7i3-gqo2rmvtxyp.ml/secure/6sfyfchj07wruqb9rcp7i3-gqo2rmvtxyp,99,52,0,1,13,4,2,0,0,0,2,1,0,1
https://mit.edu/docs/api,24,9,1,3,1,1,0,0,0,0,0,0,0,0
https://www.icicibank.com/about,32,19,1,4,0,0,0,0,0,0,2,0,0,0
http://sbi-signin-w-jqkpg4v04apfapeumtme4cpeq.xyz/signin/w-jqkpg4v04apfapeumtme4cpeq,85,44,0,0,10,5,0,2,0,0,0,1,0,1
http://faceb00k.com/update-confirm.html?id=84705,46,10,0,4,9,0,2,1,0,0,0,0,0,1
http://bank-account.microsoft-update.top/bank-account.php,59,34,0,5,2,1,1,1,0,0,3,1,0,1
http://amazon-signin-hxa8tlke5qjd8b63.work/signin/hxa8tlke5qjd8b63,66,37,0,2,12,3,2,1,0,0,1,1,0,1
http://micros0ft.tk/update-confirm.html?id=65466,49,11,0,3,8,3,2,0,0,0,4,1,0,1
http://bit.ly/3983xz,21,6,0,3,6,0,0,0,0,1,2,0,0,1
https://hdfcbank.com/about,27,10,1,0,0,0,0,2,0,0,0,0,0,0
https://en.wikipedia.org/home,28,16,1,3,1,0,1,0,0,0,2,0,0,0
https://www.reddit.com/course/aiml,35,14,1,4,0,1,1,0,0,1,0,0,0,0
http://1.185.226.99/signin/index.php?session=230033,50,11,0,6,17,2,2,1,1,0,0,0,0,1
https://www.hdfcbank.com/blog/2024/article,42,18,1,3,4,1,0,0,0,0,2,0,0,0
https://en.nytimes.com/products,32,13,1,0,0,2,0,2,0,0,0,0,0,0
https://docs.stackoverflow.com/home,37,21,1,2,0,2,0,1,0,0,2,0,0,0
https://docs.reddit.com/course/aiml,34,16,1,2,1,1,1,0,0,1,1,0,0,0
http://bit.ly/7856xz,22,7,0,1,4,2,0,0,0,1,0,0,0,1
http://secure.paypal-update.ga/secure.php,41,22,0,4,0,0,2,3,0,0,2,1,0,1
https://www.hdfcbank.com/blog/2024/article,40,15,1,1,2,2,1,1,0,0,3,0,0,0
https://en.github.com/about,28,15,1,2,2,1,1,3,0,0,0,0,0,0
https://docs.wikipedia.org/home,30,16,1,4,2,0,0,3,0,0,0,0,0,0
http://sbi-login-th29imdhakbr5gx-ioy.ga/login/th29imdhakbr5gx-ioy,64,31,0,1,6,4,0,2,0,0,2,1,0,0
https://cdn.irctc.co.in/session/1ypqpmqk8sz7iwdl14w?ref=847&track=1,69,17,1,2,7,0,6,2,0,0,0,0,0,0
http://confirm-password.paypal-secure.club/confirm-password.php,62,34,0,5,1,1,1,0,0,0,3,1,0,1
http://123.141.15.105/signin/index.php?session=695346,51,13,0,2,16,0,0,4,1,0,0,0,0,0
https://google.com/user/profile,32,11,1,0,0,0,0,1,0,0,0,0,0,0
http://faceb00k.cf/webscr-confirm.html?id=86506,49,11,0,2,6,0,0,1,0,0,2,1,0,1
https://cdn.stackoverflow.com/session/mmuzuqed0gv812hn?ref=998&track=1,68,20,1,3,7,2,6,2,0,0,0,0,0,0
https://www.icicibank.com/search?q=machine+learning,52,18,1,2,1,0,2,0,0,0,1,0,0,0
https://docs.flipkart.com/docs/api,32,15,1,3,0,0,0,2,0,1,2,0,0,0
https://www.reddit.com/products,31,16,1,4,0,2,0,3,0,1,0,0,0,0
http://tinyurl.com/5166xz,26,13,0,2,6,1,0,0,0,1,0,0,0,1
https://amazon.com/user/profile,31,12,1,2,2,0,0,2,0,0,2,0,0,0
http://login.paypal-secure.xyz/login.php,38,25,0,4,1,3,0,2,0,0,0,1,0,1
http://ow.ly/2116xz,20,4,0,3,3,1,2,0,0,1,1,0,0,1
https://user-portal.w3schools.com/session/qcyd52alu?ref=802&track=1,68,23,1,4,9,3,6,2,0,0,2,0,0,0
http://faceb00k.tk/webscr-confirm.html?id=50982,45,12,0,4,6,0,4,2,0,0,4,1,0,1
https://en.mit.edu/user/profile,29,12,1,3,2,2,2,2,0,0,0,0,0,0
https://icicibank-verify.work/verify,35,22,1,0,0,3,0,0,0,0,1,1,0,1
http://is.gd/4224xz,20,5,0,0,6,0,0,2,0,1,1,0,0,1
http://ow.ly/4089xz,18,7,0,0,6,0,0,2,0,1,1,0,0,1
http://t.co/7290xz,20,5,0,2,2,1,0,0,0,1,0,0,0,1
http://account-verify.paypal-secure.gq/account-verify.php,57,29,0,1,2,3,2,0,0,0,3,1,0,1
https://user-portal.flipkart.com/session/m3nkrt0igyo5l28?ref=574&track=1,70,22,1,1,10,3,2,1,0,1,0,0,0,0
http://amazon-login-pd3-sraim2zyi1re5y2uwr7w4ch2j9sd.info/login/pd3-sraim2zyi1re5y2uwr7w4ch2j9sd,98,48,0,0,17,4,1,0,0,0,3,1,0,1
https://docs.mit.edu/course/aiml,30,14,1,0,0,0,0,3,0,0,0,0,0,0
https://cdn.python.org/session/rj9wr6q5ik08njf0pk?ref=570&track=1,65,13,1,3,8,1,4,0,0,0,1,0,0,0
https://hdfcbank.com/course/aiml,30,11,1,0,2,0,0,0,0,0,3,0,0,0
https://bbc.com,16,7,1,3,2,1,0,0,0,0,2,0,0,0
http://paypal-billing-update-lqzjqam0c4-bmuh2j5q8wwkfu-1fpi-1n.xyz/billing-update/lqzjqam0c4-bmuh2j5q8wwkfu-1fpi-1n,113,57,0,0,13,10,0,1,0,0,4,1,0,1
http://amazon-confirm-password-ghdpnspfqmfqfcix.top/confirm-password/ghdpnspfqmfqfcix,86,45,0,0,1,6,2,0,0,0,2,1,0,1
https://microsoft.com/blog/2024/article,40,12,1,0,4,0,2,0,0,1,0,0,0,0
http://105.50.12.226/update/index.php?session=653435,53,12,0,5,17,2,0,4,1,0,0,0,0,1
http://175.183.160.73/secure/index.php?session=668164,53,15,0,4,18,2,2,2,1,0,1,0,0,1
https://www.bbc.com/course/aiml,32,10,1,3,1,0,2,2,0,0,0,0,0,0
http://cutt.ly/5963xz,19,6,0,3,3,1,0,1,0,1,1,0,0,1
http://gooogle.info/signin-confirm.html?id=44504,49,10,0,3,3,0,2,1,0,0,1,1,0,1
https://www.icicibank.com/docs/api,34,18,1,2,2,0,0,1,0,0,3,0,0,0
https://www.linkedin.com/user/profile,37,18,1,1,0,1,0,3,0,0,1,0,0,0
http://faceb00k.gq/confirm-password-confirm.html?id=58903,59,12,0,2,8,1,0,0,0,0,2,1,0,1
https://www.geeksforgeeks.org/search?q=machine+learning,55,20,1,2,2,0,4,3,0,0,0,0,0,0
https://github.com/docs/api,27,12,1,0,0,0,0,0,0,0,2,0,0,0
https://paypal-login.work/login,30,19,1,1,1,2,2,0,0,0,3,1,0,1
https://amazon-signin.xyz/signin,30,15,1,0,0,2,1,0,0,0,3,1,0,1
https://static-assets.irctc.co.in/session/tmyj014g?ref=975&track=1,67,27,1,5,6,0,3,0,0,0,0,0,0,0
http://netflix-billing-update-hxwednza4s-vckv8.top/billing-update/hxwednza4s-vckv8,82,41,0,0,5,8,0,2,0,0,2,1,0,1
https://sbi.co.in/search?q=machine+learning,43,8,1,2,0,0,0,2,0,0,2,0,0,0
https://mit.edu/contact,25,9,1,2,0,0,0,0,0,0,0,0,0,0
https://docs.python.org/user/profile,35,17,1,3,2,0,0,1,0,0,2,0,0,0
https://www.icicibank.com/docs/api,35,16,1,0,0,0,0,0,0,0,0,0,0,0
https://www.nytimes.com,24,14,1,4,1,0,0,0,0,0,0,0,0,0
http://tinyurl.com/8823xz,24,9,0,0,5,0,0,0,0,1,2,0,0,1
https://docs.geeksforgeeks.org/about,38,23,1,1,0,0,0,0,0,0,2,0,0,0
https://docs.amazon.com/about,31,15,1,4,0,0,0,2,0,0,0,0,0,0
http://ow.ly/3968xz,18,6,0,0,3,1,1,2,0,1,0,0,0,0
https://cdn.irctc.co.in/session/k5w1jl6l91f4x2?ref=293&track=1,64,13,1,4,10,0,4,1,0,0,0,0,0,0
http://133.58.187.186/webscr/index.php?session=747503,55,12,0,6,17,1,4,3,1,0,0,0,0,1
https://cdn.nytimes.com/session/j2xorvork1djrwedb?ref=610&track=1,64,15,1,3,5,0,5,0,0,0,0,0,0,1
http://is.gd/7997xz,21,4,0,2,3,2,0,0,0,1,0,0,0,1
http://98.147.97.89/billing-update/index.php?session=427691,58,10,0,2,15,1,2,0,1,0,4,0,0,1
http://faceb00k.top/verify-confirm.html?id=14541,49,14,0,0,7,1,3,1,0,0,1,1,0,1
https://api-v2.bbc.com/session/asjevts1hn6bedye?ref=593&track=1,61,12,1,3,6,2,5,0,0,0,0,0,0,0
http://confirm-password.hdfcbank-update.work/confirm-password.php,63,37,0,5,1,1,0,1,0,0,6,1,0,1
https://en.icicibank.com/course/aiml,35,17,1,4,0,1,1,1,0,0,1,0,0,0
https://user-portal.geeksforgeeks.org/session/8mnqpvpf8?ref=120&track=1,72,28,1,0,4,2,2,3,0,0,0,0,0,0
https://cdn.icicibank.com/session/hqe86o3z0?ref=483&track=1,60,18,1,1,7,1,6,1,0,0,1,0,0,0
http://amazon-account-verify-v5gggw2jzk931p0us66c2ibjwtlsdmzvyz.info/account-verify/v5gggw2jzk931p0us66c2ibjwtlsdmzvyz,117,63,0,2,16,3,0,0,0,0,2,1,0,1
https://docs.geeksforgeeks.org/course/aiml,40,23,1,4,0,0,0,2,0,0,0,0,0,0
https://paypal-billing-update.xyz/billing-update,48,26,1,2,0,5,1,0,0,0,0,1,0,1
http://update.hdfcbank-secure.top/update.php,43,26,0,4,0,0,1,0,0,0,4,1,0,1
https://www.nytimes.com/about,31,13,1,3,1,2,0,1,0,0,0,0,0,0
https://paypal-webscr.gq/webscr,31,14,1,0,2,0,2,0,0,0,3,1,0,1
https://docs.hdfcbank.com/home,31,19,1,4,0,0,2,1,0,0,3,0,0,0
http://goo.gl/7835xz,21,6,0,0,6,0,0,0,0,1,0,0,0,1
http://confirm-password.microsoft-secure.ga/confirm-password.php,62,38,0,4,1,3,2,0,0,0,1,1,0,1
http://tinyurl.com/3447xz,26,13,0,1,5,2,0,1,0,1,0,0,0,1
http://confirm-password.amazon-support.cf/confirm-password.php,63,33,0,3,0,1,2,0,0,0,4,1,0,1
https://icicibank-secure.ga/secure,32,18,1,0,1,0,1,1,0,0,1,1,0,1
http://amaz0n.work/bank-account-confirm.html?id=95088,55,9,0,2,8,1,4,0,0,0,1,1,0,1
https://www.icicibank.com/products,33,18,1,1,2,0,0,1,0,0,1,0,0,0
https://www.github.com,20,15,1,1,1,2,2,0,0,0,1,0,0,0
http://75.31.164.180/confirm-password/index.php?session=982475,63,11,0,2,14,3,2,0,1,0,4,0,0,1
https://www.google.com/blog/2024/article,42,13,1,2,6,0,0,0,0,0,2,0,0,0
https://www.github.com/contact,29,15,1,3,0,0,0,3,0,0,1,0,0,0
http://login.microsoft-secure.ml/login.php,43,27,0,2,0,0,0,3,0,0,0,1,0,1
http://netflix-signin-r3sdudprk6s1qog3vclhov.xyz/signin/r3sdudprk6s1qog3vclhov,79,43,0,0,6,3,1,0,0,0,0,1,0,1
http://127.202.164.151/signin/index.php?session=120841,52,13,0,2,19,0,1,4,1,0,0,0,0,1
http://25.183.154.117/verify/index.php?session=552772,53,12,0,5,19,1,3,1,1,0,2,0,0,1
https://www.w3schools.com/user/profile,38,17,1,4,1,0,0,0,0,0,0,0,0,0
https://docs.mit.edu/course/aiml,30,14,1,0,0,0,2,3,0,0,0,0,0,0
http://15.91.18.56/bank-account/index.php?session=919207,58,12,0,3,14,0,2,1,1,0,2,0,0,1
https://www.irctc.co.in/user/profile,35,17,1,3,2,1,1,4,0,0,0,0,0,0
https://www.google.com/blog/2024/article,42,12,1,0,5,0,1,0,0,0,0,0,0,0
http://amazon-account-verify-n23lc-bgjr1aqk72.work/account-verify/n23lc-bgjr1aqk72,83,43,0,0,9,5,2,0,0,0,3,1,0,1
https://docs.reddit.com/products,31,14,1,0,1,0,0,0,0,1,1,0,0,0
http://amaz0n.ga/confirm-password-confirm.html?id=78584,56,10,0,4,7,4,0,0,0,0,3,1,0,1
http://paypal-verify-shgs9cp22gbz41v0vthrh135l5kw2s.tk/verify/shgs9cp22gbz41v0vthrh135l5kw2s,91,45,0,2,22,4,0,0,0,0,0,1,0,1
https://www.mit.edu/home,24,9,1,3,0,1,0,0,0,0,0,0,0,0
https://netflix-billing-update.ml/billing-update,49,26,1,1,0,2,2,0,0,0,4,1,0,1
https://www.google.com,24,13,1,0,0,0,0,3,0,0,1,0,0,0
https://netflix-billing-update.xyz/billing-update,48,25,1,3,0,5,0,1,0,0,2,1,0,1
http://paypal-login-lw4rsxg4p4vsputxu1b1mwhmo.ml/login/lw4rsxg4p4vsputxu1b1mwhmo,81,41,0,1,11,3,0,0,0,0,1,1,0,1
https://paypal-verify.top/verify,31,19,1,3,0,1,1,2,0,0,0,1,0,1
http://bit.ly/1522xz,19,5,0,3,3,0,0,0,0,1,0,0,0,1
http://tinyurl.com/8894xz,26,9,0,0,6,0,0,2,0,1,0,0,0,1
https://www.geeksforgeeks.org/home,32,23,1,2,0,0,1,0,0,0,0,0,0,0
https://nptel.ac.in/about,23,13,1,0,1,1,0,1,0,0,0,0,0,0
https://netflix-account-verify.cf/account-verify,49,25,1,0,0,2,0,0,0,0,3,1,0,1
http://login.amazon-update.club/login.php,39,24,0,4,0,2,1,0,0,0,2,1,0,1
https://www.microsoft.com/search?q=machine+learning,50,16,1,0,1,2,0,0,0,1,2,0,0,0
http://124.198.212.249/verify/index.php?session=526417,52,14,0,5,19,0,2,4,1,0,0,0,0,1
http://157.179.249.195/billing-update/index.php?session=299017,63,14,0,2,20,0,0,2,1,0,4,0,0,1
http://amaz0n.xyz/verify-confirm.html?id=5748,47,8,0,0,6,3,4,0,0,0,1,1,0,1
https://docs.mit.edu/about,28,11,1,0,1,2,0,2,0,0,0,0,0,0
http://verify.icicibank-support.ml/verify.php,45,25,0,5,1,3,1,1,0,0,1,1,0,1
http://verify.paypal-support.club/verify.php,44,28,0,3,1,0,0,0,0,0,0,1,0,1
https://www.irctc.co.in/docs/api,32,14,1,4,0,1,1,4,0,0,1,0,0,0
https://en.stackoverflow.com/search?q=machine+learning,53,20,1,2,0,2,1,3,0,0,0,0,0,0
http://199.184.64.146/confirm-password/index.php?session=631856,63,14,0,2,18,1,3,3,1,0,1,0,0,1
http://faceb00k.tk/bank-account-confirm.html?id=41393,51,9,0,3,6,1,3,1,0,0,5,1,0,1
https://wikipedia.org,20,12,1,3,2,0,0,0,0,0,2,0,0,0
http://amazon-verify-6v8d2xg881ydhk6sc47v-.ga/verify/6v8d2xg881ydhk6sc47v-,74,36,0,1,19,4,2,0,0,0,0,1,0,1
https://nptel.ac.in/home,26,9,1,0,0,1,2,2,0,0,0,0,0,0
http://amaz0n.ga/login-confirm.html?id=62107,44,9,0,1,6,1,1,0,0,0,1,1,0,1
http://verify.amazon-secure.work/verify.php,44,27,0,5,1,0,0,0,0,0,2,1,0,1
https://amazon.com/products,27,9,1,3,1,2,2,0,0,0,0,0,0,0
https://paypal-webscr.xyz/webscr,34,15,1,0,2,0,1,0,0,0,1,1,0,1
http://micros0ft.ml/verify-confirm.html?id=55123,50,11,0,3,4,2,1,2,0,0,3,1,0,1
https://www.nytimes.com/blog/2024/article,41,16,1,2,6,2,1,1,0,0,1,0,0,0
https://icicibank-webscr.top/webscr,33,22,1,2,0,1,0,0,0,0,0,1,0,1
http://9.89.106.129/update/index.php?session=474852,52,11,0,2,14,2,1,3,1,0,1,0,0,1
http://account-verify.hdfcbank-support.ga/account-verify.php,61,33,0,3,2,3,0,2,0,0,3,1,0,0
https://www.bbc.com/user/profile,34,9,1,3,2,0,2,1,0,0,2,0,0,0
https://static-assets.icicibank.com/session/kpg3dp4fmpm5h?ref=391&track=1,73,28,1,2,6,2,6,1,0,0,0,0,0,0
https://docs.reddit.com/course/aiml,33,17,1,2,1,0,0,1,0,1,1,0,0,0
http://cutt.ly/2296xz,20,7,0,1,2,0,0,1,0,1,1,0,0,1
https://www.stackoverflow.com/search?q=machine+learning,54,22,1,3,1,0,4,1,0,0,0,0,0,0
https://flipkart.com/contact,29,13,1,2,1,0,0,1,0,1,2,0,0,0
https://amazon-account-verify.xyz/account-verify,47,25,1,2,2,5,0,0,0,0,0,1,0,1
https://www.flipkart.com/blog/2024/article,44,17,1,1,4,0,0,1,0,1,1,0,0,0
https://www.icicibank.com/about,32,16,1,4,1,2,0,3,0,0,1,0,0,0
http://login.icicibank-update.work/login.php,44,25,0,4,2,0,2,2,0,0,3,1,0,1
https://docs.hdfcbank.com/about,33,18,1,0,0,0,0,0,0,0,0,0,0,0
http://paypal-webscr-8tiqjjb4swso1cisvvyk39g8l6ntwge.info/webscr/8tiqjjb4swso1cisvvyk39g8l6ntwge,95,52,0,1,15,1,2,0,0,0,2,1,0,1
http://paypa1.top/secure-confirm.html?id=37556,46,12,0,4,5,1,0,2,0,0,0,1,0,1
https://docs.nptel.ac.in/about,29,17,1,5,1,0,0,1,0,0,0,0,0,0
https://en.linkedin.com/search?q=machine+learning,49,17,1,0,2,0,2,3,0,0,0,0,0,0
http://secure.paypal-support.ml/secure.php,41,25,0,1,0,0,0,2,0,0,2,1,0,1
http://10.191.180.25/signin/index.php?session=46986,51,13,0,2,15,1,1,4,1,0,3,0,0,1
https://www.icicibank.com/search?q=machine+learning,52,15,1,1,0,0,1,0,0,0,2,0,0,0
http://185.188.94.69/bank-account/index.php?session=961755,56,13,0,3,17,0,0,2,1,0,3,0,0,0
https://docs.bbc.com/user/profile,33,13,1,3,0,0,0,3,0,0,2,0,0,0
https://paypal-confirm-password.xyz/confirm-password,50,29,1,1,0,3,1,2,0,0,2,1,0,1
https://docs.bbc.com/docs/api,30,13,1,4,2,0,1,0,0,0,0,0,0,0
https://cdn.geeksforgeeks.org/session/yyteag3aptm9x798?ref=721&track=1,68,23,1,4,8,0,3,0,0,0,0,0,0,0
http://45.236.107.11/secure/index.php?session=908953,54,12,0,6,14,0,4,2,1,0,0,0,0,1
https://paypal-secure.top/secure,34,18,1,0,1,0,0,1,0,0,3,1,0,1
https://amazon-secure.top/secure,32,15,1,2,1,3,0,2,0,0,2,1,0,1
http://billing-update.icicibank-update.cf/billing-update.php,58,35,0,5,0,1,2,2,0,0,5,1,0,1
http://micros0ft.tk/webscr-confirm.html?id=16592,48,13,0,4,8,0,4,1,0,0,2,1,0,1
https://microsoft.com/about,25,15,1,0,1,0,0,0,0,1,0,0,0,0
http://paypal-login-c9pmx87am4g1d3bpblj1u.ga/login/c9pmx87am4g1d3bpblj1u,72,35,0,1,14,0,0,2,0,0,0,1,0,1
http://amazon-webscr-2lwl1tqgufofztz19-g-u7j0nvf6s.ga/webscr/2lwl1tqgufofztz19-g-u7j0nvf6s,92,46,0,3,15,4,1,0,0,0,0,1,0,1
http://sbi-login-pl12uvzytwxkrpc4yws.cf/login/pl12uvzytwxkrpc4yws,67,33,0,0,5,0,1,0,0,0,0,1,0,1
https://paypal-confirm-password.com/confirm-password,50,25,1,0,1,1,1,0,0,0,3,0,0,1
https://netflix-confirm-password.info/confirm-password,56,27,1,2,1,2,0,0,0,0,3,1,0,1
http://paypal-account-verify-55rz38wnvwjnw17edg781juga5feg.ml/account-verify/55rz38wnvwjnw17edg781juga5feg,107,54,0,2,18,5,1,0,0,0,2,1,0,1
http://paypal-webscr-dxap5sk5hprloqwcjwv1m-7ys90bn9pe5m-.club/webscr/dxap5sk5hprloqwcjwv1m-7ys90bn9pe5m-,103,55,0,3,17,5,2,0,0,0,3,1,0,1
https://amazon-signin.xyz/signin,31,16,1,1,1,0,0,0,0,0,2,1,0,1
http://gooogle.top/secure-confirm.html?id=19845,49,13,0,2,5,0,0,1,0,0,0,1,0,1
https://www.nptel.ac.in/about,27,16,1,2,0,2,2,4,0,0,0,0,0,0
http://amazon-signin-ri6-nyk3ade6jr5j-1wb1c4w-i51rq.cf/signin/ri6-nyk3ade6jr5j-1wb1c4w-i51rq,90,46,0,2,19,8,2,0,0,0,0,1,0,1
http://netflix-confirm-password--27zutl52o4wr1bcvc6bhsl.xyz/confirm-password/-27zutl52o4wr1bcvc6bhsl,101,53,0,1,14,4,0,0,0,0,1,1,0,0
https://docs.amazon.com/about,31,14,1,2,0,2,0,3,0,0,0,0,0,0
https://amazon-verify.ga/verify,31,17,1,2,0,0,0,1,0,0,0,1,0,1
http://verify.hdfcbank-update.club/verify.php,43,25,0,1,0,2,1,3,0,0,3,1,0,1
http://amazon-account-verify-ninr5o8ws9chkcmnt7v88.xyz/account-verify/ninr5o8ws9chkcmnt7v88,93,45,0,2,11,3,1,2,0,0,0,1,0,1
https://docs.linkedin.com/products,36,15,1,4,1,0,0,1,0,0,0,0,0,0
https://docs.microsoft.com,25,20,1,2,0,0,0,3,0,1,0,0,0,0
http://cutt.ly/4946xz,21,7,0,0,3,0,0,2,0,1,0,0,0,0
https://api-v2.irctc.co.in/session/x3vpf9pavcedtcxnm?ref=249&track=1,69,16,1,2,7,2,4,2,0,0,1,0,0,0
http://signin.amazon-support.cf/signin.php,42,23,0,3,0,0,1,1,0,0,0,1,0,1
http://login.hdfcbank-support.gq/login.php,41,26,0,3,0,2,2,1,0,0,1,1,0,1
https://www.nptel.ac.in/contact,32,17,1,3,2,2,0,3,0,0,0,0,0,0
http://tinyurl.com/2855xz,25,12,0,3,2,2,2,0,0,1,0,0,0,1
https://static-assets.hdfcbank.com/session/2u9wt2ybu?ref=878&track=1,68,25,1,3,7,3,6,2,0,0,0,0,0,0
http://login.paypal-update.ml/login.php,41,22,0,3,1,0,0,2,0,0,1,1,0,1
https://www.bbc.com/products,27,12,1,4,0,0,1,0,0,0,0,0,0,0
https://docs.icicibank.com/user/profile,40,18,1,1,0,0,0,3,0,0,1,0,0,0
http://paypa1.top/billing-update-confirm.html?id=16051,52,9,0,3,6,2,2,0,0,0,5,1,0,1
http://63.2.164.196/signin/index.php?session=568294,50,13,0,3,16,0,0,1,1,0,2,0,0,1
https://static-assets.microsoft.com/session/x2bd2fmoqx?ref=276&track=1,72,29,1,0,8,3,3,0,0,1,0,0,0,0
https://docs.mit.edu/course/aiml,32,13,1,0,0,0,2,3,0,0,0,0,0,0
http://faceb00k.xyz/secure-confirm.html?id=14148,50,13,0,3,5,2,3,0,0,0,0,1,0,1
http://179.75.71.8/update/index.php?session=826961,51,10,0,6,15,1,0,0,1,0,3,0,0,1
http://paypa1.xyz/verify-confirm.html?id=85334,44,8,0,3,4,3,4,2,0,0,1,1,0,1
http://207.41.213.219/billing-update/index.php?session=210613,62,16,0,5,17,3,4,3,1,0,3,0,0,1
http://72.148.55.225/secure/index.php?session=885484,50,15,0,2,15,0,4,3,1,0,0,0,0,1
http://t.co/3994xz,17,5,0,3,6,0,2,1,0,1,0,0,0,1
https://python.org/user/profile,29,11,1,2,1,0,0,0,0,0,2,0,0,0
http://amazon-signin-vu71xmfz0tkv7iarmss0o9l.club/signin/vu71xmfz0tkv7iarmss0o9l,80,44,0,0,14,2,1,2,0,0,0,1,0,1
http://secure.hdfcbank-support.club/secure.php,48,29,0,2,1,0,2,2,0,0,0,1,0,1
https://docs.reddit.com/about,31,15,1,1,1,0,0,2,0,1,0,0,0,0
http://faceb00k.ga/account-verify-confirm.html?id=7497,53,13,0,3,7,2,3,1,0,0,5,1,0,1
https://static-assets.amazon.com/session/9wt00iv1ggxred8u8noz?ref=967&track=1,75,26,1,0,12,3,5,0,0,0,0,0,0,0
http://bank-account.paypal-update.club/bank-account.php,55,33,0,2,1,4,0,3,0,0,2,1,0,1
http://142.250.118.12/login/index.php?session=537294,54,14,0,2,17,1,4,3,1,0,3,0,0,1
https://static-assets.stackoverflow.com/session/t922d0nx?ref=936&track=1,73,33,1,4,9,3,2,2,0,0,0,0,0,0
https://docs.amazon.com/search?q=machine+learning,49,17,1,3,0,0,3,0,0,0,2,0,0,0
https://www.microsoft.com,25,15,1,0,1,0,0,0,0,1,1,0,0,0
https://docs.bbc.com/contact,27,14,1,0,0,1,2,0,0,0,0,0,0,0
http://account-verify.paypal-secure.gq/account-verify.php,56,30,0,2,1,4,0,2,0,0,1,1,0,1
https://netflix-update.com/update,33,16,1,1,0,2,0,0,0,0,3,0,0,1
https://en.nptel.ac.in/about,30,16,1,1,2,1,0,0,0,0,2,0,0,0
http://124.165.101.91/update/index.php?session=270369,52,15,0,4,16,0,2,3,1,0,1,0,0,1
https://github.com/user/profile,29,8,1,0,1,0,0,2,0,0,0,0,0,0
https://www.mit.edu/products,29,13,1,4,0,0,0,3,0,0,0,0,0,0
https://docs.bbc.com,22,11,1,4,1,0,2,1,0,0,0,0,0,0
https://www.google.com/course/aiml,35,13,1,3,0,2,0,0,0,0,2,0,0,0
https://en.sbi.co.in/blog/2024/article,38,14,1,4,3,2,0,3,0,0,0,0,0,0
http://ow.ly/6624xz,21,6,0,3,3,0,1,2,0,1,1,0,0,1
http://netflix-verify-cykjb95lfos-dk-ihjdrefr3yggaf.cf/verify/cykjb95lfos-dk-ihjdrefr3yggaf,89,49,0,1,7,7,1,2,0,0,2,1,0,1
http://paypal-confirm-password-hlr7ar53ddkoyo5kda35mks-wioi.info/confirm-password/hlr7ar53ddkoyo5kda35mks-wioi,111,55,0,0,14,5,1,0,0,0,1,1,0,1
https://icicibank-account-verify.gq/account-verify,50,29,1,1,0,4,0,2,0,0,4,1,0,1
http://145.112.47.90/login/index.php?session=558519,52,13,0,4,15,2,3,3,1,0,2,0,0,1
http://gooogle.cf/login-confirm.html?id=95153,43,9,0,0,5,2,4,2,0,0,0,1,0,1
https://www.flipkart.com/home,30,15,1,1,1,1,1,0,0,1,2,0,0,0
https://docs.irctc.co.in/contact,31,16,1,2,0,0,2,1,0,0,1,0,0,0
https://www.nytimes.com/products,33,13,1,0,2,0,0,2,0,0,1,0,0,0
https://netflix-billing-update.top/billing-update,49,24,1,0,0,2,0,0,0,0,2,1,0,1
https://cdn.microsoft.com/session/g1y9xca6qs0sz?ref=338&track=1,62,19,1,3,8,0,6,0,0,1,0,0,0,0
https://www.icicibank.com/blog/2024/article,42,18,1,0,2,0,1,0,0,0,0,0,0,0
http://132.166.56.123/bank-account/index.php?session=326367,61,13,0,5,15,0,3,4,1,0,0,0,0,1
http://netflix-secure-3j60kpesvu-c4ql.ml/secure/3j60kpesvu-c4ql,65,34,0,1,7,2,0,0,0,0,1,1,0,1
https://user-portal.mit.edu/session/3wqa1vrgss8k5ijul?ref=214&track=1,71,18,1,1,10,0,4,2,0,0,0,0,0,0
https://www.bbc.com/about,27,12,1,3,0,0,1,0,0,0,2,0,0,0
http://amaz0n.tk/login-confirm.html?id=32806,42,9,0,1,8,0,3,0,0,0,0,1,0,1
https://netflix-secure.xyz/secure,35,18,1,2,0,3,0,1,0,0,3,1,0,1
http://82.175.135.1/billing-update/index.php?session=418955,60,10,0,4,17,2,2,1,1,0,4,0,0,1
http://bank-account.microsoft-secure.gq/bank-account.php,55,30,0,3,0,5,0,0,0,0,1,1,0,1
https://cdn.nptel.ac.in/session/znaxoycg1fjgbvyow?ref=418&track=1,64,13,1,3,5,1,5,4,0,0,0,0,0,0
https://api-v2.flipkart.com/session/urmw3uqh?ref=658&track=1,58,20,1,4,4,2,5,3,0,1,0,0,0,0
https://www.nptel.ac.in,25,13,1,3,0,0,0,0,0,0,1,0,0,0
http://faceb00k.work/billing-update-confirm.html?id=12966,56,14,0,2,9,3,0,2,0,0,4,1,0,1
https://www.hdfcbank.com/user/profile,39,14,1,2,0,0,1,2,0,0,2,0,0,0
https://user-portal.sbi.co.in/session/e97n6y2c2bvpdcb4o?ref=338&track=1,69,19,1,3,12,2,4,3,0,0,0,0,0,0
https://docs.microsoft.com/products,33,20,1,0,1,2,0,2,0,1,0,0,0,0
https://www.nptel.ac.in/user/profile,34,13,1,3,0,0,0,4,0,0,0,0,0,0
https://en.geeksforgeeks.org/user/profile,43,21,1,3,2,0,0,1,0,0,0,0,0,0
http://amaz0n.tk/update-confirm.html?id=51662,43,10,0,1,4,2,0,0,0,0,2,1,0,1
https://www.nptel.ac.in/search?q=machine+learning,51,15,1,2,0,0,1,0,0,0,0,0,0,0
https://cdn.amazon.com/session/cli6978v0bjwkon8?ref=694&track=1,64,16,1,0,9,2,6,2,0,0,1,0,0,0
https://www.w3schools.com/contact,32,17,1,2,3,2,1,0,0,0,2,0,0,0
https://en.sbi.co.in/docs/api,27,14,1,3,0,1,2,1,0,0,0,0,0,0
https://www.geeksforgeeks.org/search?q=machine+learning,53,23,1,3,2,0,3,0,0,0,0,0,0,0
https://www.irctc.co.in/products,32,17,1,2,0,1,1,1,0,0,0,0,0,0
https://geeksforgeeks.org/home,30,18,1,0,0,0,0,0,0,0,0,0,0,0
https://en.nytimes.com/products,31,13,1,2,0,1,1,3,0,0,0,0,0,1
https://www.wikipedia.org/course/aiml,39,16,1,3,0,0,0,1,0,0,0,0,0,0
https://cdn.geeksforgeeks.org/session/pp7r93fezez5ehr07n?ref=716&track=1,71,20,1,0,10,2,6,3,0,0,0,0,0,0
https://netflix-webscr.ga/webscr,34,17,1,0,0,0,0,0,0,0,3,1,0,1
https://microsoft.com/blog/2024/article,40,12,1,3,6,1,0,1,0,1,1,0,0,0
http://amazon-verify-f036mpyzqhxhn65ys9qjqf241thek.cf/verify/f036mpyzqhxhn65ys9qjqf241thek,92,46,0,0,19,4,0,1,0,0,2,1,0,1
http://amaz0n.ga/login-confirm.html?id=23593,42,7,0,4,6,3,2,2,0,0,2,1,0,1
https://www.hdfcbank.com/blog/2024/article,44,15,1,3,4,1,0,2,0,0,0,0,0,0
http://netflix-update-f2tujmlyugvlzm0lp-mndcmb5bldql.club/update/f2tujmlyugvlzm0lp-mndcmb5bldql,95,52,0,0,5,4,0,0,0,0,0,1,0,1
http://secure.microsoft-secure.info/secure.php,45,29,0,3,0,0,1,0,0,0,0,1,0,1
https://www.wikipedia.org,27,16,1,1,0,0,0,2,0,0,2,0,0,0
http://bit.ly/7785xz,19,7,0,0,6,0,2,0,0,1,0,0,0,1
https://icicibank-confirm-password.ga/confirm-password,56,30,1,2,0,4,0,1,0,0,5,1,0,1
http://netflix-bank-account-doobl9hvp4fuj7ac5jrcr.ga/bank-account/doobl9hvp4fuj7ac5jrcr,85,46,0,1,8,4,0,1,0,0,0,1,0,1
https://sbi.co.in/about,24,7,1,4,0,0,0,0,0,0,2,0,0,0
https://nytimes.com/docs/api,28,9,1,0,2,0,0,2,0,0,1,0,0,0
https://static-assets.python.org/session/fc0tr58ps?ref=591&track=1,65,22,1,0,5,3,4,3,0,0,0,0,0,0
https://docs.nptel.ac.in/user/profile,36,16,1,4,0,0,0,3,0,0,0,0,0,0
https://www.bbc.com/contact,28,10,1,1,1,1,0,0,0,0,1,0,0,0
http://t.co/4289xz,18,6,0,2,5,2,0,0,0,1,1,0,0,1
http://faceb00k.ml/verify-confirm.html?id=75058,47,10,0,4,9,2,4,2,0,0,2,1,0,1
http://tinyurl.com/2385xz,27,11,0,3,5,1,0,2,0,1,0,0,0,1
http://faceb00k.ml/login-confirm.html?id=54566,45,9,0,2,9,0,0,0,0,0,1,1,0,1
https://docs.google.com/docs/api,32,15,1,4,0,0,0,2,0,0,0,0,0,0
https://www.stackoverflow.com/course/aiml,40,20,1,0,0,0,2,0,0,0,2,0,0,0
https://www.geeksforgeeks.org/home,35,23,1,0,0,1,0,0,0,0,2,0,0,0
https://en.github.com/products,30,12,1,2,0,1,0,0,0,0,2,0,0,0
https://www.nptel.ac.in/search?q=machine+learning,51,13,1,1,1,0,3,1,0,0,2,0,0,0
https://www.hdfcbank.com/contact,32,16,1,0,0,1,0,2,0,0,2,0,0,0
https://paypal-bank-account.xyz/bank-account,42,23,1,1,2,3,1,1,0,0,2,1,0,1
http://230.156.135.178/confirm-password/index.php?session=586896,65,13,0,5,20,2,1,1,1,0,0,0,0,1
https://user-portal.flipkart.com/session/akt7zqht2xz52?ref=894&track=1,69,25,1,3,10,1,5,0,0,1,0,0,0,0
https://www.microsoft.com/contact,35,18,1,1,0,1,0,3,0,1,0,0,0,0
https://user-portal.python.org/session/u1jtka1c2zl46?ref=865&track=1,68,21,1,0,8,0,4,2,0,0,1,0,0,0
http://122.162.99.196/secure/index.php?session=654222,51,12,0,3,15,1,2,0,1,0,1,0,0,1
https://www.irctc.co.in/course/aiml,34,14,1,4,0,2,0,2,0,0,0,0,0,0
http://34.96.16.167/update/index.php?session=866318,53,14,0,6,13,2,2,4,1,0,0,0,0,1
https://en.sbi.co.in/contact,30,12,1,1,0,0,1,1,0,0,0,0,0,0
http://update.microsoft-secure.tk/update.php,43,25,0,1,0,0,0,0,0,0,1,1,0,1
https://icicibank-verify.tk/verify,33,20,1,1,2,0,0,0,0,0,2,1,0,1
https://static-assets.microsoft.com/session/77gzdpyhznw?ref=587&track=1,70,27,1,4,6,0,5,1,0,1,0,0,0,0
http://amazon-login--pjg4c18bti2rimvo1b.club/login/-pjg4c18bti2rimvo1b,68,36,0,0,8,6,1,0,0,0,0,1,0,1
https://user-portal.nytimes.com/session/dhr59c81do6ouz1eg?ref=396&track=1,72,25,1,4,8,0,2,1,0,0,0,0,0,0
https://icicibank-login.com/login,33,20,1,3,0,1,0,1,0,0,4,0,0,1
https://cdn.reddit.com/session/2tp6qaq3k8?ref=161&track=1,56,14,1,3,10,2,2,2,0,1,0,0,0,0
http://90.249.9.121/billing-update/index.php?session=417385,57,13,0,2,15,1,3,0,1,0,0,0,0,1
https://geeksforgeeks.org/course/aiml,35,19,1,2,1,2,0,0,0,0,2,0,0,0
https://www.geeksforgeeks.org/course/aiml,41,20,1,0,0,0,0,3,0,0,2,0,0,0
http://micros0ft.gq/signin-confirm.html?id=59764,46,11,0,3,8,1,2,2,0,0,2,1,0,0
http://171.33.247.6/update/index.php?session=294710,53,13,0,3,16,1,3,1,1,0,2,0,0,1
http://netflix-bank-account-hzi14-q1eq9w2vc9eaos1chxj-t9v398m6.cf/bank-account/hzi14-q1eq9w2vc9eaos1chxj-t9v398m6,114,56,0,0,25,9,2,0,0,0,2,1,0,1
http://login.paypal-support.top/login.php,42,25,0,2,0,2,2,1,0,0,2,1,0,1
https://www.nptel.ac.in/home,30,15,1,3,0,2,1,1,0,0,1,0,0,0
https://github.com,18,10,1,3,1,1,0,0,0,0,0,0,0,0
http://update.amazon-update.gq/update.php,40,22,0,5,0,0,2,3,0,0,1,1,0,1
http://77.97.222.156/webscr/index.php?session=43862,53,11,0,6,16,0,0,0,1,0,0,0,0,1
https://netflix-webscr.club/webscr,36,20,1,3,0,2,0,0,0,0,0,1,0,1
https://user-portal.nptel.ac.in/session/e6ouwzk4ie86db?ref=584&track=1,71,25,1,2,8,3,4,1,0,0,2,0,0,0
https://www.geeksforgeeks.org/course/aiml,43,21,1,4,1,2,0,0,0,0,0,0,0,0
https://amazon-secure.club/secure,31,19,1,0,0,0,0,0,0,0,3,1,0,1
http://sbi-signin-7k8azlprtjk9ek4.work/signin/7k8azlprtjk9ek4,62,32,0,3,7,3,0,0,0,0,0,1,0,1
https://www.nptel.ac.in/search?q=machine+learning,50,13,1,3,0,2,1,3,0,0,2,0,0,0
https://docs.irctc.co.in/user/profile,37,14,1,4,0,0,0,0,0,0,0,0,0,0
https://docs.flipkart.com/contact,33,19,1,3,2,0,0,3,0,1,0,0,0,0
https://www.wikipedia.org/docs/api,36,15,1,4,0,1,0,0,0,0,0,0,0,0
http://amaz0n.xyz/verify-confirm.html?id=75654,46,11,0,1,8,3,3,0,0,0,2,1,0,1
https://en.reddit.com/contact,30,15,1,1,2,0,0,3,0,1,0,0,0,0
https://www.flipkart.com/docs/api,33,14,1,1,0,2,0,0,0,1,0,0,0,0
https://en.irctc.co.in/about,29,14,1,5,2,2,2,3,0,0,2,0,0,0
https://www.bbc.com/blog/2024/article,36,9,1,1,5,2,2,1,0,0,2,0,0,0
http://amaz0n.xyz/billing-update-confirm.html?id=68659,54,8,0,3,7,3,3,0,0,0,2,1,0,1
https://en.linkedin.com,22,14,1,1,0,2,1,3,0,0,2,0,0,0
http://confirm-password.paypal-secure.club/confirm-password.php,62,34,0,1,1,4,0,2,0,0,2,1,0,1
https://www.nytimes.com/course/aiml,35,16,1,0,0,2,1,2,0,0,0,0,0,0
http://140.33.102.35/secure/index.php?session=366618,52,13,0,4,16,0,1,0,1,0,0,0,0,1
https://docs.python.org/products,31,17,1,0,0,0,1,0,0,0,1,0,0,0
http://paypa1.top/bank-account-confirm.html?id=71934,51,10,0,2,7,0,3,1,0,0,1,1,0,1
https://bbc.com/products,24,9,1,3,0,0,0,0,0,0,1,0,0,0
https://www.python.org/blog/2024/article,41,12,1,3,3,2,2,2,0,0,2,0,0,1
https://en.hdfcbank.com/contact,33,16,1,4,0,2,2,0,0,0,0,0,0,0
http://cutt.ly/3132xz,21,5,0,1,5,0,0,0,0,1,2,0,0,1
http://signin.microsoft-update.gq/signin.php,43,26,0,1,1,0,2,2,0,0,2,1,0,1
http://190.69.92.174/confirm-password/index.php?session=703540,64,15,0,4,14,0,4,1,1,0,4,0,0,1
http://login.paypal-update.gq/login.php,38,23,0,2,1,3,2,1,0,0,3,1,0,1
http://is.gd/9678xz,18,3,0,2,5,2,0,0,0,1,0,0,0,1
http://paypal-update-jiybvklwwiaz0d-uxlk1fwzn.cf/update/jiybvklwwiaz0d-uxlk1fwzn,79,43,0,0,6,5,0,0,0,0,0,1,0,1
https://docs.sbi.co.in/docs/api,33,13,1,3,1,0,0,2,0,0,0,0,0,0
https://microsoft.com/home,26,15,1,0,0,0,0,0,0,1,1,0,0,0
http://amazon-update-gqgw9h0z6xg7b4isyhwt2kkfqvi0oz.work/update/gqgw9h0z6xg7b4isyhwt2kkfqvi0oz,94,47,0,0,15,0,0,0,0,0,2,1,0,1
https://www.mit.edu/about,27,13,1,0,2,1,2,0,0,0,0,0,0,0
https://user-portal.python.org/session/k5j42oi6oafn33vm?ref=347&track=1,70,22,1,2,12,3,5,0,0,0,0,0,0,0
https://www.sbi.co.in/about,28,11,1,2,0,2,0,3,0,0,0,0,0,0
http://gooogle.ml/account-verify-confirm.html?id=94253,54,11,0,0,3,1,4,2,0,0,5,1,0,1
http://paypa1.ml/webscr-confirm.html?id=88600,46,9,0,1,7,0,3,2,0,0,3,1,0,1
https://cdn.sbi.co.in/session/c6k8djzr5?ref=400&track=1,55,15,1,5,5,2,3,1,0,0,2,0,0,0
https://cdn.bbc.com/session/cdz6x4fmmen4052w8li?ref=351&track=1,65,12,1,1,9,0,4,1,0,0,2,0,0,0
https://www.w3schools.com/blog/2024/article,45,19,1,4,7,1,1,2,0,0,1,0,0,0
https://docs.sbi.co.in/user/profile,36,13,1,1,0,0,0,1,0,0,2,0,0,0
https://www.reddit.com/home,29,16,1,0,0,0,0,2,0,1,1,0,0,0
http://sbi-signin-ns65gxdfo2nnj6ryd5yk5a4s9p.cf/signin/ns65gxdfo2nnj6ryd5yk5a4s9p,80,39,0,3,16,3,1,1,0,0,1,1,0,1
https://www.flipkart.com/user/profile,39,14,1,2,0,0,0,3,0,1,0,0,0,0
https://www.wikipedia.org/products,35,18,1,3,1,0,0,0,0,0,0,0,0,0
https://www.icicibank.com/contact,32,16,1,2,0,0,1,1,0,0,2,0,0,0
https://static-assets.geeksforgeeks.org/session/ih83j0nph?ref=943&track=1,74,31,1,3,9,2,6,1,0,0,1,0,0,0
http://102.254.137.189/account-verify/index.php?session=442972,60,14,0,6,17,0,3,3,1,0,0,0,0,1
https://docs.amazon.com/about,27,16,1,3,1,1,0,3,0,0,2,0,0,0
https://user-portal.amazon.com/session/54n6o9jd3ih66w51?ref=908&track=1,69,23,1,1,15,0,3,3,0,0,0,0,0,0
https://linkedin.com/contact,30,12,1,0,0,1,0,1,0,0,0,0,0,0
http://cutt.ly/4279xz,22,6,0,2,2,1,0,0,0,1,2,0,0,1
https://www.wikipedia.org,23,19,1,4,1,0,1,2,0,0,1,0,0,0
https://static-assets.google.com/session/lwvmb0idd0wpj8y?ref=945&track=1,73,23,1,4,7,3,3,2,0,0,2,0,0,0
http://paypa1.club/login-confirm.html?id=52808,48,12,0,4,7,0,1,0,0,0,2,1,0,1
https://www.wikipedia.org,23,18,1,1,1,0,0,0,0,0,0,0,0,0
http://micros0ft.info/bank-account-confirm.html?id=90841,58,15,0,3,4,4,2,2,0,0,3,1,0,1
http://amazon-account-verify-bwnuhphun0uooqaiqu7ur-yrwnnvgq.info/account-verify/bwnuhphun0uooqaiqu7ur-yrwnnvgq,110,56,0,1,4,4,0,2,0,0,1,1,0,1
https://api-v2.amazon.com/session/su4fcl5efjp6m?ref=398&track=1,61,18,1,0,9,3,3,3,0,0,1,0,0,0
https://nptel.ac.in/course/aiml,33,12,1,4,0,0,1,2,0,0,0,0,0,0
https://amazon-signin.xyz/signin,30,19,1,3,0,0,1,0,0,0,3,1,0,1
https://www.microsoft.com/products,32,17,1,4,1,0,0,2,0,1,0,0,0,0
https://api-v2.python.org/session/an8nd7g0l3rt?ref=664&track=1,60,15,1,0,11,0,4,2,0,0,2,0,0,0
http://verify.amazon-update.top/verify.php,42,24,0,2,1,1,0,0,0,0,2,1,0,1
https://www.sbi.co.in/user/profile,34,13,1,2,0,1,2,3,0,0,2,0,0,0
http://sbi-bank-account-qvi0jluhlg3o-79l7tmb480oqmc9.tk/bank-account/qvi0jluhlg3o-79l7tmb480oqmc9,97,47,0,3,18,6,0,1,0,0,4,1,0,1
http://netflix-confirm-password-d3qj1nnvg9ykk42d0sh.ml/confirm-password/d3qj1nnvg9ykk42d0sh,93,46,0,0,13,3,0,0,0,0,3,1,0,1
https://netflix-signin.work/signin,35,20,1,3,2,0,2,1,0,0,2,1,0,0
https://www.stackoverflow.com/blog/2024/article,48,19,1,3,3,0,1,0,0,0,2,0,0,0
https://docs.flipkart.com/search?q=machine+learning,50,16,1,4,0,1,1,0,0,1,1,0,0,0
http://netflix-update-pm1f7repzphakc48xnfqta8mt-b8rz0.tk/update/pm1f7repzphakc48xnfqta8mt-b8rz0,94,49,0,0,12,3,2,2,0,0,2,1,0,1
https://www.linkedin.com/contact,34,14,1,0,0,0,1,0,0,0,0,0,0,0
https://user-portal.flipkart.com/session/2xiprtt3nu?ref=639&track=1,66,26,1,2,8,2,4,3,0,1,1,0,0,0
https://paypal-confirm-password.com/confirm-password,54,25,1,1,0,3,2,0,0,0,4,0,0,1
https://www.stackoverflow.com/course/aiml,42,21,1,2,1,0,1,3,0,0,0,0,0,0
http://paypal-bank-account-vaibeg3ibnajfh82vzn5v49bxtb5r798.info/bank-account/vaibeg3ibnajfh82vzn5v49bxtb5r798,111,56,0,3,20,2,0,1,0,0,2,1,0,1
http://secure.icicibank-support.xyz/secure.php,46,28,0,4,0,3,2,0,0,0,1,1,0,1
https://www.github.com/course/aiml,35,15,1,3,2,2,0,0,0,0,2,0,0,1
http://micros0ft.xyz/webscr-confirm.html?id=15332,49,15,0,0,5,2,1,0,0,0,3,1,0,1
https://en.sbi.co.in/contact,29,11,1,5,0,0,0,0,0,0,0,0,0,0
https://www.mit.edu/about,23,12,1,2,1,0,1,0,0,0,0,0,0,0
http://is.gd/5000xz,20,5,0,3,4,0,2,0,0,1,1,0,0,1
https://en.microsoft.com/search?q=machine+learning,51,15,1,3,1,2,1,0,0,1,2,0,0,0
https://www.mit.edu/blog/2024/article,35,11,1,3,4,0,0,0,0,0,2,0,0,0
https://www.mit.edu/blog/2024/article,35,13,1,2,6,0,1,2,0,0,0,0,0,0
http://signin.amazon-support.info/signin.php,44,24,0,2,2,2,0,0,0,0,3,1,0,1
http://t.co/2250xz,16,6,0,0,2,2,0,0,0,1,0,0,0,1
http://micros0ft.cf/verify-confirm.html?id=76005,48,10,0,3,5,0,4,0,0,0,1,1,0,0
https://en.amazon.com/home,27,13,1,3,0,0,0,0,0,0,2,0,0,0
https://docs.reddit.com/contact,29,17,1,3,2,0,0,1,0,1,2,0,0,0
https://www.bbc.com/course/aiml,33,11,1,1,1,2,0,0,0,0,0,0,0,0
http://amazon-webscr-0pzn2qi6j43n8fcgm4ukqvxdsmgfr.tk/webscr/0pzn2qi6j43n8fcgm4ukqvxdsmgfr,89,48,0,1,14,4,0,1,0,0,0,1,0,1
http://70.139.91.241/confirm-password/index.php?session=852440,61,14,0,4,18,0,2,2,1,0,4,0,0,1
https://docs.flipkart.com/home,29,17,1,2,0,0,1,0,0,1,0,0,0,0
http://gooogle.info/update-confirm.html?id=99776,48,11,0,0,7,0,3,2,0,0,0,1,0,1
http://sbi-confirm-password-ilvqlybi7jjtb9qop93k4ups93xlwb-hy.info/confirm-password/ilvqlybi7jjtb9qop93k4ups93xlwb-hy,118,60,0,0,13,5,2,0,0,0,1,1,0,1
http://t.co/3993xz,16,4,0,1,2,0,0,2,0,1,2,0,0,1
http://verify.microsoft-secure.ml/verify.php,42,25,0,1,2,3,0,0,0,0,1,1,0,1
https://netflix-signin.xyz/signin,31,16,1,0,0,2,0,2,0,0,2,1,0,1
https://user-portal.python.org/session/jwpxefaf0iszhrkd?ref=476&track=1,69,20,1,2,6,2,5,3,0,0,1,0,0,0
https://www.mit.edu/docs/api,30,9,1,1,2,0,1,0,0,0,2,0,0,0
https://en.google.com/user/profile,32,11,1,3,0,0,0,2,0,0,0,0,0,0
http://paypal-login-56fg4mlpg794mjo0gyva4dqy.top/login/56fg4mlpg794mjo0gyva4dqy,77,40,0,0,16,1,0,0,0,0,0,1,0,1
http://verify.hdfcbank-update.xyz/verify.php,43,28,0,5,1,2,2,1,0,0,1,1,0,1
http://netflix-confirm-password-5e93xev85s6tr32ej3whal2x-pg27o9b.ga/confirm-password/5e93xev85s6tr32ej3whal2x-pg27o9b,119,58,0,0,26,7,2,2,0,0,2,1,0,1
http://bank-account.icicibank-secure.xyz/bank-account.php,56,33,0,2,1,4,0,0,0,0,5,1,0,1
https://en.github.com/docs/api,31,11,1,0,0,2,0,0,0,0,0,0,0,0
http://faceb00k.cf/billing-update-confirm.html?id=17226,55,12,0,0,5,0,2,0,0,0,5,1,0,1
https://www.bbc.com/products,30,11,1,1,1,0,0,0,0,0,0,0,0,0
http://tinyurl.com/3238xz,26,10,0,0,5,0,0,1,0,1,0,0,0,1
http://faceb00k.ml/secure-confirm.html?id=45145,48,13,0,3,9,0,4,0,0,0,4,1,0,1
https://amazon.com/user/profile,29,9,1,2,1,0,0,1,0,0,0,0,0,0
http://webscr.amazon-support.tk/webscr.php,42,26,0,5,0,2,2,2,0,0,0,1,0,1
https://www.nptel.ac.in/course/aiml,37,15,1,3,0,0,0,4,0,0,2,0,0,0
https://docs.mit.edu,18,12,1,3,1,1,2,3,0,0,0,0,0,0
https://nptel.ac.in/course/aiml,32,10,1,3,1,0,1,2,0,0,1,0,0,0
https://cdn.bbc.com/session/dk6drn4or?ref=523&track=1,54,11,1,0,5,1,6,0,0,0,0,0,0,0
https://www.nptel.ac.in/products,31,16,1,1,2,1,2,4,0,0,0,0,0,0
http://signin.microsoft-update.top/signin.php,47,26,0,1,1,2,2,0,0,0,3,1,0,1
https://icicibank.com/blog/2024/article,38,14,1,0,6,0,0,2,0,0,2,0,0,0
http://update.icicibank-secure.ga/update.php,45,25,0,1,0,0,0,3,0,0,2,1,0,1
http://235.185.58.201/secure/index.php?session=530057,53,14,0,6,16,0,1,3,1,0,3,0,0,1
http://109.194.162.186/login/index.php?session=389218,51,13,0,2,18,1,1,4,1,0,2,0,0,1
http://webscr.hdfcbank-update.ga/webscr.php,41,27,0,2,0,1,0,2,0,0,3,1,0,1
https://user-portal.amazon.com/session/uppgbivscuoavf?ref=800&track=1,70,20,1,0,5,0,6,0,0,0,1,0,0,0
http://signin.icicibank-secure.cf/signin.php,45,26,0,3,0,2,0,0,0,0,2,1,0,1
https://www.nytimes.com/about,30,15,1,3,1,1,2,2,0,0,2,0,0,0
https://www.reddit.com/docs/api,30,12,1,1,0,1,0,3,0,1,2,0,0,0
https://www.nytimes.com/docs/api,32,16,1,2,0,2,1,2,0,0,2,0,0,0
https://www.microsoft.com/contact,34,15,1,3,0,0,0,0,0,1,2,0,0,0
https://en.mit.edu,17,8,1,2,0,1,1,0,0,0,1,0,0,0
http://cutt.ly/1512xz,22,5,0,1,3,0,0,0,0,1,0,0,0,1
http://netflix-update-0pzkho5wudrhjbmrimi9acuf.ml/update/0pzkho5wudrhjbmrimi9acuf,80,42,0,1,6,1,0,0,0,0,2,1,0,1
https://en.w3schools.com/home,28,18,1,3,2,0,1,1,0,0,0,0,0,0
https://www.nytimes.com/user/profile,37,15,1,0,0,2,1,3,0,0,2,0,0,0
http://webscr.microsoft-update.gq/webscr.php,44,27,0,4,1,0,0,0,0,0,3,1,0,1
https://amazon-bank-account.work/bank-account,43,24,1,2,2,4,0,0,0,0,2,1,0,1
http://bank-account.microsoft-secure.xyz/bank-account.php,58,31,0,2,1,4,0,3,0,0,5,1,0,1
http://faceb00k.club/confirm-password-confirm.html?id=96547,57,13,0,3,8,2,1,0,0,0,1,1,0,1
http://amazon-signin-zadxakgf11hheryiee7hx6lzfc7rantz.club/signin/zadxakgf11hheryiee7hx6lzfc7rantz,99,51,0,1,9,0,0,1,0,0,2,1,0,1
http://tinyurl.com/9677xz,26,12,0,0,5,0,0,0,0,1,2,0,0,0
https://en.icicibank.com/docs/api,35,15,1,4,1,1,1,2,0,0,0,0,0,0
https://www.w3schools.com/user/profile,37,17,1,4,2,2,1,1,0,0,2,0,0,0
http://netflix-confirm-password-dfr9w4adr8gezv7oh54o-419eifbt8ngbd.info/confirm-password/dfr9w4adr8gezv7oh54o-419eifbt8ngbd,125,66,0,1,22,8,0,0,0,0,4,1,0,1
https://irctc.co.in/search?q=machine+learning,47,11,1,0,0,0,4,3,0,0,0,0,0,0
http://ow.ly/8999xz,18,7,0,3,4,2,2,0,0,1,2,0,0,1
https://www.sbi.co.in/user/profile,36,11,1,4,0,2,2,0,0,0,1,0,0,0
http://micros0ft.work/bank-account-confirm.html?id=16994,56,13,0,0,5,0,2,0,0,0,5,1,0,1
https://nptel.ac.in/blog/2024/article,38,11,1,3,6,2,0,2,0,0,0,0,0,0
https://www.geeksforgeeks.org/search?q=machine+learning,53,22,1,2,0,0,3,1,0,0,0,0,0,0
https://api-v2.amazon.com/session/f2ctg08zz?ref=649&track=1,60,15,1,4,8,0,2,3,0,0,0,0,0,0
http://sbi-secure-29bhkv8damiyx89neexbhfbxr5uw1jhre.info/secure/29bhkv8damiyx89neexbhfbxr5uw1jhre,97,50,0,2,16,4,0,2,0,0,0,1,0,1
https://www.icicibank.com/contact,35,16,1,3,2,0,0,2,0,0,0,0,0,0
https://icicibank-verify.ga/verify,32,18,1,0,0,2,2,2,0,0,3,1,0,1
https://www.flipkart.com/home,30,14,1,3,0,0,0,0,0,1,0,0,0,0
https://www.nytimes.com/user/profile,36,14,1,3,0,0,0,0,0,0,0,0,0,0
http://account-verify.amazon-update.ga/account-verify.php,55,31,0,2,0,2,0,0,0,0,5,1,0,1
http://14.80.157.191/confirm-password/index.php?session=998260,61,15,0,5,14,0,4,1,1,0,1,0,0,1
http://122.21.41.165/signin/index.php?session=480898,51,11,0,5,15,0,1,2,1,0,3,0,0,1
http://paypa1.top/login-confirm.html?id=34135,46,10,0,1,7,2,0,2,0,0,1,1,0,1
http://micros0ft.top/secure-confirm.html?id=71102,48,13,0,0,6,3,3,0,0,0,0,1,0,1
https://static-assets.flipkart.com/session/r0jy32hog585i87?ref=191&track=1,75,24,1,4,13,2,6,2,0,1,0,0,0,0
http://ow.ly/1070xz,18,7,0,0,5,2,0,0,0,1,1,0,0,1
http://138.69.33.201/billing-update/index.php?session=101548,59,11,0,3,15,1,1,2,1,0,0,0,0,1
http://update.paypal-secure.gq/update.php,43,23,0,5,2,0,2,0,0,0,1,1,0,1
https://user-portal.wikipedia.org/session/uhgpjnvwrxgkikr?ref=712&track=1,74,26,1,4,3,1,5,0,0,0,2,0,0,0
http://bit.ly/4060xz,20,4,0,0,2,0,0,0,0,1,2,0,0,1
https://microsoft.com/course/aiml,35,14,1,1,2,1,2,0,0,1,0,0,0,0
http://t.co/4698xz,17,6,0,3,3,0,0,1,0,1,2,0,0,1
https://www.bbc.com,20,10,1,4,0,2,0,0,0,0,2,0,0,0
https://www.geeksforgeeks.org/about,36,19,1,3,0,1,0,2,0,0,0,0,0,0
http://bank-account.paypal-secure.ml/bank-account.php,51,30,0,2,2,2,2,3,0,0,5,1,0,1
http://245.108.201.7/account-verify/index.php?session=226203,58,12,0,4,17,2,1,1,1,0,2,0,0,1
http://billing-update.icicibank-update.gq/billing-update.php,62,36,0,5,1,5,0,1,0,0,2,1,0,1
http://sbi-signin-jhdt63-3tmo2i8xk3c0afs1rxm5f8a53s6.ga/signin/jhdt63-3tmo2i8xk3c0afs1rxm5f8a53s6,95,48,0,0,26,5,0,0,0,0,1,1,0,1
http://t.co/7069xz,18,3,0,0,5,2,1,2,0,1,0,0,0,1
http://198.107.101.44/update/index.php?session=560718,53,12,0,3,16,0,3,1,1,0,1,0,0,1
http://amaz0n.cf/bank-account-confirm.html?id=12396,53,11,0,1,7,4,2,0,0,0,2,1,0,1
https://www.nytimes.com/course/aiml,34,15,1,3,1,0,0,0,0,0,1,0,0,0
https://en.hdfcbank.com/user/profile,34,16,1,2,1,0,1,1,0,0,0,0,0,0
http://56.158.151.238/secure/index.php?session=241947,51,14,0,6,16,1,1,4,1,0,1,0,0,1
https://mit.edu/blog/2024/article,35,6,1,0,6,0,0,1,0,0,0,0,0,0
https://www.mit.edu/products,30,9,1,1,1,0,0,0,0,0,0,0,0,0
https://www.linkedin.com/blog/2024/article,42,15,1,2,2,1,0,2,0,0,0,0,0,0
https://icicibank-update.xyz/update,34,19,1,1,0,0,1,0,0,0,1,1,0,1
https://www.linkedin.com/search?q=machine+learning,52,17,1,1,1,0,1,0,0,0,0,0,0,0
http://amaz0n.info/account-verify-confirm.html?id=94225,54,12,0,2,4,2,3,0,0,0,1,1,0,1
https://www.amazon.com/about,30,16,1,0,1,0,0,3,0,0,1,0,0,0
http://224.59.212.82/webscr/index.php?session=485974,51,14,0,6,17,0,4,4,1,0,0,0,0,1
http://82.58.247.19/secure/index.php?session=689545,49,10,0,3,16,0,0,1,1,0,2,0,0,1
https://icicibank.com/search?q=machine+learning,46,13,1,2,0,0,1,1,0,0,0,0,0,0
http://paypal-billing-update-37rl1nxro58mws2yq7u0.club/billing-update/37rl1nxro58mws2yq7u0,91,48,0,1,16,4,0,0,0,0,4,1,0,1
http://update.hdfcbank-update.tk/update.php,42,26,0,3,1,1,0,0,0,0,4,1,0,1
https://user-portal.stackoverflow.com/session/1ha0w52713t87k9tpz1j?ref=578&track=1,82,30,1,0,16,0,4,3,0,0,0,0,0,0
http://sbi-secure-ugbdqtaij93t3a2r4p35l7g-i9mzk1wg.club/secure/ugbdqtaij93t3a2r4p35l7g-i9mzk1wg,93,47,0,2,20,3,1,2,0,0,0,1,0,1
https://www.reddit.com/blog/2024/article,41,16,1,0,5,1,0,0,0,1,0,0,0,0
http://verify.icicibank-secure.club/verify.php,46,29,0,4,2,3,0,0,0,0,5,1,0,1
http://goo.gl/7637xz,19,4,0,0,6,0,0,0,0,1,0,0,0,1
https://www.nytimes.com/about,27,16,1,4,0,0,0,3,0,0,0,0,0,0
https://www.nptel.ac.in/contact,29,14,1,1,0,0,1,2,0,0,0,0,0,0
https://www.sbi.co.in/search?q=machine+learning,48,11,1,5,0,1,4,1,0,0,2,0,0,0
https://www.reddit.com/user/profile,35,12,1,3,0,1,1,0,0,1,0,0,0,0
http://paypal-signin-pcm-a3klnwwchblxlmdxc7g5y4cxllj.ml/signin/pcm-a3klnwwchblxlmdxc7g5y4cxllj,96,48,0,3,7,2,2,0,0,0,2,1,0,1
http://billing-update.microsoft-secure.ga/billing-update.php,61,33,0,5,0,3,0,0,0,0,1,1,0,1
https://en.microsoft.com/user/profile,39,14,1,4,0,0,0,3,0,1,0,0,0,0
https://www.nptel.ac.in/user/profile,38,14,1,1,1,0,0,3,0,0,2,0,0,0
http://sbi-bank-account-ymmfuqgzhsj-ahas9o51aq00.xyz/bank-account/ymmfuqgzhsj-ahas9o51aq00,89,47,0,3,10,5,0,0,0,0,1,1,0,1
https://www.sbi.co.in/products,31,14,1,5,1,0,1,1,0,0,0,0,0,0
https://www.microsoft.com/user/profile,39,16,1,4,2,1,1,2,0,1,1,0,0,0
https://en.w3schools.com/blog/2024/article,44,16,1,1,4,2,0,0,0,0,1,0,0,0
http://amazon-verify-7klj8v13k22uflp-lzda1-.tk/verify/7klj8v13k22uflp-lzda1-,76,41,0,1,13,8,0,0,0,0,1,1,0,1
https://www.microsoft.com,23,17,1,3,0,0,0,1,0,1,0,0,0,0
https://docs.nptel.ac.in/search?q=machine+learning,52,14,1,1,0,1,0,1,0,0,0,0,0,0
https://icicibank-billing-update.com/billing-update,53,29,1,0,0,3,1,1,0,0,5,0,0,1
https://amazon-billing-update.ml/billing-update,48,25,1,0,2,4,0,2,0,0,3,1,0,1
http://145.253.250.67/confirm-password/index.php?session=743096,61,13,0,5,19,1,0,4,1,0,4,0,0,1
https://docs.sbi.co.in/products,33,15,1,1,0,0,0,3,0,0,1,0,0,0
http://faceb00k.xyz/confirm-password-confirm.html?id=54768,58,11,0,3,9,2,3,0,0,0,3,1,0,1
https://amazon-confirm-password.xyz/confirm-password,54,28,1,2,2,2,0,0,0,0,2,1,0,1
https://python.org/about,25,12,1,0,2,2,0,0,0,0,0,0,0,0
http://webscr.microsoft-support.tk/webscr.php,47,25,0,3,0,2,0,0,0,0,0,1,0,1
http://micros0ft.top/bank-account-confirm.html?id=36090,55,11,0,3,7,4,0,0,0,0,2,1,0,1
https://cdn.stackoverflow.com/session/vddwvb853gq?ref=176&track=1,64,20,1,0,6,2,4,3,0,0,0,0,0,0
http://gooogle.cf/signin-confirm.html?id=88667,47,12,0,1,4,2,0,0,0,0,0,1,0,1
https://en.google.com,22,12,1,1,1,1,2,1,0,0,0,0,0,0
https://www.nytimes.com,24,17,1,3,0,2,1,0,0,0,0,0,0,0
https://static-assets.linkedin.com/session/h7rt28p6u3?ref=179&track=1,70,27,1,2,8,1,2,3,0,0,1,0,0,0
https://en.hdfcbank.com/docs/api,33,15,1,1,2,1,0,3,0,0,1,0,0,0
http://sbi-update-w-7r4rze3lguripomc8iclv-.ml/update/w-7r4rze3lguripomc8iclv-,76,36,0,1,9,8,1,0,0,0,3,1,0,0
http://micros0ft.tk/account-verify-confirm.html?id=36937,54,13,0,1,6,3,0,1,0,0,1,1,0,1
https://docs.mit.edu/contact,27,11,1,0,0,0,0,3,0,0,0,0,0,0
https://en.hdfcbank.com/contact,30,14,1,2,1,1,0,0,0,0,3,0,0,0
http://signin.icicibank-support.ml/signin.php,43,27,0,1,2,0,2,0,0,0,4,1,0,1
https://www.github.com/course/aiml,36,13,1,0,0,2,0,1,0,0,0,0,0,1
https://www.wikipedia.org/home,30,16,1,3,0,2,1,2,0,0,0,0,0,0
http://micros0ft.xyz/account-verify-confirm.html?id=70717,58,15,0,0,6,0,1,0,0,0,1,1,0,1
http://paypal-billing-update-953rzwtqokv89rujr3g.info/billing-update/953rzwtqokv89rujr3g,88,47,0,1,14,5,1,2,0,0,4,1,0,1
http://micros0ft.xyz/login-confirm.html?id=38559,46,15,0,3,6,2,2,2,0,0,1,1,0,1
http://gooogle.info/login-confirm.html?id=79034,49,12,0,0,7,0,1,2,0,0,0,1,0,1
http://paypal-verify-f0oahwe3ou7-yrboo514kf74sed.top/verify/f0oahwe3ou7-yrboo514kf74sed,88,43,0,3,15,2,0,2,0,0,3,1,0,1
https://www.icicibank.com/docs/api,36,16,1,0,2,2,1,2,0,0,1,0,0,0
https://docs.wikipedia.org/blog/2024/article,42,16,1,0,2,0,2,2,0,0,1,0,0,0
http://112.120.7.12/billing-update/index.php?session=629318,57,11,0,2,14,0,0,4,1,0,0,0,0,1
http://confirm-password.hdfcbank-support.top/confirm-password.php,64,37,0,4,0,2,0,3,0,0,3,1,0,1
https://www.irctc.co.in/products,34,15,1,4,2,2,1,4,0,0,2,0,0,0
http://bank-account.paypal-update.tk/bank-account.php,51,30,0,4,2,4,1,0,0,0,4,1,0,1
http://238.88.214.238/account-verify/index.php?session=272778,59,16,0,5,18,0,2,0,1,0,2,0,0,1
http://billing-update.icicibank-support.work/billing-update.php,61,35,0,2,2,4,0,0,0,0,3,1,0,1
https://en.geeksforgeeks.org/home,35,20,1,1,2,0,0,0,0,0,1,0,0,0
https://cdn.w3schools.com/session/qcnf9w5n9c70pa8jx?ref=956&track=1,68,15,1,3,12,0,3,1,0,0,2,0,0,0
https://docs.sbi.co.in/contact,29,16,1,2,2,1,0,1,0,0,0,0,0,0
https://www.amazon.com/products,30,14,1,2,0,0,0,1,0,0,2,0,0,0
https://nytimes.com/about,27,13,1,0,0,1,0,0,0,0,1,0,0,0
http://85.55.87.136/bank-account/index.php?session=374767,58,10,0,6,14,1,2,3,1,0,0,0,0,1
https://www.sbi.co.in/contact,28,13,1,5,1,0,2,2,0,0,0,0,0,0
http://paypa1.club/signin-confirm.html?id=96947,48,11,0,4,6,1,2,1,0,0,4,1,0,1
http://paypal-account-verify-ac2qmadga0hpajb7ru4u39sie.top/account-verify/ac2qmadga0hpajb7ru4u39sie,101,50,0,0,11,6,0,0,0,0,4,1,0,1
https://www.amazon.com/docs/api,33,12,1,3,2,1,0,0,0,0,2,0,0,0
https://cdn.nytimes.com/session/fo2hoq5e7l7w05y2da5b?ref=420&track=1,66,17,1,1,11,1,6,0,0,0,0,0,0,0
https://www.reddit.com/search?q=machine+learning,50,15,1,3,0,2,1,1,0,1,0,0,0,0
http://paypal-verify-ar7o70db6a30s6px6b5737s.cf/verify/ar7o70db6a30s6px6b5737s,79,42,0,0,23,3,0,1,0,0,2,1,0,1
https://www.sbi.co.in/search?q=machine+learning,49,14,1,2,0,0,1,3,0,0,1,0,0,0
http://bank-account.paypal-update.gq/bank-account.php,55,31,0,5,0,3,0,3,0,0,2,1,0,1
http://is.gd/9715xz,18,3,0,0,2,0,2,0,0,1,0,0,0,1
http://129.22.255.58/update/index.php?session=42349,50,15,0,3,16,0,1,1,1,0,3,0,0,1
http://account-verify.paypal-update.gq/account-verify.php,55,33,0,1,0,3,2,0,0,0,2,1,0,1
http://amazon-webscr-p2ltth2sxlkgxhe79z2.xyz/webscr/p2ltth2sxlkgxhe79z2,71,36,0,0,12,4,2,0,0,0,2,1,0,1
https://api-v2.mit.edu/session/c8cah3gdhvs41lqfs6h?ref=494&track=1,66,13,1,4,11,0,2,0,0,0,0,0,0,0
https://www.geeksforgeeks.org/search?q=machine+learning,57,21,1,3,0,1,4,0,0,0,2,0,0,0
https://api-v2.icicibank.com/session/f2xhdcv4bktcv1?ref=292&track=1,65,18,1,0,7,0,2,0,0,0,3,0,0,0
http://webscr.microsoft-support.ga/webscr.php,46,26,0,1,2,1,0,2,0,0,0,1,0,1
http://76.43.170.148/account-verify/index.php?session=297418,58,15,0,6,16,2,3,3,1,0,1,0,0,1
https://www.icicibank.com/docs/api,36,17,1,2,1,1,1,3,0,0,1,0,0,0
http://132.11.232.156/confirm-password/index.php?session=354826,62,14,0,3,18,0,4,0,1,0,2,0,0,1
http://paypa1.work/signin-confirm.html?id=95453,47,9,0,4,8,3,4,1,0,0,1,1,0,1
https://www.nytimes.com/about,27,16,1,3,0,1,1,3,0,0,0,0,0,0
http://confirm-password.hdfcbank-secure.info/confirm-password.php,63,36,0,5,0,2,2,1,0,0,4,1,0,1
https://www.linkedin.com/contact,33,14,1,3,0,0,2,1,0,0,0,0,0,0
http://paypal-billing-update-pj6631ulzgg2qrf4l5jxhzgs4pq3m.top/billing-update/pj6631ulzgg2qrf4l5jxhzgs4pq3m,108,53,0,3,20,2,0,1,0,0,1,1,0,1
https://cdn.icicibank.com/session/yjf30kh5840?ref=544&track=1,61,17,1,4,8,1,3,0,0,0,0,0,0,0
https://user-portal.wikipedia.org/session/diwzod05jh2mkv0d?ref=856&track=1,73,26,1,1,9,1,2,0,0,0,2,0,0,0
https://geeksforgeeks.org/blog/2024/article,41,17,1,0,3,0,0,2,0,0,1,0,0,0
http://billing-update.paypal-secure.gq/billing-update.php,56,30,0,1,2,2,0,3,0,0,3,1,0,1
https://en.amazon.com/home,25,11,1,0,1,0,0,2,0,0,1,0,0,0
https://cdn.nytimes.com/session/n9zkelz5to?ref=503&track=1,57,13,1,3,5,0,3,3,0,0,0,0,0,0
http://104.107.109.26/bank-account/index.php?session=326689,59,15,0,5,16,1,2,1,1,0,1,0,0,1
http://112.142.79.248/update/index.php?session=815713,55,16,0,6,17,2,1,4,1,0,2,0,0,1
https://www.sbi.co.in/course/aiml,33,12,1,3,0,1,0,1,0,0,1,0,0,0
http://tinyurl.com/3186xz,25,9,0,2,4,2,0,1,0,1,0,0,0,1
http://t.co/2268xz,18,6,0,3,5,2,1,0,0,1,1,0,0,1
http://paypal-billing-update-abxhm35n3gpzv2428i90rhmsforgc.gq/billing-update/abxhm35n3gpzv2428i90rhmsforgc,107,54,0,3,17,5,0,2,0,0,3,1,0,1
http://214.153.138.193/update/index.php?session=809758,55,13,0,4,19,0,1,2,1,0,2,0,0,1
https://www.microsoft.com,27,17,1,0,1,0,0,1,0,1,1,0,0,0
http://secure.hdfcbank-update.work/secure.php,46,26,0,4,0,2,0,2,0,0,1,1,0,1
https://www.sbi.co.in,21,13,1,2,0,2,2,1,0,0,1,0,0,0
https://amazon-billing-update.work/billing-update,47,27,1,1,1,3,1,0,0,0,2,1,0,1
http://paypa1.club/billing-update-confirm.html?id=228,55,12,0,1,3,1,4,0,0,0,5,1,0,1
http://t.co/6047xz,17,5,0,3,4,0,2,0,0,1,2,0,0,1
https://user-portal.reddit.com/session/ucm5fyczu80zrz7?ref=320&track=1,68,21,1,3,8,0,4,0,0,1,2,0,0,0
http://update.icicibank-secure.club/update.php,45,30,0,5,0,2,0,2,0,0,2,1,0,1
http://paypa1.tk/webscr-confirm.html?id=96617,45,7,0,3,7,0,0,1,0,0,1,1,0,1
http://login.amazon-support.work/login.php,42,24,0,1,0,1,2,3,0,0,0,1,0,1
https://docs.hdfcbank.com/docs/api,33,16,1,1,2,1,1,1,0,0,1,0,0,0
https://paypal-confirm-password.gq/confirm-password,49,25,1,1,2,2,2,0,0,0,2,1,0,1
https://netflix-account-verify.info/account-verify,52,28,1,1,0,4,2,0,0,0,4,1,0,1
https://en.microsoft.com/home,30,14,1,1,1,0,1,0,0,1,1,0,0,0
https://en.stackoverflow.com/about,34,18,1,3,2,2,0,0,0,0,0,0,0,0
http://amazon-account-verify-0m3w1nx516g00s6z53qdi58kah9o.info/account-verify/0m3w1nx516g00s6z53qdi58kah9o,105,57,0,2,30,4,0,0,0,0,3,1,0,1
http://faceb00k.work/signin-confirm.html?id=35093,51,11,0,4,5,1,0,0,0,0,0,1,0,1
https://microsoft.com/products,28,14,1,0,2,0,0,0,0,1,0,0,0,0
https://docs.python.org/search?q=machine+learning,50,16,1,0,2,0,0,0,0,0,0,0,0,0
http://amazon-billing-update-zp6tsm1em4zcpuvlbi8ijxm6lz.ml/billing-update/zp6tsm1em4zcpuvlbi8ijxm6lz,102,49,0,2,11,2,0,0,0,0,3,1,0,1
https://geeksforgeeks.org/about,32,18,1,1,1,0,0,0,0,0,0,0,0,0
https://www.geeksforgeeks.org,31,22,1,3,2,0,0,0,0,0,0,0,0,0
https://nptel.ac.in/contact,26,11,1,2,1,0,1,0,0,0,0,0,0,0
http://paypal-update-w9qscm004t7ez0qzdg2ki28tbs5dkffwil.cf/update/w9qscm004t7ez0qzdg2ki28tbs5dkffwil,101,53,0,0,19,4,0,0,0,0,0,1,0,1
https://www.irctc.co.in/products,30,17,1,4,2,0,2,3,0,0,0,0,0,0
http://amazon-update-b5jgsyo0lem9pl7u.ml/update/b5jgsyo0lem9pl7u,64,34,0,0,8,2,0,1,0,0,0,1,0,1
https://en.nytimes.com/search?q=machine+learning,49,13,1,2,0,0,2,0,0,0,0,0,0,0
https://www.stackoverflow.com/user/profile,43,20,1,1,0,0,0,3,0,0,2,0,0,0
https://docs.icicibank.com/products,37,20,1,4,2,0,1,0,0,0,2,0,0,0
http://secure.microsoft-support.top/secure.php,46,29,0,2,0,3,0,1,0,0,3,1,0,1
https://www.wikipedia.org/search?q=machine+learning,52,16,1,3,0,1,1,3,0,0,0,0,0,0
https://netflix-webscr.cf/webscr,33,15,1,0,0,2,0,1,0,0,1,1,0,1
http://ow.ly/8581xz,19,4,0,1,6,0,0,2,0,1,0,0,0,1
http://bit.ly/1851xz,20,5,0,3,5,0,0,0,0,1,0,0,0,1
http://paypal-update-4y9scy512l61-99.top/update/4y9scy512l61-99,63,31,0,3,20,2,0,1,0,0,1,1,0,1
http://verify.amazon-update.top/verify.php,42,25,0,1,0,0,0,1,0,0,0,1,0,1
http://account-verify.microsoft-secure.ml/account-verify.php,61,33,0,3,1,4,0,1,0,0,4,1,0,1
http://t.co/4055xz,16,3,0,2,5,0,0,1,0,1,1,0,0,1
http://tinyurl.com/9201xz,25,12,0,0,5,0,1,2,0,1,0,0,0,1
http://is.gd/9840xz,19,7,0,1,2,1,0,0,0,1,0,0,0,1
https://www.icicibank.com/blog/2024/article,45,16,1,1,4,0,1,2,0,0,0,0,0,0
http://account-verify.paypal-secure.top/account-verify.php,60,32,0,4,1,5,0,0,0,0,4,1,0,1
https://en.mit.edu,17,11,1,1,1,0,2,2,0,0,2,0,0,0
http://tinyurl.com/9847xz,24,10,0,3,2,1,0,0,0,1,0,0,0,0
https://cdn.nytimes.com/session/xd2zu4ns7nvv28?ref=220&track=1,62,13,1,2,11,2,3,0,0,0,0,0,0,0
https://www.w3schools.com/blog/2024/article,44,15,1,2,5,0,0,2,0,0,0,0,0,0
http://amazon-webscr-j0b2edmbjhz4m3i4qn.ga/webscr/j0b2edmbjhz4m3i4qn,67,37,0,3,8,2,1,1,0,0,3,1,0,1
http://65.214.136.32/confirm-password/index.php?session=934447,62,14,0,3,17,1,3,0,1,0,0,0,0,1
https://en.mit.edu/products,27,12,1,1,0,0,1,0,0,0,0,0,0,0
https://geeksforgeeks.org/contact,34,18,1,0,2,0,0,0,0,0,2,0,0,0
https://www.nptel.ac.in/contact,29,15,1,4,1,2,0,3,0,0,0,0,0,0
http://verify.paypal-secure.info/verify.php,45,23,0,2,0,2,1,2,0,0,2,1,0,1
https://www.linkedin.com/contact,34,15,1,2,0,1,0,0,0,0,1,0,0,0
https://www.flipkart.com/user/profile,38,18,1,0,2,1,2,0,0,1,0,0,0,0
https://www.w3schools.com/products,33,16,1,4,2,1,1,1,0,0,0,0,0,0
http://billing-update.microsoft-update.cf/billing-update.php,60,35,0,2,0,1,0,0,0,0,0,1,0,1
https://www.stackoverflow.com/products,39,21,1,2,0,0,1,2,0,0,0,0,0,0
https://www.github.com/course/aiml,32,14,1,1,1,2,0,0,0,0,2,0,0,0
http://gooogle.club/billing-update-confirm.html?id=98273,58,12,0,4,4,4,4,0,0,0,2,1,0,1
https://docs.stackoverflow.com/home,33,20,1,2,0,0,0,2,0,0,0,0,0,0
http://is.gd/3180xz,19,4,0,2,4,1,2,0,0,1,2,0,0,1
https://www.google.com/home,26,14,1,2,0,2,2,3,0,0,1,0,0,0
https://en.irctc.co.in/search?q=machine+learning,50,16,1,4,2,2,1,4,0,0,2,0,0,0
https://api-v2.google.com/session/50nooo0n?ref=756&track=1,57,19,1,3,10,1,3,0,0,0,2,0,0,0
https://api-v2.nptel.ac.in/session/u923o359tsujt70y2rl4?ref=661&track=1,69,16,1,5,17,3,4,4,0,0,0,0,0,0
https://google.com/products,27,9,1,2,0,0,0,0,0,0,0,0,0,0
http://cutt.ly/9890xz,21,7,0,0,5,0,2,0,0,1,0,0,0,1
https://reddit.com,18,10,1,3,1,0,2,0,0,1,2,0,0,0
http://amazon-secure-8hx0bvpmtyq642d2kdk3zxfmay-fk.work/secure/8hx0bvpmtyq642d2kdk3zxfmay-fk,93,46,0,2,16,6,0,0,0,0,3,1,0,1
http://is.gd/4220xz,19,6,0,0,6,0,2,1,0,1,1,0,0,1
https://www.flipkart.com,24,16,1,4,0,2,2,2,0,1,1,0,0,0
https://www.mit.edu/contact,28,10,1,1,0,0,1,1,0,0,1,0,0,0
http://billing-update.hdfcbank-update.top/billing-update.php,58,32,0,4,0,3,1,0,0,0,2,1,0,1
http://bit.ly/2342xz,18,5,0,3,3,1,0,1,0,1,0,0,0,1
https://docs.mit.edu/contact,30,10,1,4,0,2,0,2,0,0,2,0,0,0
https://amazon-confirm-password.com/confirm-password,50,25,1,2,2,2,2,0,0,0,3,0,0,1
https://docs.w3schools.com,25,17,1,0,0,0,0,3,0,0,1,0,0,0
https://icicibank-login.cf/login,34,20,1,1,2,0,0,0,0,0,4,1,0,1
http://176.152.128.24/update/index.php?session=639265,55,13,0,5,17,0,0,4,1,0,0,0,0,1
https://api-v2.flipkart.com/session/nwoskazochbir?ref=818&track=1,67,20,1,1,3,1,4,2,0,1,0,0,0,0
http://amazon-secure-dkixl8wtky7c6th9bka9w1jgcv8u3aja.cf/secure/dkixl8wtky7c6th9bka9w1jgcv8u3aja,94,47,0,0,18,4,0,0,0,0,0,1,0,1
http://verify.amazon-support.cf/verify.php,42,23,0,1,0,1,0,0,0,0,2,1,0,1
https://docs.icicibank.com/user/profile,41,16,1,2,0,1,2,2,0,0,0,0,0,0
https://docs.amazon.com/products,31,14,1,4,0,2,0,1,0,0,0,0,0,0
https://cdn.python.org/session/ur9211u64?ref=823&track=1,54,16,1,1,10,0,6,0,0,0,0,0,0,0
https://microsoft.com/blog/2024/article,38,15,1,1,5,2,1,0,0,1,1,0,0,0
http://account-verify.microsoft-support.work/account-verify.php,62,39,0,4,0,1,0,3,0,0,3,1,0,1
http://netflix-confirm-password-5-h6wo39hr7dmexu44oo.cf/confirm-password/5-h6wo39hr7dmexu44oo,95,47,0,2,12,4,2,2,0,0,2,1,0,1
https://user-portal.reddit.com/session/9dyfngp41s3?ref=131&track=1,65,23,1,1,10,2,6,1,0,1,1,0,0,0
http://netflix-account-verify-4jw7s9zlehvr-ye.ga/account-verify/4jw7s9zlehvr-ye,79,40,0,0,7,7,0,0,0,0,3,1,0,1
http://paypal-account-verify-fjilyn43nb0xbhp5uw3axx88gcjb.cf/account-verify/fjilyn43nb0xbhp5uw3axx88gcjb,105,55,0,3,16,2,0,0,0,0,0,1,0,1
http://goo.gl/5335xz,21,6,0,3,5,2,1,0,0,1,0,0,0,1
https://www.reddit.com/user/profile,34,16,1,2,0,2,0,1,0,1,2,0,0,0
http://confirm-password.microsoft-secure.tk/confirm-password.php,63,35,0,1,0,2,0,0,0,0,2,1,0,1
http://sbi-webscr-5yxkpodwmbo5kf-ork06l7e2z.ga/webscr/5yxkpodwmbo5kf-ork06l7e2z,78,40,0,0,12,3,0,2,0,0,3,1,0,1
https://api-v2.linkedin.com/session/ovtrpyx8hbb?ref=344&track=1,61,21,1,4,5,2,2,1,0,0,0,0,0,0
https://docs.bbc.com/about,24,11,1,4,1,0,2,3,0,0,0,0,0,0
https://en.reddit.com,19,15,1,0,0,0,0,2,0,1,0,0,0,0
https://docs.nptel.ac.in/user/profile,39,15,1,5,0,0,0,3,0,0,0,0,0,0
http://micros0ft.com/bank-account-confirm.html?id=87676,54,14,0,1,4,4,2,0,0,1,3,0,0,1
http://bit.ly/9387xz,22,7,0,3,4,0,1,1,0,1,2,0,0,1
https://www.linkedin.com/products,32,18,1,1,0,1,0,3,0,0,0,0,0,1
https://paypal-confirm-password.cf/confirm-password,49,28,1,1,2,3,0,0,0,0,0,1,0,1
http://bank-account.hdfcbank-secure.club/bank-account.php,56,31,0,5,0,5,2,0,0,0,2,1,0,1
https://w3schools.com/search?q=machine+learning,46,15,1,0,0,0,0,0,0,0,0,0,0,0
https://netflix-signin.club/signin,32,18,1,2,1,2,0,0,0,0,3,1,0,1
https://www.geeksforgeeks.org/docs/api,40,23,1,1,1,1,0,0,0,0,1,0,0,0
http://108.139.1.109/verify/index.php?session=983577,52,15,0,6,14,2,3,0,1,0,3,0,0,1
http://goo.gl/8627xz,19,4,0,1,4,1,2,0,0,1,0,0,0,1
http://113.102.122.112/bank-account/index.php?session=399134,62,14,0,5,19,1,1,0,1,0,3,0,0,1
https://static-assets.amazon.com/session/41j2patd93ezemqt78?ref=507&track=1,75,25,1,3,12,1,2,0,0,0,0,0,0,0
https://en.microsoft.com/blog/2024/article,42,15,1,3,3,0,0,3,0,1,2,0,0,0
http://cutt.ly/6341xz,21,8,0,0,2,1,0,0,0,1,0,0,0,1
http://paypa1.ml/secure-confirm.html?id=86206,47,11,0,3,4,0,4,0,0,0,4,1,0,1
http://paypal-bank-account-50yofgj1zofqu4-qpfq7zf8508hu8rz.gq/bank-account/50yofgj1zofqu4-qpfq7zf8508hu8rz,104,55,0,2,21,4,0,0,0,0,0,1,0,1
http://tinyurl.com/5164xz,26,13,0,1,3,0,0,2,0,1,0,0,0,1
http://confirm-password.hdfcbank-update.cf/confirm-password.php,61,35,0,3,1,5,1,2,0,0,2,1,0,1
https://github.com/course/aiml,32,12,1,0,0,0,1,2,0,0,0,0,0,0
https://paypal-login.tk/login,29,15,1,1,0,2,0,0,0,0,2,1,0,1
http://is.gd/9203xz,20,6,0,3,4,2,0,0,0,1,2,0,0,1
https://docs.icicibank.com/docs/api,33,19,1,0,1,2,2,0,0,0,3,0,0,0
http://sbi-update-ncscvn-2xg4hjspt5.work/update/ncscvn-2xg4hjspt5,66,35,0,0,4,4,0,2,0,0,0,1,0,1
https://www.microsoft.com/blog/2024/article,45,18,1,3,6,0,1,0,0,1,0,0,0,0
https://user-portal.bbc.com/session/ey0a94xfri09m0g?ref=754&track=1,67,20,1,1,9,2,4,2,0,0,0,0,0,1
https://user-portal.icicibank.com/session/4koxhjmia6ykfcr6c1?ref=181&track=1,74,27,1,1,6,3,5,1,0,0,2,0,0,0
https://docs.mit.edu/docs/api,31,10,1,1,1,0,0,2,0,0,0,0,0,0
http://faceb00k.xyz/secure-confirm.html?id=45465,50,11,0,4,9,1,2,0,0,0,2,1,0,1
https://amazon.com/about,22,9,1,0,0,1,0,1,0,0,0,0,0,0
https://cdn.google.com/session/2hvnyarnnezteew6mm7i?ref=702&track=1,65,14,1,3,8,2,3,2,0,0,1,0,0,0
http://247.6.188.215/webscr/index.php?session=564611,51,15,0,4,18,0,3,4,1,0,0,0,0,1
https://www.geeksforgeeks.org/course/aiml,42,19,1,1,1,0,0,3,0,0,2,0,0,0
https://docs.stackoverflow.com/about,35,24,1,3,0,1,2,1,0,0,2,0,0,0
http://netflix-bank-account-foz0txylla61e05pd.ga/bank-account/foz0txylla61e05pd,80,42,0,2,12,5,0,0,0,0,2,1,0,1
https://www.nytimes.com/search?q=machine+learning,51,13,1,4,0,1,3,2,0,0,1,0,0,0
https://docs.nytimes.com,26,17,1,1,0,1,0,0,0,0,0,0,0,0
http://account-verify.paypal-support.ml/account-verify.php,59,34,0,3,0,2,2,0,0,0,2,1,0,1
http://netflix-bank-account-7m9ycgmivrpw3xj7o7v-28-b.ga/bank-account/7m9ycgmivrpw3xj7o7v-28-b,95,47,0,0,14,7,1,1,0,0,0,1,0,1
https://bbc.com/search?q=machine+learning,41,8,1,2,1,0,3,0,0,0,0,0,0,0
https://www.wikipedia.org,25,17,1,2,0,0,0,1,0,0,1,0,0,0
https://wikipedia.org/user/profile,36,15,1,0,0,0,0,2,0,0,1,0,0,0
http://secure.hdfcbank-update.club/secure.php,43,26,0,2,0,3,1,0,0,0,1,1,0,1
https://www.bbc.com/contact,29,13,1,3,0,0,1,0,0,0,1,0,0,0
https://netflix-bank-account.club/bank-account,44,23,1,3,0,1,1,0,0,0,3,1,0,1
http://billing-update.icicibank-update.xyz/billing-update.php,62,34,0,4,0,2,2,0,0,0,1,1,0,1
https://cdn.mit.edu/session/s4dilrzq8bxy6rkvn?ref=157&track=1,63,13,1,1,5,1,6,3,0,0,0,0,0,0
https://paypal-account-verify.gq/account-verify,46,26,1,3,2,2,0,2,0,0,0,1,0,1
https://nytimes.com/course/aiml,30,12,1,0,1,2,0,0,0,0,0,0,0,0
https://docs.w3schools.com/about,31,17,1,3,1,0,2,1,0,0,0,0,0,0
https://python.org/course/aiml,31,10,1,3,0,1,2,0,0,0,0,0,0,0
http://paypa1.work/webscr-confirm.html?id=67571,49,10,0,3,5,0,1,1,0,0,2,1,0,1
http://cutt.ly/8827xz,22,7,0,0,5,0,1,2,0,1,0,0,0,1
http://netflix-confirm-password-n1d5wmxkokagj5clon6f34eoseiv2n.top/confirm-password/n1d5wmxkokagj5clon6f34eoseiv2n,112,61,0,3,14,3,0,2,0,0,2,1,0,1
https://www.mit.edu/course/aiml,32,10,1,3,0,0,0,0,0,0,1,0,0,0
http://amazon-bank-account-w5rmjeuhbvvku9hkk0xytqqtv.cf/bank-account/w5rmjeuhbvvku9hkk0xytqqtv,95,50,0,1,4,3,0,0,0,0,1,1,0,1
https://www.nytimes.com/user/profile,38,17,1,2,1,0,1,2,0,0,1,0,0,0
http://netflix-login-ylkezp5rqek00namrhpqpfie-63ex3.club/login/ylkezp5rqek00namrhpqpfie-63ex3,95,51,0,2,14,5,0,0,0,0,3,1,0,1
http://23.140.179.49/update/index.php?session=595197,51,11,0,6,14,1,0,3,1,0,2,0,0,1
http://27.120.87.68/verify/index.php?session=933612,50,12,0,5,17,0,4,3,1,0,3,0,0,1
http://amaz0n.cf/confirm-password-confirm.html?id=26447,55,9,0,0,4,1,4,1,0,0,4,1,0,1
https://user-portal.wikipedia.org/session/u8kd9gnlp?ref=716&track=1,66,27,1,2,8,0,3,0,0,0,0,0,0,0
http://ow.ly/3417xz,18,7,0,3,2,0,1,2,0,1,0,0,0,1
http://update.paypal-secure.ml/update.php,41,23,0,1,0,1,2,3,0,0,2,1,0,1
https://docs.bbc.com/contact,26,14,1,4,0,0,0,0,0,0,1,0,0,0
https://docs.reddit.com/docs/api,34,14,1,2,1,0,0,3,0,1,1,0,0,0
http://bit.ly/1570xz,18,6,0,3,3,2,1,0,0,1,1,0,0,1
https://netflix-login.ml/login,32,17,1,1,2,0,0,0,0,0,0,1,0,1
https://nptel.ac.in/contact,26,10,1,4,0,1,0,0,0,0,1,0,0,1
https://mit.edu/contact,25,9,1,0,0,0,0,0,0,0,1,0,0,0
http://paypa1.work/signin-confirm.html?id=65197,45,13,0,4,6,0,4,0,0,0,3,1,0,1
https://en.mit.edu/docs/api,28,12,1,1,1,0,0,2,0,0,1,0,0,0
http://sbi-billing-update-lyb8gjosf0cq94jvxlivvk51y.cf/billing-update/lyb8gjosf0cq94jvxlivvk51y,93,48,0,1,11,5,1,1,0,0,1,1,0,1
https://icicibank.com/course/aiml,34,12,1,2,0,0,1,1,0,0,3,0,0,0
https://static-assets.flipkart.com/session/sajhjxqkd8ur6t?ref=491&track=1,73,28,1,1,4,3,6,3,0,1,0,0,0,0
http://verify.amazon-support.top/verify.php,42,27,0,4,0,2,2,3,0,0,1,1,0,1
http://tinyurl.com/8955xz,26,13,0,3,6,0,0,0,0,1,0,0,0,1
https://www.irctc.co.in/course/aiml,37,15,1,4,0,1,2,0,0,0,2,0,0,0
https://www.microsoft.com/user/profile,38,15,1,3,0,0,1,2,0,1,0,0,0,0
https://user-portal.stackoverflow.com/session/x1alx44paabmwuouc6t8?ref=284&track=1,84,27,1,0,11,2,5,0,0,0,0,0,0,0
https://en.github.com/blog/2024/article,40,12,1,1,2,1,1,1,0,0,0,0,0,0
https://www.amazon.com,22,13,1,0,2,0,2,3,0,0,0,0,0,0
http://netflix-account-verify-3eoj9wy57rgbfv-ypmjgd3j4zc.xyz/account-verify/3eoj9wy57rgbfv-ypmjgd3j4zc,100,52,0,0,12,7,0,0,0,0,0,1,0,1
http://account-verify.amazon-update.top/account-verify.php,56,31,0,4,1,5,0,0,0,0,3,1,0,1
https://icicibank-signin.xyz/signin,34,19,1,2,1,3,0,0,0,0,4,1,0,1
https://www.github.com/products,29,16,1,1,2,1,0,3,0,0,0,0,0,0
http://gooogle.tk/verify-confirm.html?id=80924,48,11,0,2,6,3,2,0,0,0,0,1,0,1
https://netflix-login.work/login,32,17,1,1,0,0,1,0,0,0,1,1,0,1
http://faceb00k.info/signin-confirm.html?id=35916,47,14,0,4,9,0,3,0,0,0,1,1,0,1
https://en.wikipedia.org/products,33,14,1,3,0,0,0,2,0,0,0,0,0,0
http://login.hdfcbank-secure.gq/login.php,43,24,0,5,0,0,0,0,0,0,4,1,0,1
https://www.w3schools.com/home,31,15,1,1,0,0,1,2,0,0,0,0,0,0
https://www.bbc.com/docs/api,28,11,1,0,1,0,2,0,0,0,2,0,0,0
https://static-assets.icicibank.com/session/gay37vg688u595c?ref=739&track=1,76,28,1,1,11,0,6,2,0,0,2,0,0,0
http://gooogle.club/signin-confirm.html?id=51989,46,11,0,0,4,0,3,0,0,0,2,1,0,1
https://amazon-verify.info/verify,34,16,1,0,0,3,1,0,0,0,0,1,0,1
http://130.93.106.191/billing-update/index.php?session=420273,59,16,0,3,16,3,2,4,1,0,2,0,0,1
http://amazon-confirm-password-849zhd7xbm9mikn96.cf/confirm-password/849zhd7xbm9mikn96,87,45,0,0,14,4,1,0,0,0,0,1,0,1
https://www.bbc.com/contact,27,13,1,0,0,2,0,2,0,0,1,0,0,0
http://paypa1.com/signin-confirm.html?id=86088,48,12,0,0,4,0,2,0,0,0,3,0,0,1
http://netflix-login-t1d-u0ihnbavekvqhmie33tx2bzu.club/login/t1d-u0ihnbavekvqhmie33tx2bzu,91,48,0,3,8,5,2,0,0,0,3,1,0,1
http://ow.ly/8613xz,17,5,0,0,4,0,1,0,0,1,0,0,0,1
https://netflix-bank-account.ml/bank-account,43,23,1,0,1,2,0,1,0,0,2,1,0,1
http://billing-update.icicibank-update.ml/billing-update.php,61,36,0,5,0,4,2,0,0,0,1,1,0,1
http://webscr.paypal-secure.ga/webscr.php,42,21,0,1,0,1,2,2,0,0,2,1,0,1
https://user-portal.python.org/session/7jdn80oco39vcy?ref=420&track=1,71,22,1,0,8,3,4,2,0,0,0,0,0,0
http://cutt.ly/8576xz,20,7,0,3,5,0,0,0,0,1,0,0,0,1
http://paypa1.xyz/bank-account-confirm.html?id=59545,54,10,0,0,8,0,1,0,0,0,4,1,0,1
https://docs.nytimes.com/contact,33,18,1,0,0,0,0,0,0,0,0,0,0,0
http://amazon-confirm-password-fom5vg0ykbb6yfuydynada2k4se9hcx.ga/confirm-password/fom5vg0ykbb6yfuydynada2k4se9hcx,112,57,0,3,13,6,0,0,0,0,4,1,0,1
http://verify.hdfcbank-update.tk/verify.php,45,27,0,4,1,1,0,1,0,0,2,1,0,1
https://en.flipkart.com/products,34,14,1,2,0,2,1,3,0,1,2,0,0,0
https://www.flipkart.com/contact,32,17,1,4,0,2,0,0,0,1,0,0,0,0
https://www.irctc.co.in/products,30,13,1,3,0,0,1,4,0,0,2,0,0,0
http://is.gd/3610xz,21,3,0,0,4,0,1,0,0,1,0,0,0,1
http://tinyurl.com/2416xz,26,10,0,3,2,2,0,0,0,1,2,0,0,1
http://233.100.105.110/secure/index.php?session=111889,56,13,0,6,19,1,1,3,1,0,1,0,0,1
http://bit.ly/7729xz,19,7,0,2,6,1,1,0,0,1,1,0,0,1
http://paypa1.club/account-verify-confirm.html?id=87434,55,11,0,2,6,1,2,2,0,0,2,1,0,1
http://48.210.47.102/webscr/index.php?session=326833,52,14,0,3,16,1,2,4,1,0,0,0,0,1
http://bit.ly/7190xz,21,8,0,2,3,0,0,0,0,1,0,0,0,1
https://www.w3schools.com/contact,35,17,1,0,1,0,0,1,0,0,0,0,0,0
http://ow.ly/2677xz,21,5,0,1,4,1,0,0,0,1,0,0,0,1
http://214.105.28.247/verify/index.php?session=719714,55,12,0,6,19,1,1,0,1,0,0,0,0,1
https://api-v2.amazon.com/session/6xg541mpw57gn79h?ref=638&track=1,67,15,1,0,15,0,4,0,0,0,0,0,0,0
https://www.python.org/user/profile,35,16,1,4,2,2,2,0,0,0,0,0,0,0
http://52.98.182.134/update/index.php?session=625020,53,12,0,3,16,0,1,1,1,0,3,0,0,1
https://www.linkedin.com/about,32,16,1,1,2,0,0,0,0,0,2,0,0,0
https://www.hdfcbank.com/course/aiml,36,17,1,1,2,1,0,0,0,0,2,0,0,0
https://www.linkedin.com/home,31,14,1,4,0,0,1,1,0,0,1,0,0,0
https://www.microsoft.com,25,18,1,1,0,2,0,1,0,1,0,0,0,0
https://www.google.com/blog/2024/article,39,16,1,2,4,1,0,0,0,0,0,0,0,0
https://api-v2.stackoverflow.com/session/e2xe0jdcz1oa3vf02gv?ref=903&track=1,75,25,1,4,12,3,2,2,0,0,0,0,0,0
https://www.wikipedia.org/course/aiml,37,19,1,3,0,0,0,0,0,0,0,0,0,0
https://www.nytimes.com/course/aiml,34,13,1,4,1,0,2,3,0,0,2,0,0,0
https://icicibank-login.tk/login,30,16,1,2,1,0,1,0,0,0,1,1,0,1
http://23.115.12.35/billing-update/index.php?session=543948,59,14,0,3,15,2,4,3,1,0,3,0,0,1
http://ow.ly/3920xz,18,5,0,3,6,0,0,0,0,1,1,0,0,1
https://docs.amazon.com/blog/2024/article,39,17,1,3,6,0,2,1,0,0,1,0,0,0
https://www.irctc.co.in/blog/2024/article,41,16,1,4,5,0,0,2,0,0,0,0,0,0
http://amazon-billing-update-xs5h0czpbg1ju0-49p8a9g.cf/billing-update/xs5h0czpbg1ju0-49p8a9g,94,46,0,0,15,6,0,0,0,0,0,1,0,1
https://amazon-billing-update.xyz/billing-update,50,23,1,3,1,1,0,1,0,0,3,1,0,1
https://paypal-billing-update.xyz/billing-update,49,23,1,3,2,1,2,1,0,0,0,1,0,1
https://paypal-signin.com/signin,33,15,1,0,0,2,0,2,0,0,0,0,0,1
https://www.geeksforgeeks.org/about,34,19,1,4,0,2,0,2,0,0,1,0,0,1
http://85.187.57.33/account-verify/index.php?session=690447,58,10,0,5,13,0,0,4,1,0,1,0,0,1
http://micros0ft.tk/account-verify-confirm.html?id=83222,58,12,0,1,6,0,0,1,0,0,4,1,0,1
http://102.201.51.152/bank-account/index.php?session=806530,61,16,0,6,18,0,2,2,1,0,0,0,0,1
https://geeksforgeeks.org/about,29,18,1,0,2,0,0,2,0,0,0,0,0,0
https://www.github.com/about,26,15,1,3,0,1,1,2,0,0,1,0,0,0
http://verify.hdfcbank-support.cf/verify.php,45,24,0,1,0,2,0,1,0,0,2,1,0,0
http://bank-account.amazon-support.ga/bank-account.php,53,32,0,3,0,2,2,0,0,0,2,1,0,1
http://login.amazon-secure.cf/login.php,41,21,0,1,0,0,1,2,0,0,1,1,0,1
https://hdfcbank.com,20,10,1,0,2,2,1,1,0,0,2,0,0,0
http://login.icicibank-update.club/login.php,42,26,0,2,0,0,0,3,0,0,4,1,0,1
http://amazon-bank-account-h12apnt86ez7iz9er7v1fttie7sw6iumtj.gq/bank-account/h12apnt86ez7iz9er7v1fttie7sw6iumtj,114,58,0,2,18,6,0,0,0,0,2,1,0,1
https://user-portal.irctc.co.in/session/ip11ykvubf99u?ref=490&track=1,69,22,1,5,8,2,3,3,0,0,1,0,0,0
https://geeksforgeeks.org/course/aiml,38,17,1,0,0,1,1,0,0,0,0,0,0,0
http://bit.ly/9346xz,22,5,0,0,5,0,2,0,0,1,0,0,0,1
http://paypa1.cf/secure-confirm.html?id=75821,44,10,0,0,8,0,1,0,0,0,1,1,0,1
http://login.paypal-update.cf/login.php,40,20,0,2,0,3,0,0,0,0,0,1,0,1
http://96.205.178.221/billing-update/index.php?session=75260,62,14,0,5,15,0,4,4,1,0,3,0,0,1
https://www.icicibank.com/docs/api,36,17,1,0,0,0,2,1,0,0,0,0,0,0
https://www.reddit.com/contact,30,13,1,2,0,1,0,1,0,1,0,0,0,0
http://account-verify.microsoft-update.top/account-verify.php,60,36,0,2,0,4,1,3,0,0,5,1,0,1
https://docs.google.com/docs/api,33,14,1,0,0,0,0,0,0,0,1,0,0,0
http://gooogle.cf/secure-confirm.html?id=75346,46,11,0,4,4,3,2,0,0,0,0,1,0,1
http://account-verify.paypal-secure.info/account-verify.php,59,32,0,4,1,3,0,3,0,0,3,1,0,1
http://paypa1.ga/verify-confirm.html?id=98148,45,10,0,0,5,2,0,2,0,0,2,1,0,1
https://wikipedia.org/course/aiml,33,15,1,3,0,0,0,0,0,0,2,0,0,0
https://www.irctc.co.in/contact,29,16,1,4,1,0,0,1,0,0,0,0,0,0
https://cdn.w3schools.com/session/maq3oklm?ref=669&track=1,60,19,1,0,4,2,6,1,0,0,1,0,0,0
http://gooogle.ga/confirm-password-confirm.html?id=77562,54,8,0,1,5,1,1,0,0,0,1,1,0,1
http://is.gd/6067xz,21,3,0,3,5,0,0,1,0,1,0,0,0,1
https://www.reddit.com/course/aiml,33,12,1,3,0,2,0,0,0,1,2,0,0,0
https://www.icicibank.com/home,30,15,1,3,2,0,0,2,0,0,3,0,0,0
https://user-portal.github.com/session/iry8xny2x?ref=985&track=1,66,21,1,4,4,1,3,0,0,0,0,0,0,0
http://signin.hdfcbank-update.work/signin.php,47,28,0,1,2,1,1,2,0,0,4,1,0,1
http://sbi-billing-update-rul25f277mdinusmjn8bywf1a.ml/billing-update/rul25f277mdinusmjn8bywf1a,95,47,0,3,12,5,0,1,0,0,2,1,0,1
https://www.stackoverflow.com/products,39,22,1,0,0,0,0,0,0,0,2,0,0,0
http://amaz0n.cf/signin-confirm.html?id=57878,47,8,0,1,7,1,2,2,0,0,3,1,0,1
http://account-verify.amazon-secure.ga/account-verify.php,55,30,0,4,0,1,2,0,0,0,2,1,0,1
http://secure.microsoft-secure.top/secure.php,45,29,0,5,0,0,2,0,0,0,3,1,0,1
https://user-portal.flipkart.com/session/7mhxofkcggxp?ref=171&track=1,71,25,1,0,4,3,6,3,0,1,0,0,0,0
https://docs.icicibank.com/user/profile,41,17,1,0,0,0,0,0,0,0,0,0,0,0
https://bbc.com/products,23,9,1,3,0,1,0,1,0,0,2,0,0,1
http://sbi-billing-update-1cd5zzefg6odiegrnxtlyz97jpsa.xyz/billing-update/1cd5zzefg6odiegrnxtlyz97jpsa,101,52,0,0,11,6,0,0,0,0,4,1,0,1
https://en.irctc.co.in/user/profile,35,15,1,2,1,0,0,3,0,0,0,0,0,0
https://www.mit.edu/about,24,12,1,1,0,2,0,0,0,0,0,0,0,0
https://cdn.amazon.com/session/q7jbmjm1ft07x5ic8?ref=454&track=1,64,14,1,1,8,0,4,0,0,0,2,0,0,0
https://netflix-login.ml/login,29,18,1,0,1,3,1,0,0,0,0,1,0,1
http://paypal-update-5-ixfl9mqk4zgu6x5744677d0gg4eu.ga/update/5-ixfl9mqk4zgu6x5744677d0gg4eu,91,49,0,0,25,6,0,0,0,0,3,1,0,1
http://161.217.125.109/webscr/index.php?session=801117,53,13,0,2,16,2,2,4,1,0,3,0,0,1
https://stackoverflow.com/blog/2024/article,44,18,1,0,5,1,0,1,0,0,2,0,0,0
http://amazon-webscr-vsxijam42bypgwj.work/webscr/vsxijam42bypgwj,64,36,0,0,4,4,0,1,0,0,0,1,0,1
https://www.python.org/blog/2024/article,40,14,1,3,5,2,2,1,0,0,1,0,0,0
https://www.bbc.com/course/aiml,31,11,1,3,0,0,0,1,0,0,1,0,0,0
https://www.irctc.co.in/course/aiml,36,16,1,2,2,0,0,2,0,0,0,0,0,0
http://billing-update.paypal-update.top/billing-update.php,57,34,0,4,0,2,2,0,0,0,2,1,0,1
https://geeksforgeeks.org/course/aiml,39,19,1,3,1,0,0,0,0,0,0,0,0,0
https://user-portal.sbi.co.in/session/xgcy3q69flguq2086?ref=688&track=1,71,20,1,2,13,0,4,1,0,0,1,0,0,0
https://amazon-update.cf/update,30,15,1,1,0,0,0,1,0,0,0,1,0,1
http://webscr.hdfcbank-support.info/webscr.php,47,29,0,1,0,0,0,2,0,0,4,1,0,1
http://paypa1.top/bank-account-confirm.html?id=31775,51,12,0,0,8,2,4,0,0,0,5,1,0,1
https://cdn.icicibank.com/session/0e1adnda3?ref=235&track=1,57,18,1,3,7,0,4,0,0,0,0,0,0,0
https://www.stackoverflow.com/contact,39,21,1,0,2,2,0,2,0,0,2,0,0,0
http://login.paypal-update.gq/login.php,41,24,0,2,0,0,2,0,0,0,4,1,0,1
https://www.icicibank.com/about,32,16,1,4,2,2,2,1,0,0,3,0,0,0
https://www.stackoverflow.com/home,33,23,1,3,0,1,2,0,0,0,0,0,0,0
https://www.irctc.co.in/docs/api,33,14,1,5,0,1,2,3,0,0,1,0,0,0
https://www.linkedin.com/contact,30,15,1,1,1,0,1,0,0,0,0,0,0,0
http://faceb00k.xyz/update-confirm.html?id=33289,46,10,0,2,6,2,1,0,0,0,2,1,0,1
http://amazon-account-verify-hum-32wf38856qf.club/account-verify/hum-32wf38856qf,80,42,0,2,15,5,0,0,0,0,1,1,0,1
https://netflix-webscr.xyz/webscr,32,18,1,0,0,1,0,2,0,0,0,1,0,1
https://user-portal.microsoft.com/session/ltq680cog1zn1riam?ref=675&track=1,76,23,1,4,8,0,2,3,0,1,0,0,0,0
https://www.hdfcbank.com/search?q=machine+learning,52,18,1,2,1,0,3,0,0,0,3,0,0,0
https://www.sbi.co.in/docs/api,30,12,1,3,0,2,2,2,0,0,2,0,0,0
https://w3schools.com/search?q=machine+learning,47,11,1,0,3,1,4,2,0,0,2,0,0,0
https://www.nytimes.com,23,17,1,4,0,0,2,0,0,0,0,0,0,0
http://sbi-bank-account-xz1vfbc27lls2dwhonj-hil0n.work/bank-account/xz1vfbc27lls2dwhonj-hil0n,94,48,0,0,11,5,1,0,0,0,2,1,0,1
https://docs.linkedin.com/home,29,17,1,2,0,2,0,3,0,0,0,0,0,0
https://icicibank-bank-account.ga/bank-account,48,24,1,0,0,3,2,0,0,0,2,1,0,1
https://www.flipkart.com/about,30,15,1,4,1,0,1,3,0,1,0,0,0,0
http://goo.gl/4995xz,21,7,0,2,5,2,1,0,0,1,0,0,0,1
https://www.wikipedia.org/about,30,17,1,0,1,2,0,2,0,0,2,0,0,0
http://netflix-confirm-password-4km1o4m7bq7ojc7on60068-aql.tk/confirm-password/4km1o4m7bq7ojc7on60068-aql,104,53,0,0,24,5,0,2,0,0,2,1,0,1
https://netflix-signin.com/signin,34,19,1,1,1,0,0,1,0,0,2,0,0,1
https://www.linkedin.com/contact,31,16,1,0,1,0,1,3,0,0,2,0,0,0
https://user-portal.geeksforgeeks.org/session/m6dfhg6w3stt1e?ref=178&track=1,76,31,1,4,10,0,6,3,0,0,0,0,0,0
https://icicibank-login.info/login,35,22,1,2,0,3,1,0,0,0,1,1,0,1
https://docs.nptel.ac.in/search?q=machine+learning,51,14,1,5,2,1,4,4,0,0,0,0,0,0
https://www.python.org/home,29,15,1,3,0,0,0,0,0,0,0,0,0,0
https://www.irctc.co.in/about,28,16,1,3,0,0,0,0,0,0,1,0,0,0
https://www.github.com/products,30,14,1,4,0,0,2,1,0,0,1,0,0,0
https://sbi.co.in/course/aiml,27,11,1,0,0,1,0,3,0,0,0,0,0,0
http://verify.paypal-support.work/verify.php,42,24,0,1,2,0,0,2,0,0,1,1,0,1
https://netflix-verify.xyz/verify,31,19,1,3,1,2,0,0,0,0,1,1,0,1
http://206.205.158.33/account-verify/index.php?session=770274,63,14,0,4,15,0,0,2,1,0,1,0,0,1
http://27.118.198.156/confirm-password/index.php?session=39929,60,15,0,6,18,1,4,1,1,0,3,0,0,1
https://en.nptel.ac.in,24,16,1,3,0,0,1,1,0,0,1,0,0,0
http://secure.microsoft-update.ml/secure.php,44,27,0,1,0,2,1,1,0,0,4,1,0,1
https://amazon-update.cf/update,31,16,1,3,2,0,1,1,0,0,2,1,0,1
https://netflix-login.gq/login,28,17,1,2,2,3,0,0,0,0,1,1,0,1
https://www.linkedin.com/about,28,18,1,4,1,0,0,0,0,0,1,0,0,1
http://33.217.191.100/update/index.php?session=696522,53,13,0,5,19,2,1,1,1,0,0,0,0,1
https://www.icicibank.com/blog/2024/article,41,15,1,3,2,0,0,3,0,0,3,0,0,0
http://webscr.paypal-secure.work/webscr.php,44,27,0,5,0,1,2,0,0,0,3,1,0,1
https://nptel.ac.in,19,11,1,1,1,2,0,0,0,0,1,0,0,0
https://en.bbc.com,17,9,1,1,0,2,0,3,0,0,2,0,0,0
http://bit.ly/7381xz,21,7,0,2,4,0,0,0,0,1,0,0,0,1
https://www.mit.edu,19,10,1,3,0,0,1,3,0,0,0,0,0,0
https://en.python.org/user/profile,33,15,1,3,0,0,0,1,0,0,1,0,0,0
http://webscr.icicibank-secure.work/webscr.php,44,27,0,4,0,2,0,2,0,0,1,1,0,1
http://40.141.186.185/billing-update/index.php?session=370970,61,15,0,6,16,1,2,3,1,0,4,0,0,1
https://stackoverflow.com,24,19,1,1,2,1,1,0,0,0,0,0,0,0
https://icicibank-update.work/update,36,19,1,0,0,3,0,2,0,0,1,1,0,1
https://api-v2.github.com/session/td5oaiinm?ref=331&track=1,59,16,1,0,5,2,3,1,0,0,0,0,0,0
https://amazon-webscr.info/webscr,32,19,1,1,0,0,0,1,0,0,3,1,0,1
http://paypa1.ga/secure-confirm.html?id=50641,44,9,0,3,7,3,3,2,0,0,4,1,0,1
https://paypal-verify.gq/verify,32,18,1,3,0,1,0,2,0,0,3,1,0,1
https://wikipedia.org/contact,27,12,1,0,1,0,0,1,0,0,0,0,0,0
http://account-verify.hdfcbank-secure.ga/account-verify.php,59,31,0,2,1,5,0,0,0,0,3,1,0,1
http://139.87.60.239/bank-account/index.php?session=234177,57,12,0,4,14,3,1,2,1,0,1,0,0,1
https://docs.python.org/search?q=machine+learning,47,14,1,3,0,0,2,0,0,0,0,0,0,0
http://paypa1.com/verify-confirm.html?id=4571,46,11,0,4,4,0,4,0,0,0,4,0,0,1
https://icicibank-billing-update.club/billing-update,52,29,1,1,0,3,0,0,0,0,2,1,0,1
https://www.google.com/contact,30,12,1,4,0,0,0,3,0,0,0,0,0,0
https://icicibank-bank-account.cf/bank-account,44,23,1,0,0,5,1,0,0,0,1,1,0,1
https://bbc.com/course/aiml,27,8,1,2,2,0,0,2,0,0,0,0,0,0
http://secure.hdfcbank-update.top/secure.php,46,27,0,4,1,0,0,1,0,0,3,1,0,0
https://docs.github.com/about,28,15,1,3,0,2,0,0,0,0,0,0,0,0
http://netflix-webscr-cf6030tds8ysw29f6f.tk/webscr/cf6030tds8ysw29f6f,69,37,0,3,14,4,0,0,0,0,0,1,0,1
http://paypa1.info/confirm-password-confirm.html?id=51751,58,11,0,2,7,4,0,0,0,0,4,1,0,0
https://api-v2.irctc.co.in/session/6yjmk3tg?ref=527&track=1,59,20,1,1,9,0,4,3,0,0,0,0,0,0
http://204.188.87.77/billing-update/index.php?session=570719,61,12,0,2,18,1,0,4,1,0,0,0,0,1
http://amazon-update-7z1pl6slh97cyannj8pl4m982ngeum63.ml/update/7z1pl6slh97cyannj8pl4m982ngeum63,96,50,0,0,23,2,1,0,0,0,3,1,0,1
http://paypal-verify-o9-3envsjq-ie7vb8hfg6lu8qkhel81.club/verify/o9-3envsjq-ie7vb8hfg6lu8qkhel81,98,49,0,0,14,7,2,0,0,0,1,1,0,1
https://cdn.google.com/session/lgxzj9mj9xxlb57?ref=852&track=1,60,12,1,0,6,2,2,0,0,0,0,0,0,0
https://www.github.com/home,27,16,1,0,1,0,2,3,0,0,2,0,0,0
https://en.github.com/contact,30,11,1,4,0,1,1,0,0,0,0,0,0,1
https://netflix-confirm-password.xyz/confirm-password,54,28,1,0,0,3,0,2,0,0,1,1,0,1
https://cdn.irctc.co.in/session/lvhs21hd4?ref=624&track=1,57,13,1,3,9,2,3,2,0,0,0,0,0,0
http://paypal-confirm-password-z-roe29bq1l80tiywnj9f724-4796efzwm.top/confirm-password/z-roe29bq1l80tiywnj9f724-4796efzwm,122,61,0,0,26,7,2,0,0,0,2,1,0,1
https://flipkart.com/products,27,13,1,0,0,0,0,1,0,1,1,0,0,0
http://signin.hdfcbank-secure.xyz/signin.php,44,25,0,5,1,1,1,0,0,0,4,1,0,1
http://verify.hdfcbank-secure.work/verify.php,43,28,0,2,1,3,2,3,0,0,5,1,0,1
https://www.hdfcbank.com,26,15,1,3,0,1,0,2,0,0,3,0,0,0
http://login.icicibank-support.cf/login.php,45,27,0,2,2,0,0,0,0,0,3,1,0,1
https://en.bbc.com/home,23,10,1,3,0,1,2,3,0,0,0,0,0,0
http://sbi-verify-9ne4xmwg-ay23e2c4pp5ru391xd95ayuf.top/verify/9ne4xmwg-ay23e2c4pp5ru391xd95ayuf,97,47,0,0,26,4,1,2,0,0,3,1,0,1
http://gooogle.gq/update-confirm.html?id=99530,45,8,0,3,6,0,1,2,0,0,1,1,0,1
http://amazon-update-4unam103l4j0wyjy8bsrbaj4al7eka2w3u.tk/update/4unam103l4j0wyjy8bsrbaj4al7eka2w3u,99,53,0,0,20,2,2,1,0,0,3,1,0,1
https://www.icicibank.com/products,33,16,1,2,2,2,0,2,0,0,0,0,0,0
http://faceb00k.gq/bank-account-confirm.html?id=82156,55,13,0,3,9,2,3,2,0,0,2,1,0,1
http://sbi-billing-update-8lzo0e3v2y28poj-3si6.info/billing-update/8lzo0e3v2y28poj-3si6,88,46,0,2,14,8,1,2,0,0,2,1,0,1
https://www.icicibank.com/home,32,17,1,0,2,0,0,2,0,0,0,0,0,0
https://docs.mit.edu/blog/2024/article,36,10,1,2,2,2,0,0,0,0,2,0,0,0
https://docs.python.org/user/profile,37,15,1,1,1,0,0,0,0,0,0,0,0,0
http://162.6.200.203/signin/index.php?session=354885,50,15,0,6,15,0,0,3,1,0,0,0,0,1
https://www.icicibank.com/course/aiml,38,17,1,3,0,0,0,2,0,0,1,0,0,0
http://login.amazon-support.top/login.php,40,26,0,2,0,0,0,1,0,0,2,1,0,1
https://amazon-update.xyz/update,33,16,1,0,2,2,2,2,0,0,1,1,0,1
http://sbi-bank-account-phjegxeyeb-11zei9v.tk/bank-account/phjegxeyeb-11zei9v,78,40,0,1,7,7,0,1,0,0,3,1,0,1
http://verify.amazon-update.work/verify.php,45,24,0,1,1,3,1,2,0,0,0,1,0,1
http://amaz0n.ga/webscr-confirm.html?id=84814,47,8,0,4,5,3,1,0,0,0,1,1,0,1
http://34.186.112.192/bank-account/index.php?session=176719,59,12,0,3,17,0,2,4,1,0,1,0,0,1
https://www.icicibank.com/search?q=machine+learning,53,17,1,3,1,0,2,3,0,0,3,0,0,0
http://5.57.104.99/webscr/index.php?session=432101,49,13,0,4,12,0,3,1,1,0,0,0,0,1
http://244.230.124.127/confirm-password/index.php?session=405375,62,17,0,4,20,0,2,2,1,0,0,0,0,1
https://amazon-signin.work/signin,32,20,1,3,2,1,0,2,0,0,1,1,0,1
https://www.nptel.ac.in/home,27,13,1,4,0,1,0,4,0,0,1,0,0,0
https://en.wikipedia.org/products,35,18,1,2,2,0,0,3,0,0,0,0,0,0
https://icicibank-webscr.info/webscr,36,21,1,2,2,2,0,1,0,0,3,1,0,1
http://paypa1.ml/confirm-password-confirm.html?id=61709,54,7,0,1,8,2,4,2,0,0,1,1,0,1
http://tinyurl.com/2578xz,26,9,0,0,2,2,0,1,0,1,0,0,0,1
http://amazon-bank-account-vidce85ahjozsk9oyshkknnaeo0253.gq/bank-account/vidce85ahjozsk9oyshkknnaeo0253,106,54,0,1,16,5,2,0,0,0,1,1,0,1
https://www.linkedin.com/course/aiml,35,14,1,0,0,0,2,1,0,0,2,0,0,0
http://bank-account.amazon-update.gq/bank-account.php,55,31,0,4,1,1,1,3,0,0,1,1,0,1
https://amazon-webscr.top/webscr,33,16,1,3,0,2,0,0,0,0,1,1,0,1
https://docs.stackoverflow.com/docs/api,41,22,1,0,0,0,0,0,0,0,0,0,0,0
https://docs.bbc.com/about,27,11,1,0,2,0,0,3,0,0,1,0,0,0
https://static-assets.microsoft.com/session/jl9vt3x8ve00h2k2p3aj?ref=403&track=1,81,26,1,1,14,0,3,2,0,1,1,0,0,0
https://docs.irctc.co.in/course/aiml,36,17,1,3,0,0,0,1,0,0,2,0,0,1
https://docs.w3schools.com/search?q=machine+learning,51,16,1,2,0,2,1,2,0,0,0,0,0,0
https://www.microsoft.com,26,16,1,2,0,0,0,3,0,1,0,0,0,0
https://static-assets.microsoft.com/session/pxu7b6nbhgfb2?ref=506&track=1,73,25,1,2,5,0,6,2,0,1,2,0,0,1
http://205.9.244.155/signin/index.php?session=726397,51,14,0,3,16,2,2,3,1,0,0,0,0,1
https://www.nptel.ac.in/docs/api,30,15,1,2,0,2,0,4,0,0,0,0,0,0
https://paypal-confirm-password.club/confirm-password,52,30,1,3,0,4,0,0,0,0,2,1,0,1
https://docs.microsoft.com/contact,32,20,1,4,0,0,0,2,0,1,0,0,0,0
https://nytimes.com/contact,25,13,1,3,0,2,0,2,0,0,0,0,0,0
https://static-assets.linkedin.com/session/2kxsjzsb6zwkh?ref=961&track=1,74,27,1,2,7,1,3,0,0,0,1,0,0,0
https://www.icicibank.com/docs/api,32,16,1,3,0,1,0,1,0,0,0,0,0,0
https://en.w3schools.com/course/aiml,34,14,1,4,0,0,0,3,0,0,1,0,0,0
https://www.bbc.com/about,23,11,1,0,1,0,1,1,0,0,0,0,0,0
http://tinyurl.com/1503xz,23,13,0,0,5,0,0,2,0,1,0,0,0,1
http://secure.hdfcbank-secure.xyz/secure.php,46,27,0,4,0,3,0,0,0,0,4,1,0,1
https://www.stackoverflow.com/home,36,23,1,3,0,0,0,0,0,0,0,0,0,0
http://micros0ft.cf/verify-confirm.html?id=8346,45,11,0,0,3,3,4,0,0,0,4,1,0,1
https://www.microsoft.com/search?q=machine+learning,50,16,1,3,0,0,4,0,0,1,2,0,0,0
http://paypa1.top/bank-account-confirm.html?id=44446,53,10,0,4,8,0,1,0,0,0,3,1,0,1
https://mit.edu/docs/api,25,8,1,1,0,2,1,0,0,0,1,0,0,0
https://docs.geeksforgeeks.org/search?q=machine+learning,54,20,1,4,1,0,4,2,0,0,0,0,0,0
https://cdn.python.org/session/tcyl3z2ud79zt?ref=926&track=1,59,13,1,3,8,0,3,3,0,0,0,0,0,0
https://microsoft.com/about,26,12,1,0,2,0,0,0,0,1,0,0,0,0
http://account-verify.amazon-support.top/account-verify.php,61,33,0,3,0,5,0,3,0,0,1,1,0,0
https://www.bbc.com/user/profile,34,12,1,4,1,0,0,2,0,0,0,0,0,1
http://paypal-bank-account-k9xlomyrwlifnnu4yv9m1ls8d.cf/bank-account/k9xlomyrwlifnnu4yv9m1ls8d,93,46,0,2,9,4,0,1,0,0,4,1,0,1
http://bank-account.hdfcbank-update.ml/bank-account.php,53,30,0,1,0,3,0,1,0,0,5,1,0,1
http://46.117.99.158/signin/index.php?session=555919,51,14,0,6,17,1,3,2,1,0,1,0,0,1
https://www.flipkart.com/docs/api,31,15,1,4,2,0,2,3,0,1,2,0,0,0
http://update.paypal-support.club/update.php,42,25,0,4,2,3,0,1,0,0,1,1,0,1
http://72.148.91.42/update/index.php?session=142315,52,13,0,4,13,0,4,1,1,0,1,0,0,1
http://verify.amazon-support.tk/verify.php,44,26,0,1,0,0,0,2,0,0,3,1,0,1
https://www.w3schools.com,23,15,1,3,0,0,0,0,0,0,2,0,0,0
https://static-assets.linkedin.com/session/jy2nz7vel?ref=871&track=1,69,24,1,4,5,2,2,3,0,0,0,0,0,0
https://irctc.co.in/products,27,13,1,3,2,1,0,2,0,0,0,0,0,0
http://sbi-update-dw9i-7-sfi41m96ya.cf/update/dw9i-7-sfi41m96ya,61,31,0,3,12,7,1,0,0,0,0,1,0,1
http://bit.ly/8269xz,20,6,0,0,2,0,1,0,0,1,1,0,0,1
https://netflix-login.top/login,30,15,1,2,0,2,0,0,0,0,2,1,0,1
http://verify.paypal-support.tk/verify.php,43,25,0,4,0,2,0,3,0,0,2,1,0,1
https://wikipedia.org/search?q=machine+learning,47,11,1,3,0,2,0,0,0,0,2,0,0,0
https://icicibank-login.tk/login,32,19,1,0,0,2,0,0,0,0,2,1,0,1
http://account-verify.paypal-secure.top/account-verify.php,60,32,0,1,0,4,1,0,0,0,4,1,0,1
http://bank-account.amazon-secure.cf/bank-account.php,55,29,0,2,2,4,0,2,0,0,2,1,0,1
https://en.stackoverflow.com/docs/api,39,21,1,4,2,1,0,0,0,0,0,0,0,0
https://www.python.org/docs/api,29,14,1,2,1,0,0,2,0,0,2,0,0,0
https://netflix-update.com/update,31,18,1,0,0,1,1,0,0,0,2,0,0,1
https://api-v2.microsoft.com/session/527psqzn7xbvzr6kf?ref=715&track=1,71,22,1,1,11,1,6,1,0,1,0,0,0,0
http://paypa1.com/bank-account-confirm.html?id=56462,51,9,0,4,8,3,1,1,0,0,2,0,0,1
https://mit.edu/user/profile,27,8,1,3,0,0,0,1,0,0,2,0,0,0
http://gooogle.cf/signin-confirm.html?id=87449,45,9,0,0,7,1,4,1,0,0,3,1,0,1
http://login.amazon-support.ga/login.php,39,24,0,3,0,0,0,2,0,0,2,1,0,1
https://icicibank.com/contact,30,12,1,3,0,0,2,1,0,0,0,0,0,0
http://253.14.236.229/login/index.php?session=479145,52,16,0,2,16,0,2,1,1,0,2,0,0,1
https://netflix-login.ml/login,30,18,1,0,0,3,0,1,0,0,3,1,0,1
https://www.icicibank.com/blog/2024/article,44,16,1,4,4,1,0,1,0,0,3,0,0,0
http://goo.gl/5039xz,21,6,0,0,6,0,1,2,0,1,1,0,0,1
http://75.159.217.146/webscr/index.php?session=137974,52,13,0,2,17,1,0,2,1,0,0,0,0,1
http://184.171.146.153/update/index.php?session=363009,54,17,0,5,18,0,3,3,1,0,1,0,0,1
https://amazon-confirm-password.club/confirm-password,53,30,1,3,1,1,1,0,0,0,3,1,0,1
https://icicibank-update.tk/update,33,20,1,1,1,0,0,0,0,0,2,1,0,1
http://cutt.ly/7867xz,22,8,0,3,6,0,0,1,0,1,2,0,0,1
http://netflix-account-verify-ej92p193tfr34d70cjbnuwigrk.top/account-verify/ej92p193tfr34d70cjbnuwigrk,103,52,0,0,17,2,0,2,0,0,0,1,0,1
https://www.geeksforgeeks.org/home,34,21,1,1,1,2,0,0,0,0,2,0,0,0
https://www.irctc.co.in/docs/api,32,16,1,2,0,0,0,4,0,0,2,0,0,0
http://faceb00k.com/account-verify-confirm.html?id=95375,58,13,0,4,7,4,1,2,0,0,5,0,0,1
http://sbi-signin-aadv-19nm9h285t.info/signin/aadv-19nm9h285t,63,32,0,1,10,5,2,0,0,0,3,1,0,1
http://bank-account.paypal-secure.tk/bank-account.php,53,28,0,3,2,2,0,3,0,0,3,1,0,1
http://bank-account.icicibank-support.cf/bank-account.php,55,35,0,5,1,4,0,0,0,0,4,1,0,1
http://tinyurl.com/9209xz,23,12,0,1,3,0,1,0,0,1,0,0,0,1
http://billing-update.hdfcbank-update.ml/billing-update.php,57,33,0,3,1,1,2,0,0,0,1,1,0,1
https://icicibank-bank-account.info/bank-account,50,25,1,0,2,4,2,0,0,0,1,1,0,1
https://www.mit.edu/contact,25,9,1,0,0,0,0,0,0,0,0,0,0,0
https://github.com/home,24,9,1,0,0,0,2,0,0,0,0,0,0,0
http://webscr.hdfcbank-update.xyz/webscr.php,43,27,0,2,2,0,2,3,0,0,2,1,0,1
https://api-v2.google.com/session/1eipicerhnxi09p5e?ref=759&track=1,68,19,1,2,11,0,2,0,0,0,0,0,0,0
http://amaz0n.ga/bank-account-confirm.html?id=27942,49,7,0,0,4,3,1,1,0,0,3,1,0,1
https://en.flipkart.com/about,29,16,1,2,1,1,0,2,0,1,2,0,0,0
http://89.103.58.8/update/index.php?session=213887,49,11,0,5,13,1,2,1,1,0,3,0,0,1
http://106.61.197.97/confirm-password/index.php?session=453494,61,13,0,3,15,0,2,4,1,0,4,0,0,1
https://www.python.org/docs/api,33,13,1,3,0,1,0,0,0,0,0,0,0,0
http://cutt.ly/4172xz,20,8,0,0,5,0,0,1,0,1,1,0,0,1
https://paypal-bank-account.cf/bank-account,42,24,1,0,2,5,0,0,0,0,2,1,0,0
https://www.nytimes.com/home,29,17,1,1,2,0,1,1,0,0,1,0,0,0
https://bbc.com,14,7,1,3,2,0,1,0,0,0,1,0,0,0
https://www.mit.edu/docs/api,27,10,1,3,1,0,0,1,0,0,0,0,0,0
http://sbi-account-verify-e9xpu57u26vutv4x-1dpimsb0o6-gmucj.ml/account-verify/e9xpu57u26vutv4x-1dpimsb0o6-gmucj,110,54,0,0,19,6,0,0,0,0,3,1,0,1
https://icicibank-signin.tk/signin,33,20,1,3,0,0,2,2,0,0,2,1,0,1
https://paypal-secure.info/secure,35,16,1,3,0,3,2,0,0,0,0,1,0,1
http://bit.ly/1088xz,19,5,0,0,3,0,0,0,0,1,2,0,0,1
https://netflix-secure.xyz/secure,31,19,1,1,2,3,0,1,0,0,3,1,0,1
http://paypal-confirm-password-w1yxyvtx7porbt66seb.gq/confirm-password/w1yxyvtx7porbt66seb,91,46,0,3,9,2,0,0,0,0,2,1,0,1
http://amazon-webscr-68gpcrk54oqpozdwfd-krm53hmefg.work/webscr/68gpcrk54oqpozdwfd-krm53hmefg,90,49,0,2,10,2,2,1,0,0,0,1,0,1
https://static-assets.microsoft.com/session/wr2liu7cm600x28p?ref=328&track=1,75,27,1,4,13,3,6,3,0,1,2,0,0,0
http://amazon-account-verify-ix9y28cppp-mnls-8.gq/account-verify/ix9y28cppp-mnls-8,84,43,0,0,9,10,2,0,0,0,0,1,0,1
https://www.hdfcbank.com/docs/api,34,16,1,4,1,2,0,0,0,0,0,0,0,0
https://api-v2.mit.edu/session/exw8l85je6k9wam0?ref=280&track=1,62,16,1,1,12,0,5,3,0,0,0,0,0,0
https://api-v2.hdfcbank.com/session/dpehcyou2?ref=698&track=1,59,20,1,1,4,0,2,1,0,0,3,0,0,0
http://paypal-verify-idzsex-bpbcd12s9-d952.info/verify/idzsex-bpbcd12s9-d952,78,41,0,0,14,5,0,0,0,0,3,1,0,1
http://110.221.152.6/confirm-password/index.php?session=433371,63,15,0,3,17,0,4,2,1,0,2,0,0,1
https://en.wikipedia.org/course/aiml,38,17,1,0,2,0,0,0,0,0,1,0,0,0
http://secure.microsoft-update.top/secure.php,47,29,0,5,0,1,0,2,0,0,4,1,0,1
https://www.sbi.co.in/contact,28,13,1,4,2,0,0,3,0,0,0,0,0,1
http://secure.hdfcbank-support.top/secure.php,44,29,0,2,1,3,0,0,0,0,0,1,0,1
http://83.194.125.198/account-verify/index.php?session=714139,61,16,0,4,19,2,2,1,1,0,4,0,0,1
https://www.linkedin.com/contact,32,18,1,4,2,0,0,0,0,0,2,0,0,0
https://docs.geeksforgeeks.org/user/profile,42,20,1,1,0,1,0,3,0,0,0,0,0,0
http://sbi-account-verify-cca0xpngm0zzc1nwaq-4fa3m3i1doxr22k.ml/account-verify/cca0xpngm0zzc1nwaq-4fa3m3i1doxr22k,113,56,0,0,17,5,2,0,0,0,3,1,0,1
http://faceb00k.info/confirm-password-confirm.html?id=84182,57,14,0,4,5,3,0,0,0,0,0,1,0,1
https://docs.flipkart.com/home,29,17,1,1,2,0,0,3,0,1,0,0,0,1
https://api-v2.microsoft.com/session/52s8u8zf0p7kb?ref=354&track=1,65,20,1,0,11,0,6,0,0,1,0,0,0,0
https://www.google.com/blog/2024/article,38,16,1,2,5,0,0,1,0,0,1,0,0,0
https://docs.amazon.com/course/aiml,36,16,1,0,1,0,1,3,0,0,2,0,0,0
http://amaz0n.ga/verify-confirm.html?id=54126,43,8,0,4,7,2,3,0,0,0,2,1,0,1
https://docs.hdfcbank.com/user/profile,36,16,1,0,2,0,0,3,0,0,3,0,0,0
http://tinyurl.com/1321xz,23,12,0,2,2,1,0,0,0,1,1,0,0,1
https://python.org/products,28,10,1,2,0,0,0,0,0,0,0,0,0,0
http://account-verify.icicibank-support.cf/account-verify.php,63,33,0,4,1,2,2,0,0,0,2,1,0,1
https://www.flipkart.com/contact,33,14,1,1,1,2,2,2,0,1,2,0,0,0
https://www.nytimes.com/products,32,14,1,2,0,0,2,2,0,0,2,0,0,1
http://220.59.12.38/signin/index.php?session=106836,50,12,0,5,16,0,4,0,1,0,0,0,0,1
https://user-portal.irctc.co.in/session/80yir02m?ref=774&track=1,62,23,1,5,7,0,3,3,0,0,0,0,0,0
https://netflix-update.ml/update,30,16,1,0,0,1,0,2,0,0,2,1,0,1
http://sbi-confirm-password-u2na-1ds2bhrnmrl.work/confirm-password/u2na-1ds2bhrnmrl,81,44,0,2,6,5,1,2,0,0,0,1,0,1
https://docs.bbc.com/products,28,14,1,2,0,0,0,0,0,0,0,0,0,0
https://cdn.geeksforgeeks.org/session/bjeqvviaa2uaqe8?ref=646&track=1,68,20,1,1,8,0,5,0,0,0,0,0,0,0
https://user-portal.sbi.co.in/session/lhw4oq0pfrr?ref=289&track=1,66,23,1,1,7,0,2,0,0,0,0,0,0,0
https://www.github.com/about,28,12,1,2,1,2,0,0,0,0,0,0,0,0
https://netflix-confirm-password.com/confirm-password,54,28,1,0,0,1,0,0,0,0,3,0,0,1
http://gooogle.com/secure-confirm.html?id=70646,48,11,0,2,5,2,1,0,0,0,4,0,0,1
https://www.amazon.com/search?q=machine+learning,49,12,1,1,0,0,2,1,0,0,0,0,0,0
http://login.icicibank-secure.ga/login.php,40,23,0,3,1,3,0,2,0,0,2,1,0,1
http://55.157.171.100/confirm-password/index.php?session=202821,63,16,0,3,15,2,0,2,1,0,4,0,0,1
http://cutt.ly/5433xz,21,5,0,0,2,2,0,2,0,1,0,0,0,1
https://en.sbi.co.in/home,25,11,1,2,1,1,0,1,0,0,0,0,0,0
http://amazon-verify-fd8a6b3pdf87jmg7.gq/verify/fd8a6b3pdf87jmg7,62,34,0,3,14,4,0,1,0,0,2,1,0,1
https://www.python.org/products,30,16,1,1,0,0,0,2,0,0,0,0,0,0
http://157.32.102.146/bank-account/index.php?session=974081,60,15,0,2,16,2,4,2,1,0,1,0,0,1
http://148.122.167.164/signin/index.php?session=163774,55,16,0,2,18,0,3,4,1,0,0,0,0,1
http://t.co/5079xz,16,2,0,1,2,2,0,0,0,1,0,0,0,0
https://netflix-bank-account.club/bank-account,47,23,1,0,0,4,0,0,0,0,0,1,0,1
https://www.linkedin.com/course/aiml,37,16,1,2,0,2,0,0,0,0,0,0,0,0
https://netflix-secure.ml/secure,30,19,1,2,0,0,2,0,0,0,0,1,0,1
http://ow.ly/1858xz,19,3,0,3,6,0,1,1,0,1,2,0,0,1
https://python.org,16,9,1,1,2,0,2,2,0,0,0,0,0,0
https://user-portal.google.com/session/ct49lny2svho?ref=423&track=1,66,22,1,3,5,2,3,0,0,0,0,0,0,0
https://www.google.com/blog/2024/article,39,15,1,3,5,0,1,1,0,0,0,0,0,0
http://245.204.188.72/secure/index.php?session=128678,55,13,0,6,18,0,3,1,1,0,1,0,0,1
http://verify.icicibank-update.info/verify.php,47,26,0,4,1,0,2,0,0,0,5,1,0,1
https://cdn.mit.edu/session/bxvq6bkad?ref=716&track=1,54,10,1,4,5,0,4,2,0,0,0,0,0,0
https://www.stackoverflow.com/course/aiml,43,23,1,4,0,0,1,3,0,0,0,0,0,0
http://tinyurl.com/7939xz,24,9,0,0,6,0,2,0,0,1,2,0,0,1
https://www.wikipedia.org/blog/2024/article,42,16,1,4,2,2,0,0,0,0,0,0,0,0
http://confirm-password.hdfcbank-secure.club/confirm-password.php,65,38,0,2,1,2,1,1,0,0,4,1,0,1
https://www.reddit.com,24,12,1,0,0,1,1,0,0,1,0,0,0,0
https://www.amazon.com/search?q=machine+learning,47,12,1,1,1,2,1,3,0,0,2,0,0,0
http://amaz0n.cf/verify-confirm.html?id=92249,45,11,0,0,5,1,3,2,0,0,2,1,0,1
http://151.98.101.197/update/index.php?session=169106,52,16,0,6,16,1,4,0,1,0,0,0,0,1
http://paypal-confirm-password-p75uhv-qpo4t-2aaz1a2v-q3s2ts180q.ga/confirm-password/p75uhv-qpo4t-2aaz1a2v-q3s2ts180q,116,60,0,0,23,10,0,1,0,0,3,1,0,1
https://en.geeksforgeeks.org/user/profile,42,18,1,0,1,0,0,3,0,0,0,0,0,0
https://www.nytimes.com/docs/api,33,15,1,0,0,0,1,3,0,0,0,0,0,0
https://www.github.com/products,30,16,1,3,0,0,1,3,0,0,2,0,0,0
https://www.wikipedia.org/search?q=machine+learning,50,18,1,4,1,0,1,0,0,0,2,0,0,0
https://www.icicibank.com/docs/api,35,19,1,3,0,0,0,0,0,0,2,0,0,0
http://paypa1.ml/verify-confirm.html?id=82458,43,9,0,1,7,3,0,2,0,0,1,1,0,1
http://amaz0n.work/signin-confirm.html?id=62867,48,10,0,2,5,0,0,0,0,0,0,1,0,1
http://118.210.232.139/billing-update/index.php?session=886261,63,13,0,2,17,0,4,3,1,0,3,0,0,1
http://signin.icicibank-update.top/signin.php,45,29,0,1,0,3,0,1,0,0,3,1,0,1
https://www.python.org/search?q=machine+learning,47,12,1,1,0,0,0,2,0,0,0,0,0,0
https://www.nptel.ac.in,24,17,1,5,0,1,0,4,0,0,2,0,0,0
http://paypal-signin-5s5fw11s4fduo73qzqr2n.club/signin/5s5fw11s4fduo73qzqr2n,76,38,0,3,15,4,2,2,0,0,3,1,0,1
https://www.icicibank.com/contact,31,17,1,0,0,2,0,1,0,0,3,0,0,0
https://icicibank-billing-update.cf/billing-update,50,26,1,1,0,4,1,2,0,0,2,1,0,1
http://faceb00k.club/billing-update-confirm.html?id=12049,59,13,0,0,7,4,2,0,0,0,2,1,0,1
https://docs.python.org/search?q=machine+learning,49,17,1,4,0,2,0,2,0,0,0,0,0,0
http://is.gd/6406xz,20,3,0,0,4,1,2,0,0,1,0,0,0,1
http://is.gd/3808xz,21,4,0,0,6,2,2,2,0,1,2,0,0,1
https://api-v2.github.com/session/autjx6ewxqpf0qps?ref=716&track=1,64,19,1,4,7,3,3,0,0,0,0,0,0,0
http://tinyurl.com/8019xz,26,9,0,0,2,2,0,0,0,1,0,0,0,1
https://www.wikipedia.org/home,31,18,1,4,0,0,0,1,0,0,2,0,0,0
http://cutt.ly/3689xz,21,8,0,0,5,0,0,0,0,1,0,0,0,1
http://update.paypal-support.xyz/update.php,45,27,0,5,0,0,0,3,0,0,3,1,0,1
https://www.amazon.com,24,12,1,1,0,0,0,2,0,0,0,0,0,0
https://docs.google.com/about,31,16,1,2,1,1,0,3,0,0,2,0,0,0
http://amazon-confirm-password-5s9t7aieizt4k0ewzymkx-k.top/confirm-password/5s9t7aieizt4k0ewzymkx-k,100,50,0,2,9,6,0,2,0,0,0,1,0,1
https://www.nytimes.com/docs/api,34,13,1,4,2,0,1,0,0,0,1,0,0,0
http://confirm-password.hdfcbank-secure.ga/confirm-password.php,63,33,0,2,0,5,1,1,0,0,5,1,0,1
https://www.geeksforgeeks.org/course/aiml,42,22,1,1,0,0,2,0,0,0,0,0,0,0
https://static-assets.linkedin.com/session/6819y207merbyea?ref=556&track=1,72,24,1,0,11,0,3,2,0,0,1,0,0,0
https://amazon.com,19,11,1,2,2,2,0,0,0,0,0,0,0,0
http://netflix-login-nz52vjx6f2qml6mrt9ehu4hgjz.gq/login/nz52vjx6f2qml6mrt9ehu4hgjz,81,44,0,1,13,4,0,1,0,0,3,1,0,1
https://www.icicibank.com/course/aiml,37,16,1,4,1,1,1,3,0,0,2,0,0,0
https://user-portal.linkedin.com/session/3omd4poru09bos076?ref=337&track=1,75,23,1,0,13,0,2,1,0,0,1,0,0,0
https://static-assets.github.com/session/0mqoq4kre?ref=841&track=1,66,22,1,2,5,0,5,1,0,0,0,0,0,0
https://docs.github.com/docs/api,33,13,1,2,0,0,1,0,0,0,2,0,0,0
https://en.python.org/home,24,13,1,3,0,2,2,1,0,0,0,0,0,0
https://www.w3schools.com/products,34,19,1,1,2,2,2,1,0,0,1,0,0,0
https://docs.bbc.com/blog/2024/article,37,11,1,0,5,0,0,0,0,0,2,0,0,0
https://docs.python.org/search?q=machine+learning,48,14,1,4,0,0,4,2,0,0,2,0,0,0
https://irctc.co.in/search?q=machine+learning,47,10,1,3,0,2,0,1,0,0,0,0,0,0
http://amaz0n.xyz/secure-confirm.html?id=97112,44,11,0,0,6,0,3,1,0,0,1,1,0,1
https://api-v2.mit.edu/session/xodlctt058cui?ref=916&track=1,59,13,1,3,8,0,6,0,0,0,0,0,0,0
https://en.nptel.ac.in/search?q=machine+learning,50,13,1,1,1,1,1,1,0,0,0,0,0,0
http://amaz0n.ga/bank-account-confirm.html?id=35552,49,11,0,0,4,1,3,0,0,0,1,1,0,1
http://paypal-update--uw9qexyfzihzv0gmffphl-5w7w.info/update/-uw9qexyfzihzv0gmffphl-5w7w,90,47,0,3,7,5,2,2,0,0,3,1,0,1
http://goo.gl/3805xz,21,7,0,0,3,0,0,0,0,1,1,0,0,0
https://www.icicibank.com/about,30,15,1,4,0,1,2,3,0,0,2,0,0,0
https://stackoverflow.com/about,30,18,1,0,1,2,1,1,0,0,0,0,0,0
https://www.microsoft.com/about,32,16,1,2,1,0,1,1,0,1,0,0,0,0
http://4.230.167.64/webscr/index.php?session=425974,49,13,0,2,14,2,2,3,1,0,2,0,0,1
http://cutt.ly/2902xz,19,8,0,0,6,2,2,1,0,1,1,0,0,1
https://cdn.python.org/session/dfwa88d0mzhrupflfcyw?ref=121&track=1,66,12,1,0,8,0,6,0,0,0,0,0,0,0
https://en.python.org/about,26,14,1,1,0,0,0,0,0,0,2,0,0,0
https://www.google.com/blog/2024/article,41,16,1,0,2,0,0,1,0,0,0,0,0,0
https://docs.microsoft.com/user/profile,39,18,1,3,1,2,0,3,0,1,1,0,0,0
https://cdn.linkedin.com/session/slomeyl6ss1a2r?ref=397&track=1,62,16,1,2,8,0,3,0,0,0,1,0,0,0
https://en.flipkart.com/course/aiml,35,14,1,4,0,0,2,2,0,1,1,0,0,0
https://api-v2.icicibank.com/session/rvscyozpnam?ref=556&track=1,66,21,1,4,3,1,3,0,0,0,0,0,0,0
https://www.nytimes.com/search?q=machine+learning,48,16,1,2,0,2,4,0,0,0,0,0,0,0
https://docs.hdfcbank.com/home,31,17,1,3,1,2,0,2,0,0,1,0,0,0
https://static-assets.mit.edu/session/me6p4np00nqohn3dg60e?ref=223&track=1,74,20,1,2,13,0,3,0,0,0,2,0,0,0
http://62.185.53.201/verify/index.php?session=167606,54,15,0,6,14,0,4,2,1,0,2,0,0,1
http://222.110.211.149/secure/index.php?session=689438,53,14,0,6,19,0,2,1,1,0,0,0,0,1
http://netflix-secure-fg2q9rylelcbck-d754j.ml/secure/fg2q9rylelcbck-d754j,72,38,0,3,11,4,0,0,0,0,3,1,0,1
http://update.hdfcbank-update.top/update.php,42,27,0,1,2,3,1,3,0,0,4,1,0,1
https://www.nytimes.com/home,26,15,1,0,2,1,0,3,0,0,0,0,0,0
http://paypa1.gq/login-confirm.html?id=16343,45,10,0,0,7,3,0,1,0,0,1,1,0,1
http://netflix-login-cxhj5xvqr5tw6s64rh6u4wwbqe.ml/login/cxhj5xvqr5tw6s64rh6u4wwbqe,84,41,0,1,14,1,0,0,0,0,1,1,0,1
https://en.mit.edu/blog/2024/article,38,9,1,4,5,0,0,3,0,0,0,0,0,0
https://amazon-webscr.xyz/webscr,32,18,1,2,1,3,1,0,0,0,2,1,0,1
https://google.com,18,8,1,0,0,0,1,1,0,0,0,0,0,0
https://www.sbi.co.in/docs/api,29,12,1,4,2,2,0,0,0,0,0,0,0,0
https://docs.sbi.co.in/docs/api,31,15,1,3,1,0,1,4,0,0,0,0,0,0
https://stackoverflow.com,24,16,1,3,0,2,0,0,0,0,1,0,0,0
https://user-portal.python.org/session/fo0vyhfjlwss?ref=337&track=1,68,21,1,0,4,2,5,0,0,0,1,0,0,0
http://ow.ly/8023xz,17,7,0,1,3,0,1,1,0,1,0,0,0,1
http://t.co/8673xz,16,2,0,2,6,0,0,1,0,1,2,0,0,1
https://netflix-confirm-password.com/confirm-password,55,26,1,2,1,5,0,0,0,0,3,0,0,1
http://100.97.9.79/billing-update/index.php?session=509091,58,12,0,6,12,0,1,3,1,0,3,0,0,1
http://micros0ft.info/signin-confirm.html?id=7234,51,14,0,4,3,0,4,1,0,0,3,1,0,1
https://www.bbc.com/contact,27,10,1,3,0,0,0,0,0,0,2,0,0,0
https://amazon-confirm-password.ga/confirm-password,50,24,1,3,0,4,0,0,0,0,0,1,0,1
http://amazon-signin-bgvaynm1alredt2v.cf/signin/bgvaynm1alredt2v,63,35,0,2,6,4,0,0,0,0,2,1,0,1
http://tinyurl.com/4265xz,26,10,0,2,2,0,2,0,0,1,0,0,0,1
http://goo.gl/9301xz,20,4,0,1,3,0,0,2,0,1,0,0,0,1
http://gooogle.xyz/billing-update-confirm.html?id=3772,54,9,0,4,2,4,2,2,0,0,3,1,0,1
http://signin.paypal-secure.work/signin.php,42,23,0,5,2,3,0,3,0,0,4,1,0,1
https://www.irctc.co.in/home,30,16,1,5,0,0,0,2,0,0,2,0,0,0
